time,x,y,z,yaw_deg,onboard_gate_id,onboard_active_gate_id,onboard_phase,referee_active_gate_id,target_name,target_x,target_y,target_z,distance_to_gate,bearing_error,vertical_error,command_source,command_surge,command_sway,command_heave,command_yaw,vision_found,vision_confidence,vision_x_error,vision_y_error,vision_area,vision_angle
0.000,-5.0000,-0.0000,-5.0000,-0.0000,1,1,APPROACH,1,approach,-2.0000,0.0000,-5.2500,3.0104,0.0000,-0.2500,beacon,1.0000,0.0000,-0.1125,0.0000,false,0.0000,0.0000,0.0000,0.0000,0.0000
0.033,-4.9968,-0.0000,-5.0003,-0.0000,1,1,APPROACH,1,approach,-2.0000,0.0000,-5.2500,3.0072,0.0000,-0.2497,beacon,1.0000,0.0000,-0.1123,0.0000,false,0.0000,0.0000,0.0000,0.0000,0.0000
0.067,-4.9906,-0.0000,-5.0010,-0.0000,1,1,APPROACH,1,approach,-2.0000,0.0000,-5.2500,3.0009,0.0000,-0.2490,beacon,1.0000,0.0000,-0.1121,0.0000,false,0.0000,0.0000,0.0000,0.0000,0.0000
0.100,-4.9814,-0.0000,-5.0020,-0.0000,1,1,APPROACH,1,approach,-2.0000,0.0000,-5.2500,2.9917,0.0000,-0.2480,beacon,1.0000,0.0000,-0.1116,0.0000,false,0.0000,0.0000,0.0000,0.0000,0.0000
0.133,-4.9694,-0.0000,-5.0032,-0.0000,1,1,APPROACH,1,approach,-2.0000,0.0000,-5.2500,2.9796,0.0000,-0.2468,beacon,1.0000,0.0000,-0.1110,0.0000,false,0.0000,0.0000,0.0000,0.0000,0.0000
0.167,-4.9546,-0.0000,-5.0048,-0.0000,1,1,APPROACH,1,approach,-2.0000,0.0000,-5.2500,2.9647,0.0000,-0.2452,beacon,1.0000,0.0000,-0.1103,0.0000,false,0.0000,0.0000,0.0000,0.0000,0.0000
0.200,-4.9372,-0.0000,-5.0066,-0.0000,1,1,APPROACH,1,approach,-2.0000,0.0000,-5.2500,2.9472,0.0000,-0.2434,beacon,1.0000,0.0000,-0.1095,0.0000,false,0.0000,0.0000,0.0000,0.0000,0.0000
0.233,-4.9172,-0.0000,-5.0087,-0.0000,1,1,APPROACH,1,approach,-2.0000,0.0000,-5.2500,2.9271,0.0000,-0.2413,beacon,1.0000,0.0000,-0.1086,0.0000,false,0.0000,0.0000,0.0000,0.0000,0.0000
0.267,-4.8948,-0.0000,-5.0111,-0.0000,1,1,APPROACH,1,approach,-2.0000,0.0000,-5.2500,2.9046,0.0000,-0.2389,beacon,1.0000,0.0000,-0.1075,0.0000,false,0.0000,0.0000,0.0000,0.0000,0.0000
0.300,-4.8700,-0.0000,-5.0137,-0.0000,1,1,APPROACH,1,approach,-2.0000,0.0000,-5.2500,2.8797,0.0000,-0.2363,beacon,1.0000,0.0000,-0.1064,0.0000,false,0.0000,0.0000,0.0000,0.0000,0.0000
0.333,-4.8430,-0.0000,-5.0165,-0.0000,1,1,APPROACH,1,approach,-2.0000,0.0000,-5.2500,2.8526,0.0000,-0.2335,beacon,0.9984,0.0000,-0.1051,0.0000,false,0.0000,0.0000,0.0000,0.0000,0.0000
0.367,-4.8138,-0.0000,-5.0195,-0.0000,1,1,APPROACH,1,approach,-2.0000,0.0000,-5.2500,2.8232,0.0000,-0.2305,beacon,0.9881,0.0000,-0.1037,0.0000,false,0.0000,0.0000,0.0000,0.0000,0.0000
0.400,-4.7826,-0.0000,-5.0227,-0.0000,1,1,APPROACH,1,approach,-2.0000,0.0000,-5.2500,2.7919,0.0000,-0.2273,beacon,0.9772,0.0000,-0.1023,0.0000,false,0.0000,0.0000,0.0000,0.0000,0.0000
0.433,-4.7495,-0.0000,-5.0261,-0.0000,1,1,APPROACH,1,approach,-2.0000,0.0000,-5.2500,2.7586,0.0000,-0.2239,beacon,0.9655,0.0000,-0.1008,0.0000,false,0.0000,0.0000,0.0000,0.0000,0.0000
0.467,-4.7146,-0.0000,-5.0296,-0.0000,1,1,APPROACH,1,approach,-2.0000,0.0000,-5.2500,2.7235,0.0000,-0.2204,beacon,0.9532,0.0000,-0.0992,0.0000,false,0.0000,0.0000,0.0000,0.0000,0.0000
0.500,-4.6780,-0.0000,-5.0333,-0.0000,1,1,APPROACH,1,approach,-2.0000,0.0000,-5.2500,2.6868,0.0000,-0.2167,beacon,0.9404,0.0000,-0.0975,0.0000,false,0.0000,0.0000,0.0000,0.0000,0.0000
0.533,-4.6399,-0.0000,-5.0372,-0.0000,1,1,APPROACH,1,approach,-2.0000,0.0000,-5.2500,2.6485,0.0000,-0.2128,beacon,0.9270,0.0000,-0.0958,0.0000,false,0.0000,0.0000,0.0000,0.0000,0.0000
0.567,-4.6003,-0.0000,-5.0412,-0.0000,1,1,APPROACH,1,approach,-2.0000,0.0000,-5.2500,2.6087,0.0000,-0.2088,beacon,0.9130,0.0000,-0.0940,0.0000,false,0.0000,0.0000,0.0000,0.0000,0.0000
0.600,-4.5594,-0.0000,-5.0453,-0.0000,1,1,APPROACH,1,approach,-2.0000,0.0000,-5.2500,2.5676,0.0000,-0.2047,beacon,0.8986,0.0000,-0.0921,0.0000,false,0.0000,0.0000,0.0000,0.0000,0.0000
0.633,-4.5172,-0.0000,-5.0496,-0.0000,1,1,APPROACH,1,approach,-2.0000,0.0000,-5.2500,2.5252,0.0000,-0.2004,beacon,0.8838,0.0000,-0.0902,0.0000,false,0.0000,0.0000,0.0000,0.0000,0.0000
0.667,-4.4740,-0.0000,-5.0539,-0.0000,1,1,APPROACH,1,approach,-2.0000,0.0000,-5.2500,2.4817,0.0000,-0.1961,beacon,0.8686,0.0000,-0.0882,0.0000,false,0.0000,0.0000,0.0000,0.0000,0.0000
0.700,-4.4297,-0.0000,-5.0583,-0.0000,1,1,APPROACH,1,approach,-2.0000,0.0000,-5.2500,2.4372,0.0000,-0.1917,beacon,0.8530,0.0000,-0.0862,0.0000,false,0.0000,0.0000,0.0000,0.0000,0.0000
0.733,-4.3844,-0.0000,-5.0629,-0.0000,1,1,APPROACH,1,approach,-2.0000,0.0000,-5.2500,2.3918,0.0000,-0.1871,beacon,0.8371,0.0000,-0.0842,0.0000,false,0.0000,0.0000,0.0000,0.0000,0.0000
0.767,-4.3384,-0.0000,-5.0674,-0.0000,1,1,APPROACH,1,approach,-2.0000,0.0000,-5.2500,2.3455,0.0000,-0.1826,beacon,0.8209,0.0000,-0.0822,0.0000,false,0.0000,0.0000,0.0000,0.0000,0.0000
0.800,-4.2915,-0.0000,-5.0721,-0.0000,1,1,APPROACH,1,approach,-2.0000,0.0000,-5.2500,2.2984,0.0000,-0.1779,beacon,0.8045,0.0000,-0.0801,0.0000,false,0.0000,0.0000,0.0000,0.0000,0.0000
0.833,-4.2441,-0.0000,-5.0768,-0.0000,1,1,APPROACH,1,approach,-2.0000,0.0000,-5.2500,2.2508,0.0000,-0.1732,beacon,0.7878,0.0000,-0.0780,0.0000,false,0.0000,0.0000,0.0000,0.0000,0.0000
0.867,-4.1960,-0.0000,-5.0815,-0.0000,1,1,APPROACH,1,approach,-2.0000,0.0000,-5.2500,2.2025,0.0000,-0.1685,beacon,0.7709,0.0000,-0.0758,0.0000,false,0.0000,0.0000,0.0000,0.0000,0.0000
0.900,-4.1475,-0.0000,-5.0863,-0.0000,1,1,APPROACH,1,approach,-2.0000,0.0000,-5.2500,2.1537,0.0000,-0.1637,beacon,0.7538,0.0000,-0.0737,0.0000,false,0.0000,0.0000,0.0000,0.0000,0.0000
0.933,-4.0985,-0.0000,-5.0911,-0.0000,1,1,APPROACH,1,approach,-2.0000,0.0000,-5.2500,2.1046,0.0000,-0.1589,beacon,0.7366,0.0000,-0.0715,0.0000,false,0.0000,0.0000,0.0000,0.0000,0.0000
0.967,-4.0492,-0.0000,-5.0959,-0.0000,1,1,APPROACH,1,approach,-2.0000,0.0000,-5.2500,2.0550,0.0000,-0.1541,beacon,0.7193,0.0000,-0.0694,0.0000,false,0.0000,0.0000,0.0000,0.0000,0.0000
1.000,-3.9997,-0.0000,-5.1007,-0.0000,1,1,APPROACH,1,approach,-2.0000,0.0000,-5.2500,2.0053,0.0000,-0.1493,beacon,0.7018,0.0000,-0.0672,0.0000,false,0.0000,0.0000,0.0000,0.0000,0.0000
1.033,-3.9499,-0.0000,-5.1055,-0.0000,1,1,APPROACH,1,approach,-2.0000,0.0000,-5.2500,1.9553,0.0000,-0.1445,fallback_beacon,0.6843,0.0000,-0.0650,0.0000,false,0.0000,0.0000,0.0000,0.0000,0.0000
1.067,-3.9000,-0.0000,-5.1104,-0.0000,1,1,APPROACH,1,approach,-2.0000,0.0000,-5.2500,1.9052,0.0000,-0.1396,vision,0.4500,0.0000,0.0000,0.0000,true,0.8030,0.0000,-0.0250,0.0620,0.0000
1.100,-3.8507,-0.0000,-5.1150,-0.0000,1,1,APPROACH,1,approach,-2.0000,0.0000,-5.2500,1.8557,0.0000,-0.1350,fallback_beacon,0.6495,0.0000,-0.0608,0.0000,false,0.0000,0.0000,0.0000,0.0000,0.0000
1.133,-3.8014,-0.0000,-5.1196,-0.0000,1,1,APPROACH,1,approach,-2.0000,0.0000,-5.2500,1.8061,0.0000,-0.1304,vision,0.4500,0.0000,0.0000,0.0000,true,0.8014,-0.0031,-0.0333,0.0665,0.0000
1.167,-3.7527,-0.0000,-5.1240,-0.0000,1,1,APPROACH,1,approach,-2.0000,0.0000,-5.2500,1.7572,0.0000,-0.1260,fallback_beacon,0.6150,0.0000,-0.0567,0.0000,false,0.0000,0.0000,0.0000,0.0000,0.0000
1.200,-3.7040,-0.0000,-5.1285,-0.0000,1,1,APPROACH,1,approach,-2.0000,0.0000,-5.2500,1.7083,0.0000,-0.1215,vision,0.4500,0.0000,0.0000,0.0000,true,0.8093,0.0031,-0.0333,0.0703,0.0000
1.233,-3.6558,-0.0000,-5.1327,-0.0000,1,1,APPROACH,1,approach,-2.0000,0.0000,-5.2500,1.6600,0.0000,-0.1173,fallback_beacon,0.5810,0.0000,-0.0528,0.0000,false,0.0000,0.0000,0.0000,0.0000,0.0000
1.267,-3.6078,-0.0000,-5.1369,-0.0000,1,1,APPROACH,1,approach,-2.0000,0.0000,-5.2500,1.6117,0.0000,-0.1131,vision,0.4500,0.0000,0.0000,0.0000,true,0.8331,0.0000,-0.0333,0.0752,0.0000
1.300,-3.5603,-0.0000,-5.1410,-0.0000,1,1,APPROACH,1,approach,-2.0000,0.0000,-5.2500,1.5641,0.0000,-0.1090,fallback_beacon,0.5474,0.0000,-0.0491,0.0000,false,0.0000,0.0000,0.0000,0.0000,0.0000
1.333,-3.5129,-0.0000,-5.1450,-0.0000,1,1,APPROACH,1,approach,-2.0000,0.0000,-5.2500,1.5166,0.0000,-0.1050,vision,0.4500,0.0000,0.0000,0.0000,true,0.8159,0.0063,-0.0500,0.0792,0.0000
1.367,-3.4661,-0.0000,-5.1489,-0.0000,1,1,APPROACH,1,approach,-2.0000,0.0000,-5.2500,1.4696,0.0000,-0.1011,fallback_beacon,0.5144,0.0000,-0.0455,0.0000,false,0.0000,0.0000,0.0000,0.0000,0.0000
1.400,-3.4195,-0.0000,-5.1528,-0.0000,1,1,APPROACH,1,approach,-2.0000,0.0000,-5.2500,1.4229,0.0000,-0.0972,vision,0.4500,0.0000,0.0000,0.0000,true,0.8293,0.0031,-0.0417,0.0865,0.0000
1.433,-3.3734,-0.0000,-5.1565,-0.0000,1,1,APPROACH,1,approach,-2.0000,0.0000,-5.2500,1.3766,0.0000,-0.0935,fallback_beacon,0.4818,0.0000,-0.0421,0.0000,false,0.0000,0.0000,0.0000,0.0000,0.0000
1.467,-3.3276,-0.0000,-5.1601,-0.0000,1,1,APPROACH,1,approach,-2.0000,0.0000,-5.2500,1.3307,0.0000,-0.0899,vision,0.4500,0.0000,0.0000,0.0000,true,0.8507,0.0031,-0.0417,0.0930,0.0000
1.500,-3.2823,-0.0000,-5.1637,-0.0000,1,1,APPROACH,1,approach,-2.0000,0.0000,-5.2500,1.2852,0.0000,-0.0863,fallback_beacon,0.4498,0.0000,-0.0389,0.0000,false,0.0000,0.0000,0.0000,0.0000,0.0000
1.533,-3.2373,-0.0000,-5.1672,-0.0000,1,1,APPROACH,1,approach,-2.0000,0.0000,-5.2500,1.2401,0.0000,-0.0828,vision,0.4500,0.0000,0.0000,0.0000,true,0.8429,0.0031,-0.0542,0.0963,0.0000
1.567,-3.1927,-0.0000,-5.1705,-0.0000,1,1,APPROACH,1,approach,-2.0000,0.0000,-5.2500,1.1953,0.0000,-0.0795,fallback_beacon,0.4184,0.0000,-0.0358,0.0000,false,0.0000,0.0000,0.0000,0.0000,0.0000
1.600,-3.1486,-0.0000,-5.1738,-0.0000,1,1,APPROACH,1,approach,-2.0000,0.0000,-5.2500,1.1511,0.0000,-0.0762,vision,0.4500,0.0000,-0.0350,0.0000,true,0.5124,0.0000,0.1000,0.0416,0.0000
1.633,-3.1048,-0.0000,-5.1772,-0.0000,1,1,APPROACH,1,approach,-2.0000,0.0000,-5.2500,1.1072,0.0000,-0.0728,fallback_beacon,0.3875,0.0000,-0.0328,0.0000,false,0.0000,0.0000,0.0000,0.0000,0.0000
1.667,-3.0615,-0.0000,-5.1804,-0.0000,1,1,APPROACH,1,approach,-2.0000,0.0000,-5.2500,1.0638,0.0000,-0.0696,vision,0.4500,0.0000,0.0000,0.0000,true,0.8765,0.0000,-0.0583,0.1102,-0.0000
1.700,-3.0185,-0.0000,-5.1836,-0.0000,1,1,APPROACH,1,approach,-2.0000,0.0000,-5.2500,1.0207,0.0000,-0.0664,fallback_beacon,0.3572,0.0000,-0.0299,0.0000,false,0.0000,0.0000,0.0000,0.0000,0.0000
1.733,-2.9761,-0.0000,-5.1867,-0.0000,1,1,APPROACH,1,approach,-2.0000,0.0000,-5.2500,0.9782,0.0000,-0.0633,vision,0.4500,0.0000,0.0219,0.0000,true,0.8839,0.0000,-0.0625,0.1163,0.0000
1.767,-2.9340,-0.0000,-5.1896,-0.0000,1,1,APPROACH,1,approach,-2.0000,0.0000,-5.2500,0.9360,0.0000,-0.0604,fallback_beacon,0.3276,0.0000,-0.0272,0.0000,false,0.0000,0.0000,0.0000,0.0000,0.0000
1.800,-2.8925,-0.0000,-5.1925,-0.0000,1,1,APPROACH,1,approach,-2.0000,0.0000,-5.2500,0.8944,0.0000,-0.0575,vision,0.4500,0.0000,0.0000,0.0000,true,0.8749,0.0031,-0.0583,0.1020,-0.0000
1.833,-2.8512,-0.0000,-5.1952,-0.0000,1,1,APPROACH,1,approach,-2.0000,0.0000,-5.2500,0.8530,0.0000,-0.0548,fallback_beacon,0.2985,0.0000,-0.0246,0.0000,false,0.0000,0.0000,0.0000,0.0000,0.0000
1.867,-2.8106,-0.0000,-5.1980,-0.0000,1,1,APPROACH,1,approach,-2.0000,0.0000,-5.2500,0.8123,0.0000,-0.0520,vision,0.4500,0.0000,0.0000,0.0000,true,0.8257,0.0000,-0.0542,0.1020,0.0000
1.900,-2.7702,-0.0000,-5.2006,-0.0000,1,1,APPROACH,1,approach,-2.0000,0.0000,-5.2500,0.7718,0.0000,-0.0494,fallback_beacon,0.2606,0.0000,-0.0222,0.0000,false,0.0000,0.0000,0.0000,0.0000,0.0000
1.933,-2.7306,-0.0000,-5.2032,-0.0000,1,1,APPROACH,1,approach,-2.0000,0.0000,-5.2500,0.7321,0.0000,-0.0468,vision,0.4500,0.0000,0.0277,0.0000,true,0.8554,0.0000,-0.0792,0.1395,0.0000
1.967,-2.6910,-0.0000,-5.2056,-0.0000,1,1,APPROACH,1,approach,-2.0000,0.0000,-5.2500,0.6925,0.0000,-0.0444,fallback_beacon,0.2098,0.0000,-0.0200,0.0000,false,0.0000,0.0000,0.0000,0.0000,0.0000
2.000,-2.6524,-0.0000,-5.2079,-0.0000,1,1,APPROACH,1,approach,-2.0000,0.0000,-5.2500,0.6538,0.0000,-0.0421,vision,0.4500,0.0000,0.0000,0.0000,true,0.8112,0.0031,-0.0500,0.1137,0.0000
2.033,-2.6139,-0.0000,-5.2102,-0.0000,1,1,APPROACH,1,approach,-2.0000,0.0000,-5.2500,0.6152,0.0000,-0.0398,fallback_beacon,0.2000,0.0000,-0.0179,0.0000,false,0.0000,0.0000,0.0000,0.0000,0.0000
2.067,-2.5762,-0.0000,-5.2124,-0.0000,1,1,TRANSIT,1,exit,2.0000,0.0000,-5.2500,4.5764,0.0000,-0.0376,vision,0.4500,0.0000,-0.0350,0.0000,true,0.5542,0.0000,0.1000,0.0636,0.0000
2.100,-2.5386,-0.0000,-5.2147,-0.0000,1,1,TRANSIT,1,exit,2.0000,0.0000,-5.2500,4.5387,0.0000,-0.0353,fallback_beacon,1.0000,0.0000,-0.0159,0.0000,false,0.0000,0.0000,0.0000,0.0000,0.0000
2.133,-2.4993,-0.0000,-5.2169,-0.0000,1,1,TRANSIT,1,exit,2.0000,0.0000,-5.2500,4.4994,0.0000,-0.0331,vision,0.4500,0.0000,0.0321,0.0000,true,0.7964,0.0000,-0.0917,0.1692,0.0000
2.167,-2.4600,-0.0000,-5.2190,-0.0000,1,1,TRANSIT,1,exit,2.0000,0.0000,-5.2500,4.4602,0.0000,-0.0310,fallback_beacon,1.0000,0.0000,-0.0140,0.0000,false,0.0000,0.0000,0.0000,0.0000,0.0000
2.200,-2.4192,-0.0000,-5.2209,-0.0000,1,1,TRANSIT,1,exit,2.0000,0.0000,-5.2500,4.4193,0.0000,-0.0291,vision,0.4500,0.0000,0.0350,0.0000,true,0.8108,0.0000,-0.1000,0.1813,0.0000
2.233,-2.3786,-0.0000,-5.2228,-0.0000,1,1,TRANSIT,1,exit,2.0000,0.0000,-5.2500,4.3786,0.0000,-0.0272,fallback_beacon,1.0000,0.0000,-0.0123,0.0000,false,0.0000,0.0000,0.0000,0.0000,0.0000
2.267,-2.3363,-0.0000,-5.2245,-0.0000,1,1,TRANSIT,1,exit,2.0000,0.0000,-5.2500,4.3364,0.0000,-0.0255,vision,0.4500,0.0000,0.0379,0.0000,true,0.8143,0.0000,-0.1083,0.1938,0.0000
2.300,-2.2944,-0.0000,-5.2261,-0.0000,1,1,TRANSIT,1,exit,2.0000,0.0000,-5.2500,4.2944,0.0000,-0.0239,fallback_beacon,1.0000,0.0000,-0.0107,0.0000,false,0.0000,0.0000,0.0000,0.0000,0.0000
2.333,-2.2509,-0.0000,-5.2277,-0.0000,1,1,TRANSIT,1,exit,2.0000,0.0000,-5.2500,4.2510,0.0000,-0.0223,vision,0.4500,0.0000,0.0408,0.0000,true,0.8100,0.0000,-0.1167,0.2133,0.0000
2.367,-2.2077,-0.0000,-5.2291,-0.0000,1,1,TRANSIT,1,exit,2.0000,0.0000,-5.2500,4.2078,0.0000,-0.0209,fallback_beacon,1.0000,0.0000,-0.0094,0.0000,false,0.0000,0.0000,0.0000,0.0000,0.0000
2.400,-2.1631,-0.0000,-5.2304,-0.0000,1,1,TRANSIT,1,exit,2.0000,0.0000,-5.2500,4.1632,0.0000,-0.0196,vision,0.1600,0.0000,0.0437,0.0000,true,0.8095,0.0000,-0.1250,0.2338,0.0000
2.433,-2.1198,-0.0000,-5.2316,-0.0000,1,1,TRANSIT,1,exit,2.0000,0.0000,-5.2500,4.1198,0.0000,-0.0184,fallback_beacon,1.0000,0.0000,-0.0083,0.0000,false,0.0000,0.0000,0.0000,0.0000,0.0000
2.467,-2.0750,-0.0000,-5.2327,-0.0000,1,1,TRANSIT,1,exit,2.0000,0.0000,-5.2500,4.0750,0.0000,-0.0173,vision,0.0800,0.0000,0.0467,0.0000,true,0.8053,0.0031,-0.1333,0.2570,0.0000
2.500,-2.0318,-0.0000,-5.2337,-0.0000,1,1,TRANSIT,1,exit,2.0000,0.0000,-5.2500,4.0318,0.0000,-0.0163,fallback_beacon,1.0000,0.0000,-0.0073,0.0000,false,0.0000,0.0000,0.0000,0.0000,0.0000
2.533,-1.9871,-0.0000,-5.2346,-0.0000,1,1,TRANSIT,1,exit,2.0000,0.0000,-5.2500,3.9871,0.0000,-0.0154,vision,0.0800,0.0000,0.0481,0.0000,true,0.8051,0.0000,-0.1375,0.2833,0.0000
2.567,-1.9439,-0.0000,-5.2354,-0.0000,1,1,TRANSIT,1,exit,2.0000,0.0000,-5.2500,3.9440,0.0000,-0.0146,fallback_beacon,1.0000,0.0000,-0.0066,0.0000,false,0.0000,0.0000,0.0000,0.0000,0.0000
2.600,-1.8993,-0.0000,-5.2361,-0.0000,1,1,TRANSIT,1,exit,2.0000,0.0000,-5.2500,3.8994,0.0000,-0.0139,vision,0.1600,-0.0429,0.0000,-0.0138,true,0.7305,-0.1531,-0.0208,0.0069,0.0000
2.633,-1.8560,-0.0001,-5.2369,-0.0044,1,1,TRANSIT,1,exit,2.0000,0.0000,-5.2500,3.8561,0.0057,-0.0131,fallback_beacon,1.0000,0.0002,-0.0059,0.0000,false,0.0000,0.0000,0.0000,0.0000,0.0000
2.667,-1.8113,-0.0002,-5.2376,-0.0086,1,1,TRANSIT,1,exit,2.0000,0.0000,-5.2500,3.8113,0.0113,-0.0124,vision,0.1600,-0.0438,0.0000,-0.0141,true,0.7090,-0.1562,-0.0208,0.0072,0.0000
2.700,-1.7678,-0.0004,-5.2382,-0.0172,1,1,TRANSIT,1,exit,2.0000,0.0000,-5.2500,3.7678,0.0227,-0.0118,fallback_beacon,1.0000,0.0007,-0.0053,0.0000,false,0.0000,0.0000,0.0000,0.0000,0.0000
2.733,-1.7229,-0.0005,-5.2389,-0.0256,1,1,TRANSIT,1,exit,2.0000,0.0000,-5.2500,3.7229,0.0337,-0.0111,vision,0.1600,-0.0438,0.0000,-0.0141,true,0.7112,-0.1562,-0.0208,0.0072,0.0000
2.767,-1.6793,-0.0008,-5.2396,-0.0383,1,1,TRANSIT,1,exit,2.0000,0.0000,-5.2500,3.6793,0.0505,-0.0104,fallback_beacon,1.0000,0.0015,-0.0047,0.0000,false,0.0000,0.0000,0.0000,0.0000,0.0000
2.800,-1.6342,-0.0010,-5.2402,-0.0506,1,1,TRANSIT,1,exit,2.0000,0.0000,-5.2500,3.6342,0.0668,-0.0098,vision,0.1600,-0.0446,0.0000,-0.0143,true,0.7408,-0.1594,-0.0208,0.0095,0.0000
2.833,-1.5905,-0.0014,-5.2408,-0.0672,1,1,TRANSIT,1,exit,2.0000,0.0000,-5.2500,3.5905,0.0889,-0.0092,fallback_beacon,1.0000,0.0025,-0.0041,0.0000,false,0.0000,0.0000,0.0000,0.0000,0.0000
2.867,-1.5453,-0.0017,-5.2414,-0.0833,1,1,TRANSIT,1,exit,2.0000,0.0000,-5.2500,3.5453,0.1105,-0.0086,vision,0.1600,0.0000,-0.0423,0.0000,true,0.7214,-0.0031,0.1208,0.1860,0.0000
2.900,-1.5015,-0.0020,-5.2421,-0.0991,1,1,TRANSIT,1,exit,2.0000,0.0000,-5.2500,3.5015,0.1317,-0.0079,fallback_beacon,1.0000,0.0036,-0.0036,0.0000,false,0.0000,0.0000,0.0000,0.0000,0.0000
2.933,-1.4562,-0.0023,-5.2428,-0.1144,1,1,TRANSIT,1,exit,2.0000,0.0000,-5.2500,3.4562,0.1524,-0.0072,vision,0.1600,0.0000,-0.0467,0.0000,true,0.7177,-0.0031,0.1333,0.2044,-0.0000
2.967,-1.4122,-0.0026,-5.2435,-0.1294,1,1,TRANSIT,1,exit,2.0000,0.0000,-5.2500,3.4123,0.1726,-0.0065,fallback_beacon,1.0000,0.0046,-0.0029,0.0000,false,0.0000,0.0000,0.0000,0.0000,0.0000
3.000,-1.3669,-0.0029,-5.2443,-0.1440,1,1,TRANSIT,1,exit,2.0000,0.0000,-5.2500,3.3669,0.1926,-0.0057,vision,0.1600,0.0000,-0.0525,0.0000,true,0.7138,-0.0063,0.1500,0.2271,0.0000
3.033,-1.3228,-0.0031,-5.2452,-0.1582,1,1,TRANSIT,1,exit,2.0000,0.0000,-5.2500,3.3228,0.2120,-0.0048,fallback_beacon,1.0000,0.0055,-0.0022,0.0000,false,0.0000,0.0000,0.0000,0.0000,0.0000
3.067,-1.2774,-0.0034,-5.2461,-0.1721,1,1,TRANSIT,1,exit,2.0000,0.0000,-5.2500,3.2774,0.2312,-0.0039,vision,0.1600,-0.0464,0.0000,-0.0149,true,0.7202,-0.1656,-0.0167,0.0078,0.0000
3.100,-1.2332,-0.0037,-5.2469,-0.1904,1,1,TRANSIT,1,exit,2.0000,0.0000,-5.2500,3.2332,0.2565,-0.0031,fallback_beacon,1.0000,0.0065,-0.0014,0.0000,false,0.0000,0.0000,0.0000,0.0000,0.0000
3.133,-1.1877,-0.0041,-5.2477,-0.2082,1,1,TRANSIT,1,exit,2.0000,0.0000,-5.2500,3.1877,0.2813,-0.0023,vision,0.4500,0.0000,0.0219,0.0000,true,0.7387,-0.0031,-0.0625,0.7998,8.2425
3.167,-1.1426,-0.0044,-5.2484,-0.2255,1,1,TRANSIT,1,exit,2.0000,0.0000,-5.2500,3.1426,0.3057,-0.0016,fallback_beacon,1.0000,0.0075,-0.0007,0.0000,false,0.0000,0.0000,0.0000,0.0000,0.0000
3.200,-1.0961,-0.0047,-5.2491,-0.2424,1,1,TRANSIT,1,exit,2.0000,0.0000,-5.2500,3.0961,0.3298,-0.0009,fallback_beacon,1.0000,0.0080,-0.0004,0.0000,false,0.0000,0.0000,0.0000,0.0000,0.0000
3.233,-1.0483,-0.0050,-5.2497,-0.2589,1,1,TRANSIT,1,exit,2.0000,0.0000,-5.2500,3.0483,0.3536,-0.0003,fallback_beacon,1.0000,0.0085,-0.0001,0.0000,false,0.0000,0.0000,0.0000,0.0000,0.0000
3.267,-0.9993,-0.0053,-5.2504,-0.2750,1,1,TRANSIT,1,exit,2.0000,0.0000,-5.2500,2.9993,0.3771,0.0004,vision,0.1600,-0.0481,0.0000,-0.0155,true,0.7335,-0.1719,-0.0208,0.0110,2.3859
3.300,-0.9518,-0.0057,-5.2510,-0.2956,1,1,TRANSIT,1,exit,2.0000,0.0000,-5.2500,2.9518,0.4071,0.0010,fallback_beacon,1.0000,0.0094,0.0004,0.0000,false,0.0000,0.0000,0.0000,0.0000,0.0000
3.333,-0.9031,-0.0061,-5.2515,-0.3157,1,1,TRANSIT,1,exit,2.0000,0.0000,-5.2500,2.9031,0.4367,0.0015,vision,0.1600,-0.0481,0.0000,-0.0155,true,0.7386,-0.1719,-0.0208,0.0110,0.0000
3.367,-0.8558,-0.0066,-5.2521,-0.3402,1,1,TRANSIT,1,exit,2.0000,0.0000,-5.2500,2.8558,0.4727,0.0021,fallback_beacon,0.9995,0.0106,0.0009,0.0000,false,0.0000,0.0000,0.0000,0.0000,0.0000
3.400,-0.8073,-0.0071,-5.2526,-0.3640,1,1,TRANSIT,1,exit,2.0000,0.0000,-5.2500,2.8073,0.5084,0.0026,vision,0.1600,-0.0490,0.0000,-0.0158,true,0.7234,-0.1750,-0.0208,0.0113,0.0000
3.433,-0.7603,-0.0076,-5.2531,-0.3923,1,1,TRANSIT,1,exit,2.0000,0.0000,-5.2500,2.7603,0.5506,0.0031,fallback_beacon,0.9661,0.0119,0.0014,0.0000,false,0.0000,0.0000,0.0000,0.0000,0.0000
3.467,-0.7121,-0.0082,-5.2536,-0.4198,1,1,TRANSIT,1,exit,2.0000,0.0000,-5.2500,2.7121,0.5921,0.0036,vision,0.1600,-0.0516,0.0000,-0.0166,true,0.6785,-0.1844,-0.0167,0.0084,0.0000
3.500,-0.6653,-0.0088,-5.2541,-0.4520,1,1,TRANSIT,1,exit,2.0000,0.0000,-5.2500,2.6654,0.6406,0.0041,fallback_beacon,0.9328,0.0134,0.0018,0.0000,false,0.0000,0.0000,0.0000,0.0000,0.0000
3.533,-0.6175,-0.0094,-5.2545,-0.4833,1,1,TRANSIT,1,exit,2.0000,0.0000,-5.2500,2.6175,0.6883,0.0045,vision,0.1600,-0.0516,0.0000,-0.0166,true,0.7051,-0.1844,-0.0333,0.0098,0.0000
3.567,-0.5711,-0.0100,-5.2549,-0.5191,1,1,TRANSIT,1,exit,2.0000,0.0000,-5.2500,2.5711,0.7429,0.0049,fallback_beacon,0.8998,0.0150,0.0022,0.0000,false,0.0000,0.0000,0.0000,0.0000,0.0000
3.600,-0.5238,-0.0107,-5.2553,-0.5540,1,1,TRANSIT,1,exit,2.0000,0.0000,-5.2500,2.5238,0.7967,0.0053,vision,0.1600,-0.0525,0.0000,-0.0169,true,0.7266,-0.1875,-0.0333,0.0102,0.0000
3.633,-0.4778,-0.0114,-5.2557,-0.5934,1,1,TRANSIT,1,exit,2.0000,0.0000,-5.2500,2.4778,0.8577,0.0057,fallback_beacon,0.8671,0.0167,0.0026,0.0000,false,0.0000,0.0000,0.0000,0.0000,0.0000
3.667,-0.4309,-0.0121,-5.2560,-0.6318,1,1,TRANSIT,1,exit,2.0000,0.0000,-5.2500,2.4310,0.9177,0.0060,vision,0.1600,-0.0543,0.0000,-0.0174,true,0.7127,-0.1938,-0.0292,0.0106,0.0000
3.700,-0.3855,-0.0129,-5.2564,-0.6747,1,1,TRANSIT,1,exit,2.0000,0.0000,-5.2500,2.3855,0.9851,0.0064,fallback_beacon,0.8348,0.0185,0.0029,0.0000,false,0.0000,0.0000,0.0000,0.0000,0.0000
3.733,-0.3392,-0.0137,-5.2567,-0.7166,1,1,TRANSIT,1,exit,2.0000,0.0000,-5.2500,2.3392,1.0516,0.0067,vision,0.1600,-0.0551,0.0000,-0.0177,true,0.7257,-0.1969,-0.0292,0.0110,0.0000
3.767,-0.2943,-0.0145,-5.2570,-0.7631,1,1,TRANSIT,1,exit,2.0000,0.0000,-5.2500,2.2943,1.1258,0.0070,fallback_beacon,0.8029,0.0203,0.0032,0.0000,false,0.0000,0.0000,0.0000,0.0000,0.0000
3.800,-0.2486,-0.0153,-5.2573,-0.8084,1,1,TRANSIT,1,exit,2.0000,0.0000,-5.2500,2.2486,1.1990,0.0073,vision,0.1600,-0.0560,0.0000,-0.0180,true,0.7122,-0.2000,-0.0292,0.0106,0.0000
3.833,-0.2042,-0.0162,-5.2576,-0.8582,1,1,TRANSIT,1,exit,2.0000,0.0000,-5.2500,2.2043,1.2800,0.0076,fallback_beacon,0.7713,0.0222,0.0034,0.0000,false,0.0000,0.0000,0.0000,0.0000,0.0000
3.867,-0.1592,-0.0171,-5.2578,-0.9069,1,1,TRANSIT,1,exit,2.0000,0.0000,-5.2500,2.1593,1.3600,0.0078,vision,0.1600,-0.0569,0.0000,-0.0183,true,0.7171,-0.2031,-0.0333,0.0113,0.0000
3.900,-0.1155,-0.0180,-5.2581,-0.9601,1,1,TRANSIT,1,exit,2.0000,0.0000,-5.2500,2.1156,1.4483,0.0081,fallback_beacon,0.7402,0.0241,0.0036,0.0000,false,0.0000,0.0000,0.0000,0.0000,0.0000
3.933,-0.0712,-0.0189,-5.2583,-1.0120,1,1,TRANSIT,1,exit,2.0000,0.0000,-5.2500,2.0713,1.5354,0.0083,vision,0.1600,-0.0586,0.0000,-0.0188,true,0.7149,-0.2094,-0.0333,0.0113,0.0000
3.967,-0.0282,-0.0199,-5.2585,-1.0685,1,1,TRANSIT,1,exit,2.0000,0.0000,-5.2500,2.0283,1.6312,0.0085,fallback_beacon,0.7096,0.0260,0.0038,0.0000,false,0.0000,0.0000,0.0000,0.0000,0.0000
4.000,0.0154,-0.0209,-5.2587,-1.1236,1,1,TRANSIT,2,exit,2.0000,0.0000,-5.2500,1.9847,1.7259,0.0087,vision,0.1600,-0.0595,0.0000,-0.0191,true,0.7373,-0.2125,-0.0333,0.0117,0.0000
4.033,0.0578,-0.0219,-5.2589,-1.1835,1,1,TRANSIT,2,exit,2.0000,0.0000,-5.2500,1.9424,1.8296,0.0089,fallback_beacon,0.6795,0.0279,0.0040,0.0000,false,0.0000,0.0000,0.0000,0.0000,0.0000
4.067,0.1006,-0.0229,-5.2590,-1.2418,1,1,TRANSIT,2,exit,2.0000,0.0000,-5.2500,1.8996,1.9322,0.0090,vision,0.1600,-0.0613,0.0000,-0.0197,true,0.7404,-0.2188,-0.0333,0.0117,0.0000
4.100,0.1422,-0.0240,-5.2592,-1.3049,1,1,TRANSIT,2,exit,2.0000,0.0000,-5.2500,1.8580,2.0443,0.0092,fallback_beacon,0.6499,0.0298,0.0041,0.0000,false,0.0000,0.0000,0.0000,0.0000,0.0000
4.133,0.1842,-0.0250,-5.2593,-1.3664,1,1,TRANSIT,2,exit,2.0000,0.0000,-5.2500,1.8160,2.1554,0.0093,vision,0.1600,-0.0621,0.0000,-0.0200,true,0.7457,-0.2219,-0.0375,0.0125,0.0000
4.167,0.2251,-0.0261,-5.2595,-1.4328,1,1,TRANSIT,2,exit,2.0000,0.0000,-5.2500,1.7751,2.2764,0.0095,fallback_beacon,0.6208,0.0317,0.0043,0.0000,false,0.0000,0.0000,0.0000,0.0000,0.0000
4.200,0.2663,-0.0272,-5.2596,-1.4974,1,1,TRANSIT,2,exit,2.0000,0.0000,-5.2500,1.7339,2.3965,0.0096,vision,0.1600,-0.0639,0.0000,-0.0205,true,0.7281,-0.2281,-0.0333,0.0129,0.0000
4.233,0.3064,-0.0284,-5.2597,-1.5670,1,1,TRANSIT,2,exit,2.0000,0.0000,-5.2500,1.6939,2.5271,0.0097,fallback_beacon,0.5923,0.0336,0.0044,0.0000,false,0.0000,0.0000,0.0000,0.0000,0.0000
4.267,0.3468,-0.0295,-5.2598,-1.6348,1,1,TRANSIT,2,exit,2.0000,0.0000,-5.2500,1.6535,2.6569,0.0098,vision,0.1600,-0.0656,0.0000,-0.0211,true,0.7294,-0.2344,-0.0333,0.0129,0.0000
4.300,0.3861,-0.0307,-5.2599,-1.7076,1,1,TRANSIT,2,exit,2.0000,0.0000,-5.2500,1.6142,2.7979,0.0099,fallback_beacon,0.5643,0.0355,0.0045,0.0000,false,0.0000,0.0000,0.0000,0.0000,0.0000
4.333,0.4257,-0.0319,-5.2600,-1.7786,1,1,TRANSIT,2,exit,2.0000,0.0000,-5.2500,1.5747,2.9382,0.0100,vision,0.1600,-0.0665,0.0000,-0.0214,true,0.7456,-0.2375,-0.0333,0.0133,0.0000
4.367,0.4642,-0.0331,-5.2600,-1.8546,1,1,TRANSIT,2,exit,2.0000,0.0000,-5.2500,1.5362,3.0903,0.0100,fallback_beacon,0.5369,0.0373,0.0045,0.0000,false,0.0000,0.0000,0.0000,0.0000,0.0000
4.400,0.5029,-0.0343,-5.2601,-1.9287,1,1,TRANSIT,2,exit,2.0000,0.0000,-5.2500,1.4976,3.2419,0.0101,vision,0.1600,-0.0683,0.0000,-0.0219,true,0.7431,-0.2437,-0.0333,0.0133,0.0000
4.433,0.5405,-0.0356,-5.2601,-2.0079,1,1,TRANSIT,2,exit,2.0000,0.0000,-5.2500,1.4599,3.4062,0.0101,fallback_beacon,0.5101,0.0390,0.0046,0.0000,false,0.0000,0.0000,0.0000,0.0000,0.0000
4.467,0.5784,-0.0369,-5.2602,-2.0851,1,1,TRANSIT,2,exit,2.0000,0.0000,-5.2500,1.4222,3.5702,0.0102,vision,0.1600,-0.0700,0.0000,-0.0225,true,0.7222,-0.2500,-0.0292,0.0138,0.0000
4.500,0.6152,-0.0382,-5.2602,-2.1676,1,1,TRANSIT,2,exit,2.0000,0.0000,-5.2500,1.3853,3.7478,0.0102,fallback_beacon,0.4838,0.0407,0.0046,0.0000,false,0.0000,0.0000,0.0000,0.0000,0.0000
4.533,0.6522,-0.0395,-5.2602,-2.2479,1,1,TRANSIT,2,exit,2.0000,0.0000,-5.2500,1.3484,3.9254,0.0102,vision,0.1600,-0.0709,0.0000,-0.0228,true,0.7274,-0.2531,-0.0333,0.0138,0.0000
4.567,0.6882,-0.0409,-5.2603,-2.3335,1,1,TRANSIT,2,exit,2.0000,0.0000,-5.2500,1.3125,4.1176,0.0103,fallback_beacon,0.4582,0.0424,0.0046,0.0000,false,0.0000,0.0000,0.0000,0.0000,0.0000
4.600,0.7243,-0.0422,-5.2603,-2.4169,1,1,TRANSIT,2,exit,2.0000,0.0000,-5.2500,1.2765,4.3100,0.0103,vision,0.1600,-0.0726,0.0000,-0.0233,true,0.7259,-0.2594,-0.0333,0.0138,0.0000
4.633,0.7595,-0.0436,-5.2603,-2.5057,1,1,TRANSIT,2,exit,2.0000,0.0000,-5.2500,1.2414,4.5184,0.0103,fallback_beacon,0.4331,0.0440,0.0046,0.0000,false,0.0000,0.0000,0.0000,0.0000,0.0000
4.667,0.7947,-0.0449,-5.2603,-2.5922,1,1,TRANSIT,2,exit,2.0000,0.0000,-5.2500,1.2062,4.7274,0.0103,vision,0.1600,-0.0744,0.0000,-0.0239,true,0.7152,-0.2656,-0.0333,0.0138,0.0000
4.700,0.8290,-0.0464,-5.2603,-2.6841,1,1,TRANSIT,2,exit,2.0000,0.0000,-5.2500,1.1720,4.9538,0.0103,fallback_beacon,0.4087,0.0455,0.0046,0.0000,false,0.0000,0.0000,0.0000,0.0000,0.0000
4.733,0.8633,-0.0478,-5.2602,-2.7738,1,1,TRANSIT,2,exit,2.0000,0.0000,-5.2500,1.1378,5.1813,0.0102,vision,0.1600,-0.0761,0.0000,-0.0245,true,0.7085,-0.2719,-0.0333,0.0146,0.0000
4.767,0.8968,-0.0493,-5.2602,-2.8689,1,1,TRANSIT,2,exit,2.0000,0.0000,-5.2500,1.1044,5.4278,0.0102,fallback_beacon,0.3848,0.0470,0.0046,0.0237,false,0.0000,0.0000,0.0000,0.0000,0.0000
4.800,0.9302,-0.0507,-5.2602,-2.9542,1,1,TRANSIT,2,exit,2.0000,0.0000,-5.2500,1.0710,5.6686,0.0102,vision,0.1600,-0.0779,0.0000,-0.0250,true,0.7149,-0.2781,-0.0333,0.0155,0.0000
4.833,0.9629,-0.0523,-5.2601,-3.0453,1,1,TRANSIT,2,exit,2.0000,0.0000,-5.2500,1.0385,5.9306,0.0101,fallback_beacon,0.3615,0.0483,0.0046,0.0259,false,0.0000,0.0000,0.0000,0.0000,0.0000
4.867,0.9954,-0.0537,-5.2601,-3.1259,1,1,TRANSIT,2,exit,2.0000,0.0000,-5.2500,1.0061,6.1870,0.0101,vision,0.1600,-0.0796,0.0000,-0.0256,true,0.7128,-0.2844,-0.0333,0.0155,0.0000
4.900,1.0272,-0.0553,-5.2601,-3.2126,1,1,TRANSIT,2,exit,2.0000,0.0000,-5.2500,0.9744,6.4671,0.0101,fallback_beacon,0.3389,0.0494,0.0045,0.0282,false,0.0000,0.0000,0.0000,0.0000,0.0000
4.933,1.0589,-0.0568,-5.2600,-3.2882,1,1,TRANSIT,2,exit,2.0000,0.0000,-5.2500,0.9429,6.7421,0.0100,vision,0.1600,-0.0814,0.0000,-0.0262,true,0.7129,-0.2906,-0.0333,0.0155,0.0000
4.967,1.0898,-0.0584,-5.2599,-3.3702,1,1,TRANSIT,2,exit,2.0000,0.0000,-5.2500,0.9121,7.0436,0.0099,fallback_beacon,0.3168,0.0503,0.0045,0.0307,false,0.0000,0.0000,0.0000,0.0000,0.0000
5.000,1.1206,-0.0600,-5.2599,-3.4404,1,1,TRANSIT,2,exit,2.0000,0.0000,-5.2500,0.8815,7.3408,0.0099,vision,0.1600,-0.0831,0.0000,-0.0267,true,0.7060,-0.2969,-0.0333,0.0155,0.0000
5.033,1.1507,-0.0616,-5.2598,-3.5173,1,1,TRANSIT,2,exit,2.0000,0.0000,-5.2500,0.8516,7.6677,0.0098,fallback_beacon,0.2954,0.0511,0.0044,0.0335,false,0.0000,0.0000,0.0000,0.0000,0.0000
5.067,1.1806,-0.0632,-5.2597,-3.5816,1,1,TRANSIT,2,exit,2.0000,0.0000,-5.2500,0.8219,7.9912,0.0097,vision,0.1600,-0.0840,0.0000,-0.0270,true,0.6972,-0.3000,-0.0333,0.0159,0.0000
5.100,1.2099,-0.0649,-5.2597,-3.6530,1,1,TRANSIT,2,exit,2.0000,0.0000,-5.2500,0.7928,8.3482,0.0097,fallback_beacon,0.2721,0.0513,0.0044,0.0364,false,0.0000,0.0000,0.0000,0.0000,0.0000
5.133,1.2389,-0.0665,-5.2596,-3.7110,1,1,TRANSIT,2,exit,2.0000,0.0000,-5.2500,0.7640,8.7032,0.0096,vision,0.1600,-0.0858,0.0000,-0.0276,true,0.6973,-0.3063,-0.0333,0.0159,0.0000
5.167,1.2673,-0.0682,-5.2595,-3.7763,1,1,TRANSIT,2,exit,2.0000,0.0000,-5.2500,0.7359,9.0964,0.0095,fallback_beacon,0.2339,0.0482,0.0043,0.0397,false,0.0000,0.0000,0.0000,0.0000,0.0000
5.200,1.2955,-0.0698,-5.2594,-3.8273,1,1,TRANSIT,2,exit,2.0000,0.0000,-5.2500,0.7081,9.4893,0.0094,vision,0.1600,-0.0875,0.0000,-0.0281,true,0.7092,-0.3125,-0.0292,0.0164,0.0000
5.233,1.3230,-0.0716,-5.2593,-3.8860,1,1,TRANSIT,2,exit,2.0000,0.0000,-5.2500,0.6808,9.9260,0.0093,fallback_beacon,0.2000,0.0449,0.0042,0.0433,false,0.0000,0.0000,0.0000,0.0000,0.0000
5.267,1.3502,-0.0733,-5.2593,-3.9296,1,1,TRANSIT,2,exit,2.0000,0.0000,-5.2500,0.6540,10.3646,0.0093,vision,0.1600,-0.0884,0.0000,-0.0284,true,0.6974,-0.3156,-0.0292,0.0169,0.0000
5.300,1.3768,-0.0751,-5.2592,-3.9810,1,1,TRANSIT,2,exit,2.0000,0.0000,-5.2500,0.6278,10.8538,0.0092,fallback_beacon,0.2000,0.0417,0.0041,0.0474,false,0.0000,0.0000,0.0000,0.0000,0.0000
5.333,1.4031,-0.0768,-5.2591,-4.0161,1,1,TRANSIT,2,exit,2.0000,0.0000,-5.2500,0.6019,11.3497,0.0091,vision,0.1600,-0.0901,0.0000,-0.0290,true,0.6855,-0.3219,-0.0250,0.0164,0.0000
5.367,1.4289,-0.0787,-5.2590,-4.0596,2,2,APPROACH,2,approach,6.0000,1.5000,-5.2500,4.8361,23.1125,0.0090,beacon,1.0000,0.5500,0.0040,0.0795,false,0.0000,0.0000,0.0000,0.0000,0.0000
5.400,1.4563,-0.0801,-5.2589,-4.0893,2,2,APPROACH,2,approach,6.0000,1.5000,-5.2500,4.8106,23.2648,0.0089,beacon,1.0000,0.5500,0.0040,0.1015,false,0.0000,0.0000,0.0000,0.0000,0.0000
5.433,1.4854,-0.0811,-5.2588,-4.1022,2,2,APPROACH,2,approach,6.0000,1.5000,-5.2500,4.7835,23.4027,0.0088,beacon,1.0000,0.5500,0.0039,0.1021,false,0.0000,0.0000,0.0000,0.0000,0.0000
5.467,1.5159,-0.0816,-5.2586,-4.0986,2,2,APPROACH,2,approach,6.0000,1.5000,-5.2500,4.7548,23.5268,0.0086,beacon,1.0000,0.5500,0.0039,0.1027,false,0.0000,0.0000,0.0000,0.0000,0.0000
5.500,1.5480,-0.0817,-5.2585,-4.0788,2,2,APPROACH,2,approach,6.0000,1.5000,-5.2500,4.7247,23.6375,0.0085,beacon,1.0000,0.5500,0.0038,0.1031,false,0.0000,0.0000,0.0000,0.0000,0.0000
5.533,1.5814,-0.0814,-5.2584,-4.0432,2,2,APPROACH,2,approach,6.0000,1.5000,-5.2500,4.6931,23.7351,0.0084,beacon,1.0000,0.5500,0.0038,0.1036,false,0.0000,0.0000,0.0000,0.0000,0.0000
5.567,1.6162,-0.0807,-5.2582,-3.9920,2,2,APPROACH,2,approach,6.0000,1.5000,-5.2500,4.6601,23.8201,0.0082,beacon,1.0000,0.5500,0.0037,0.1039,false,0.0000,0.0000,0.0000,0.0000,0.0000
5.600,1.6522,-0.0796,-5.2581,-3.9257,2,2,APPROACH,2,approach,6.0000,1.5000,-5.2500,4.6258,23.8929,0.0081,beacon,1.0000,0.5500,0.0036,0.1043,false,0.0000,0.0000,0.0000,0.0000,0.0000
5.633,1.6895,-0.0782,-5.2579,-3.8445,2,2,APPROACH,2,approach,6.0000,1.5000,-5.2500,4.5903,23.9539,0.0079,beacon,1.0000,0.5500,0.0036,0.1045,false,0.0000,0.0000,0.0000,0.0000,0.0000
5.667,1.7280,-0.0764,-5.2578,-3.7487,2,2,APPROACH,2,approach,6.0000,1.5000,-5.2500,4.5536,24.0035,0.0078,beacon,1.0000,0.5500,0.0035,0.1047,false,0.0000,0.0000,0.0000,0.0000,0.0000
5.700,1.7676,-0.0743,-5.2576,-3.6387,2,2,APPROACH,2,approach,6.0000,1.5000,-5.2500,4.5158,24.0422,0.0076,beacon,1.0000,0.5500,0.0034,0.1049,false,0.0000,0.0000,0.0000,0.0000,0.0000
5.733,1.8082,-0.0719,-5.2575,-3.5149,2,2,APPROACH,2,approach,6.0000,1.5000,-5.2500,4.4768,24.0702,0.0075,beacon,1.0000,0.5500,0.0034,0.1050,false,0.0000,0.0000,0.0000,0.0000,0.0000
5.767,1.8498,-0.0691,-5.2573,-3.3775,2,2,APPROACH,2,approach,6.0000,1.5000,-5.2500,4.4369,24.0880,0.0073,beacon,1.0000,0.5500,0.0033,0.1051,false,0.0000,0.0000,0.0000,0.0000,0.0000
5.800,1.8925,-0.0660,-5.2571,-3.2269,2,2,APPROACH,2,approach,6.0000,1.5000,-5.2500,4.3959,24.0960,0.0071,beacon,1.0000,0.5500,0.0032,0.1051,false,0.0000,0.0000,0.0000,0.0000,0.0000
5.833,1.9360,-0.0626,-5.2569,-3.0633,2,2,APPROACH,2,approach,6.0000,1.5000,-5.2500,4.3541,24.0947,0.0069,beacon,1.0000,0.5500,0.0031,0.1051,false,0.0000,0.0000,0.0000,0.0000,0.0000
5.867,1.9804,-0.0589,-5.2568,-2.8872,2,2,APPROACH,2,approach,6.0000,1.5000,-5.2500,4.3113,24.0842,0.0068,beacon,1.0000,0.5500,0.0030,0.1051,false,0.0000,0.0000,0.0000,0.0000,0.0000
5.900,2.0257,-0.0548,-5.2566,-2.6989,2,2,APPROACH,2,approach,6.0000,1.5000,-5.2500,4.2676,24.0652,0.0066,beacon,1.0000,0.5500,0.0030,0.1050,false,0.0000,0.0000,0.0000,0.0000,0.0000
5.933,2.0717,-0.0505,-5.2564,-2.4986,2,2,APPROACH,2,approach,6.0000,1.5000,-5.2500,4.2232,24.0379,0.0064,beacon,1.0000,0.5500,0.0029,0.1049,false,0.0000,0.0000,0.0000,0.0000,0.0000
5.967,2.1185,-0.0459,-5.2562,-2.2867,2,2,APPROACH,2,approach,6.0000,1.5000,-5.2500,4.1780,24.0027,0.0062,beacon,1.0000,0.5500,0.0028,0.1047,false,0.0000,0.0000,0.0000,0.0000,0.0000
6.000,2.1660,-0.0410,-5.2561,-2.0635,2,2,APPROACH,2,approach,6.0000,1.5000,-5.2500,4.1320,23.9600,0.0061,beacon,1.0000,0.5500,0.0027,0.1045,false,0.0000,0.0000,0.0000,0.0000,0.0000
6.033,2.2143,-0.0358,-5.2559,-1.8293,2,2,APPROACH,2,approach,6.0000,1.5000,-5.2500,4.0854,23.9102,0.0059,beacon,1.0000,0.5500,0.0026,0.1043,false,0.0000,0.0000,0.0000,0.0000,0.0000
6.067,2.2631,-0.0303,-5.2557,-1.5844,2,2,APPROACH,2,approach,6.0000,1.5000,-5.2500,4.0381,23.8537,0.0057,beacon,1.0000,0.5500,0.0026,0.1041,false,0.0000,0.0000,0.0000,0.0000,0.0000
6.100,2.3126,-0.0245,-5.2555,-1.3291,2,2,APPROACH,2,approach,6.0000,1.5000,-5.2500,3.9901,23.7907,0.0055,beacon,1.0000,0.5500,0.0025,0.1038,false,0.0000,0.0000,0.0000,0.0000,0.0000
6.133,2.3626,-0.0184,-5.2553,-1.0638,2,2,APPROACH,2,approach,6.0000,1.5000,-5.2500,3.9416,23.7218,0.0053,beacon,1.0000,0.5500,0.0024,0.1035,false,0.0000,0.0000,0.0000,0.0000,0.0000
6.167,2.4132,-0.0121,-5.2551,-0.7887,2,2,APPROACH,2,approach,6.0000,1.5000,-5.2500,3.8925,23.6473,0.0051,beacon,1.0000,0.5500,0.0023,0.1032,false,0.0000,0.0000,0.0000,0.0000,0.0000
6.200,2.4643,-0.0054,-5.2550,-0.5041,2,2,APPROACH,2,approach,6.0000,1.5000,-5.2500,3.8428,23.5675,0.0050,beacon,1.0000,0.5500,0.0022,0.1028,false,0.0000,0.0000,0.0000,0.0000,0.0000
6.233,2.5159,0.0015,-5.2548,-0.2103,2,2,APPROACH,2,approach,6.0000,1.5000,-5.2500,3.7927,23.4828,0.0048,beacon,1.0000,0.5500,0.0022,0.1025,false,0.0000,0.0000,0.0000,0.0000,0.0000
6.267,2.5680,0.0087,-5.2546,0.0924,2,2,APPROACH,2,approach,6.0000,1.5000,-5.2500,3.7420,23.3936,0.0046,beacon,1.0000,0.5500,0.0021,0.1021,false,0.0000,0.0000,0.0000,0.0000,0.0000
6.300,2.6205,0.0162,-5.2544,0.4037,2,2,APPROACH,2,approach,6.0000,1.5000,-5.2500,3.6909,23.3003,0.0044,beacon,1.0000,0.5500,0.0020,0.1017,false,0.0000,0.0000,0.0000,0.0000,0.0000
6.333,2.6734,0.0240,-5.2542,0.7233,2,2,APPROACH,2,approach,6.0000,1.5000,-5.2500,3.6393,23.2032,0.0042,beacon,1.0000,0.5500,0.0019,0.1012,false,0.0000,0.0000,0.0000,0.0000,0.0000
6.367,2.7268,0.0321,-5.2541,1.0509,2,2,APPROACH,2,approach,6.0000,1.5000,-5.2500,3.5873,23.1027,0.0041,beacon,1.0000,0.5500,0.0018,0.1008,false,0.0000,0.0000,0.0000,0.0000,0.0000
6.400,2.7804,0.0405,-5.2539,1.3864,2,2,APPROACH,2,approach,6.0000,1.5000,-5.2500,3.5349,22.9992,0.0039,beacon,1.0000,0.5500,0.0018,0.1004,false,0.0000,0.0000,0.0000,0.0000,0.0000
6.433,2.8345,0.0492,-5.2537,1.7294,2,2,APPROACH,2,approach,6.0000,1.5000,-5.2500,3.4822,22.8931,0.0037,beacon,1.0000,0.5500,0.0017,0.0999,false,0.0000,0.0000,0.0000,0.0000,0.0000
6.467,2.8888,0.0582,-5.2535,2.0796,2,2,APPROACH,2,approach,6.0000,1.5000,-5.2500,3.4290,22.7847,0.0035,beacon,1.0000,0.5500,0.0016,0.0994,false,0.0000,0.0000,0.0000,0.0000,0.0000
6.500,2.9435,0.0675,-5.2534,2.4369,2,2,APPROACH,2,approach,6.0000,1.5000,-5.2500,3.3756,22.6744,0.0034,beacon,1.0000,0.5500,0.0015,0.0989,false,0.0000,0.0000,0.0000,0.0000,0.0000
6.533,2.9984,0.0771,-5.2532,2.8009,2,2,APPROACH,2,approach,6.0000,1.5000,-5.2500,3.3218,22.5626,0.0032,beacon,1.0000,0.5500,0.0014,0.0984,false,0.0000,0.0000,0.0000,0.0000,0.0000
6.567,3.0536,0.0870,-5.2531,3.1714,2,2,APPROACH,2,approach,6.0000,1.5000,-5.2500,3.2677,22.4498,0.0031,beacon,1.0000,0.5500,0.0014,0.0980,false,0.0000,0.0000,0.0000,0.0000,0.0000
6.600,3.1090,0.0972,-5.2529,3.5481,2,2,APPROACH,2,approach,6.0000,1.5000,-5.2500,3.2133,22.3362,0.0029,beacon,1.0000,0.5495,0.0013,0.0975,false,0.0000,0.0000,0.0000,0.0000,0.0000
6.633,3.1647,0.1077,-5.2527,3.9309,2,2,APPROACH,2,approach,6.0000,1.5000,-5.2500,3.1587,22.2224,0.0027,beacon,1.0000,0.5376,0.0012,0.0970,false,0.0000,0.0000,0.0000,0.0000,0.0000
6.667,3.2206,0.1186,-5.2526,4.3195,2,2,APPROACH,2,approach,6.0000,1.5000,-5.2500,3.1038,22.1090,0.0026,beacon,1.0000,0.5257,0.0012,0.0965,false,0.0000,0.0000,0.0000,0.0000,0.0000
6.700,3.2767,0.1297,-5.2524,4.7137,2,2,APPROACH,2,approach,6.0000,1.5000,-5.2500,3.0486,21.9968,0.0024,beacon,0.9893,0.5138,0.0011,0.0960,false,0.0000,0.0000,0.0000,0.0000,0.0000
6.733,3.3330,0.1412,-5.2523,5.1132,2,2,APPROACH,2,approach,6.0000,1.5000,-5.2500,2.9932,21.8862,0.0023,beacon,0.9721,0.5021,0.0010,0.0955,false,0.0000,0.0000,0.0000,0.0000,0.0000
6.767,3.3895,0.1529,-5.2521,5.5179,2,2,APPROACH,2,approach,6.0000,1.5000,-5.2500,2.9375,21.7771,0.0021,beacon,0.9548,0.4904,0.0010,0.0950,false,0.0000,0.0000,0.0000,0.0000,0.0000
6.800,3.4462,0.1650,-5.2520,5.9275,2,2,APPROACH,2,approach,6.0000,1.5000,-5.2500,2.8817,21.6696,0.0020,beacon,0.9373,0.4788,0.0009,0.0946,false,0.0000,0.0000,0.0000,0.0000,0.0000
6.833,3.5029,0.1775,-5.2519,6.3419,2,2,APPROACH,2,approach,6.0000,1.5000,-5.2500,2.8257,21.5640,0.0019,beacon,0.9198,0.4674,0.0008,0.0941,false,0.0000,0.0000,0.0000,0.0000,0.0000
6.867,3.5597,0.1904,-5.2517,6.7608,2,2,APPROACH,2,approach,6.0000,1.5000,-5.2500,2.7695,21.4601,0.0017,beacon,0.9021,0.4560,0.0008,0.0936,false,0.0000,0.0000,0.0000,0.0000,0.0000
6.900,3.6165,0.2036,-5.2516,7.1841,2,2,APPROACH,2,approach,6.0000,1.5000,-5.2500,2.7132,21.3581,0.0016,beacon,0.8844,0.4447,0.0007,0.0932,false,0.0000,0.0000,0.0000,0.0000,0.0000
6.933,3.6734,0.2173,-5.2515,7.6116,2,2,APPROACH,2,approach,6.0000,1.5000,-5.2500,2.6568,21.2581,0.0015,beacon,0.8666,0.4335,0.0007,0.0928,false,0.0000,0.0000,0.0000,0.0000,0.0000
6.967,3.7303,0.2313,-5.2513,8.0431,2,2,APPROACH,2,approach,6.0000,1.5000,-5.2500,2.6002,21.1600,0.0013,beacon,0.8487,0.4224,0.0006,0.0923,false,0.0000,0.0000,0.0000,0.0000,0.0000
7.000,3.7871,0.2458,-5.2512,8.4785,2,2,APPROACH,2,approach,6.0000,1.5000,-5.2500,2.5436,21.0639,0.0012,beacon,0.8308,0.4114,0.0005,0.0919,false,0.0000,0.0000,0.0000,0.0000,0.0000
7.033,3.8439,0.2608,-5.2511,8.9175,2,2,APPROACH,2,approach,6.0000,1.5000,-5.2500,2.4869,20.9699,0.0011,beacon,0.8128,0.4005,0.0005,0.0915,false,0.0000,0.0000,0.0000,0.0000,0.0000
7.067,3.9005,0.2762,-5.2510,9.3601,2,2,APPROACH,2,approach,6.0000,1.5000,-5.2500,2.4301,20.8780,0.0010,beacon,0.7947,0.3897,0.0004,0.0911,false,0.0000,0.0000,0.0000,0.0000,0.0000
7.100,3.9571,0.2921,-5.2509,9.8060,2,2,APPROACH,2,approach,6.0000,1.5000,-5.2500,2.3733,20.7883,0.0009,beacon,0.7766,0.3790,0.0004,0.0907,false,0.0000,0.0000,0.0000,0.0000,0.0000
7.133,4.0135,0.3085,-5.2508,10.2552,2,2,APPROACH,2,approach,6.0000,1.5000,-5.2500,2.3164,20.7008,0.0008,beacon,0.7584,0.3685,0.0003,0.0903,false,0.0000,0.0000,0.0000,0.0000,0.0000
7.167,4.0698,0.3254,-5.2507,10.7133,2,2,APPROACH,2,approach,6.0000,1.5000,-5.2500,2.2595,20.6097,0.0007,beacon,0.7402,0.3579,0.0003,0.0899,false,0.0000,0.0000,0.0000,0.0000,0.0000
7.200,4.1258,0.3427,-5.2506,11.1881,2,2,APPROACH,2,approach,6.0000,1.5000,-5.2500,2.2027,20.5077,0.0006,beacon,0.7221,0.3473,0.0003,0.0895,false,0.0000,0.0000,0.0000,0.0000,0.0000
7.233,4.1816,0.3605,-5.2505,11.6794,2,2,APPROACH,2,approach,6.0000,1.5000,-5.2500,2.1459,20.3953,0.0005,fallback_beacon,0.7040,0.3365,0.0002,0.0890,false,0.0000,0.0000,0.0000,0.0000,0.0000
7.267,4.2371,0.3786,-5.2504,12.1866,2,2,APPROACH,2,approach,6.0000,1.5000,-5.2500,2.0893,20.2736,0.0004,vision,0.4500,-0.0210,0.0000,-0.0067,true,0.5713,-0.0750,0.0417,0.0287,0.0000
7.300,4.2916,0.3963,-5.2503,12.6789,2,2,APPROACH,2,approach,6.0000,1.5000,-5.2500,2.0339,20.1858,0.0003,fallback_beacon,0.6681,0.3158,0.0001,0.0881,false,0.0000,0.0000,0.0000,0.0000,0.0000
7.333,4.3458,0.4143,-5.2502,13.1869,2,2,APPROACH,2,approach,6.0000,1.5000,-5.2500,1.9786,20.0901,0.0002,vision,0.1600,-0.1610,0.2246,-0.0517,true,0.6950,-0.5750,-0.6417,0.0052,7.1250
7.367,4.3983,0.4314,-5.2494,13.6658,2,2,APPROACH,2,approach,6.0000,1.5000,-5.2500,1.9255,20.0432,-0.0006,fallback_beacon,0.6331,0.2970,-0.0003,0.0875,false,0.0000,0.0000,0.0000,0.0000,0.0000
7.400,4.4503,0.4489,-5.2487,14.1605,2,2,APPROACH,2,approach,6.0000,1.5000,-5.2500,1.8725,19.9888,-0.0013,vision,0.1600,-0.1566,0.2231,-0.0503,true,0.6884,-0.5594,-0.6375,0.0047,12.5288
7.433,4.5008,0.4654,-5.2474,14.6268,2,2,APPROACH,2,approach,6.0000,1.5000,-5.2500,1.8215,19.9838,-0.0026,fallback_beacon,0.5991,0.2801,-0.0012,0.0872,false,0.0000,0.0000,0.0000,0.0000,0.0000
7.467,4.5509,0.4823,-5.2461,15.1091,2,2,APPROACH,2,approach,6.0000,1.5000,-5.2500,1.7708,19.9720,-0.0039,vision,0.1600,-0.1522,0.2231,-0.0489,true,0.5909,-0.5437,-0.6375,0.0054,18.4349
7.500,4.5995,0.4983,-5.2442,15.5638,2,2,APPROACH,2,approach,6.0000,1.5000,-5.2500,1.7219,20.0103,-0.0058,fallback_beacon,0.5663,0.2651,-0.0026,0.0873,false,0.0000,0.0000,0.0000,0.0000,0.0000
7.533,4.6477,0.5147,-5.2423,16.0348,2,2,APPROACH,2,approach,6.0000,1.5000,-5.2500,1.6732,20.0424,-0.0077,vision,0.1600,-0.1453,0.2231,-0.0467,true,0.6499,-0.5188,-0.6375,0.0049,0.0000
7.567,4.6944,0.5303,-5.2399,16.4793,2,2,APPROACH,2,approach,6.0000,1.5000,-5.2500,1.6263,20.1252,-0.0101,fallback_beacon,0.5345,0.2518,-0.0045,0.0878,false,0.0000,0.0000,0.0000,0.0000,0.0000
7.600,4.7408,0.5462,-5.2376,16.9405,2,2,APPROACH,2,approach,6.0000,1.5000,-5.2500,1.5797,20.2025,-0.0124,vision,0.1600,-0.1409,0.2217,-0.0453,true,0.5981,-0.5031,-0.6333,0.0049,0.0000
7.633,4.7858,0.5613,-5.2347,17.3758,2,2,APPROACH,2,approach,6.0000,1.5000,-5.2500,1.5348,20.3316,-0.0153,fallback_beacon,0.5037,0.2400,-0.0069,0.0887,false,0.0000,0.0000,0.0000,0.0000,0.0000
7.667,4.8304,0.5768,-5.2320,17.8283,2,2,APPROACH,2,approach,6.0000,1.5000,-5.2500,1.4902,20.4561,-0.0180,vision,0.4500,0.0000,0.0000,0.0000,true,0.5861,0.0437,0.0583,0.0419,0.0000
7.700,4.8745,0.5921,-5.2294,18.2696,2,2,APPROACH,2,approach,6.0000,1.5000,-5.2500,1.4462,20.6222,-0.0206,fallback_beacon,0.4737,0.2292,-0.0093,0.0900,false,0.0000,0.0000,0.0000,0.0000,0.0000
7.733,4.9181,0.6077,-5.2269,18.7283,2,2,APPROACH,2,approach,6.0000,1.5000,-5.2500,1.4026,20.7856,-0.0231,vision,0.4500,0.0184,-0.0219,0.0059,true,0.5842,0.0656,0.0625,0.0447,0.0000
7.767,4.9613,0.6232,-5.2245,19.1774,2,2,APPROACH,2,approach,6.0000,1.5000,-5.2500,1.3596,20.9914,-0.0255,fallback_beacon,0.4443,0.2192,-0.0115,0.0916,false,0.0000,0.0000,0.0000,0.0000,0.0000
7.800,5.0039,0.6389,-5.2223,19.6444,2,2,APPROACH,2,approach,6.0000,1.5000,-5.2500,1.3170,21.1969,-0.0277,vision,0.4500,0.0254,-0.0262,0.0082,true,0.5862,0.0906,0.0750,0.0469,0.0000
7.833,5.0461,0.6546,-5.2203,20.1022,2,2,APPROACH,2,approach,6.0000,1.5000,-5.2500,1.2749,21.4483,-0.0297,fallback_beacon,0.4153,0.2098,-0.0134,0.0936,false,0.0000,0.0000,0.0000,0.0000,0.0000
7.867,5.0878,0.6705,-5.2184,20.5783,2,2,APPROACH,2,approach,6.0000,1.5000,-5.2500,1.2334,21.7022,-0.0316,vision,0.1600,-0.1242,0.2158,-0.0399,true,0.6201,-0.4437,-0.6167,0.0037,-7.1250
7.900,5.1283,0.6857,-5.2159,21.0298,2,2,APPROACH,2,approach,6.0000,1.5000,-5.2500,1.1934,22.0201,-0.0341,fallback_beacon,0.3872,0.2013,-0.0153,0.0961,false,0.0000,0.0000,0.0000,0.0000,0.0000
7.933,5.1682,0.7011,-5.2136,21.5005,2,2,APPROACH,2,approach,6.0000,1.5000,-5.2500,1.1539,22.3423,-0.0364,vision,0.1600,0.0376,-0.0292,0.0121,true,0.5934,0.1344,0.0833,0.0548,0.0000
7.967,5.2069,0.7162,-5.2114,21.9633,2,2,APPROACH,2,approach,6.0000,1.5000,-5.2500,1.1157,22.7000,-0.0386,fallback_beacon,0.3602,0.1938,-0.0174,0.0990,false,0.0000,0.0000,0.0000,0.0000,0.0000
8.000,5.2451,0.7315,-5.2094,22.4458,2,2,APPROACH,2,approach,6.0000,1.5000,-5.2500,1.0781,23.0642,-0.0406,vision,0.1600,0.0446,-0.0306,0.0143,true,0.5888,0.1594,0.0875,0.0587,0.0000
8.033,5.2821,0.7465,-5.2076,22.9209,2,2,APPROACH,2,approach,6.0000,1.5000,-5.2500,1.0416,23.4665,-0.0424,fallback_beacon,0.3344,0.1867,-0.0191,0.1024,false,0.0000,0.0000,0.0000,0.0000,0.0000
8.067,5.3185,0.7616,-5.2059,23.4166,2,2,APPROACH,2,approach,6.0000,1.5000,-5.2500,1.0058,23.8777,-0.0441,vision,0.1600,0.0516,-0.0350,0.0166,true,0.5910,0.1844,0.1000,0.0612,0.0000
8.100,5.3539,0.7765,-5.2043,23.9051,2,2,APPROACH,2,approach,6.0000,1.5000,-5.2500,0.9711,24.3300,-0.0457,fallback_beacon,0.3097,0.1800,-0.0206,0.1062,false,0.0000,0.0000,0.0000,0.0000,0.0000
8.133,5.3887,0.7915,-5.2029,24.4150,2,2,APPROACH,2,approach,6.0000,1.5000,-5.2500,0.9370,24.7941,-0.0471,vision,0.1600,0.0586,-0.0379,0.0188,true,0.5931,0.2094,0.1083,0.0664,0.0000
8.167,5.4225,0.8063,-5.2016,24.9182,2,2,APPROACH,2,approach,6.0000,1.5000,-5.2500,0.9039,25.3030,-0.0484,fallback_beacon,0.2860,0.1739,-0.0218,0.1104,false,0.0000,0.0000,0.0000,0.0000,0.0000
8.200,5.4556,0.8212,-5.2005,25.4438,2,2,APPROACH,2,approach,6.0000,1.5000,-5.2500,0.8715,25.8268,-0.0495,vision,0.1600,0.0674,-0.0394,0.0217,true,0.6087,0.2406,0.1125,0.0730,0.0000
8.233,5.4879,0.8359,-5.1995,25.9632,2,2,APPROACH,2,approach,6.0000,1.5000,-5.2500,0.8401,26.3994,-0.0505,fallback_beacon,0.2634,0.1681,-0.0227,0.1152,false,0.0000,0.0000,0.0000,0.0000,0.0000
8.267,5.5195,0.8507,-5.1987,26.5060,2,2,APPROACH,2,approach,6.0000,1.5000,-5.2500,0.8094,26.9907,-0.0513,vision,0.1600,0.0761,-0.0437,0.0245,true,0.6057,0.2719,0.1250,0.0773,5.7106
8.300,5.5503,0.8653,-5.1979,27.0431,2,2,APPROACH,2,approach,6.0000,1.5000,-5.2500,0.7796,27.6355,-0.0521,fallback_beacon,0.2356,0.1586,-0.0234,0.1206,false,0.0000,0.0000,0.0000,0.0000,0.0000
8.333,5.5804,0.8800,-5.1973,27.6049,2,2,APPROACH,2,approach,6.0000,1.5000,-5.2500,0.7505,28.3030,-0.0527,vision,0.1600,0.2503,0.0000,0.0804,true,0.6318,0.8938,0.0167,0.0063,0.0000
8.367,5.6095,0.8948,-5.1967,28.1782,2,2,APPROACH,2,approach,6.0000,1.5000,-5.2500,0.7222,28.9883,-0.0533,fallback_beacon,0.2000,0.1422,-0.0240,0.1265,false,0.0000,0.0000,0.0000,0.0000,0.0000
8.400,5.6379,0.9097,-5.1963,28.7773,2,2,APPROACH,2,approach,6.0000,1.5000,-5.2500,0.6946,29.7011,-0.0537,vision,0.1600,0.2651,0.0000,0.0852,true,0.6959,0.9469,0.0250,0.0040,0.0000
8.433,5.6655,0.9247,-5.1958,29.3884,2,2,APPROACH,2,approach,6.0000,1.5000,-5.2500,0.6677,30.4348,-0.0542,fallback_beacon,0.2000,0.1270,-0.0244,0.1328,false,0.0000,0.0000,0.0000,0.0000,0.0000
8.467,5.6924,0.9396,-5.1954,30.0264,2,2,APPROACH,2,approach,6.0000,1.5000,-5.2500,0.6416,31.2059,-0.0546,vision,0.1600,0.1059,-0.0510,0.0340,true,0.6344,0.3781,0.1458,0.1015,7.4606
8.500,5.7186,0.9545,-5.1952,30.6591,2,2,APPROACH,2,approach,6.0000,1.5000,-5.2500,0.6163,32.0493,-0.0548,fallback_beacon,0.2000,0.1134,-0.0247,0.1398,false,0.0000,0.0000,0.0000,0.0000,0.0000
8.533,5.7442,0.9693,-5.1951,31.3204,2,2,TRANSIT,2,exit,10.0000,1.5000,-5.2500,4.2891,-24.2129,-0.0549,vision,0.1600,0.1181,-0.0540,0.0380,true,0.6401,0.4219,0.1542,0.1100,4.3987
8.567,5.7691,0.9841,-5.1951,31.9772,2,2,TRANSIT,2,exit,10.0000,1.5000,-5.2500,4.2626,-25.0250,-0.0549,fallback_beacon,1.0000,-0.5500,-0.0247,0.0798,false,0.0000,0.0000,0.0000,0.0000,0.0000
8.600,5.7957,0.9992,-5.1952,32.6303,2,2,TRANSIT,2,exit,10.0000,1.5000,-5.2500,4.2344,-25.8371,-0.0548,vision,0.1600,0.1321,-0.0598,0.0425,true,0.6443,0.4719,0.1708,0.1207,6.9811
8.633,5.8214,1.0142,-5.1955,33.2804,2,2,TRANSIT,2,exit,10.0000,1.5000,-5.2500,4.2071,-26.6487,-0.0545,fallback_beacon,1.0000,-0.5500,-0.0245,0.0198,false,0.0000,0.0000,0.0000,0.0000,0.0000
8.667,5.8487,1.0296,-5.1958,33.9175,2,2,TRANSIT,2,exit,10.0000,1.5000,-5.2500,4.1782,-27.4521,-0.0542,vision,0.1600,0.1461,-0.0656,0.0470,true,0.6572,0.5219,0.1875,0.1354,8.6864
8.700,5.8752,1.0449,-5.1963,34.5535,2,2,TRANSIT,2,exit,10.0000,1.5000,-5.2500,4.1501,-28.2573,-0.0537,fallback_beacon,1.0000,-0.5500,-0.0241,-0.0402,false,0.0000,0.0000,0.0000,0.0000,0.0000
8.733,5.9032,1.0606,-5.1969,35.1673,2,2,TRANSIT,2,exit,10.0000,1.5000,-5.2500,4.1206,-29.0460,-0.0531,vision,0.1600,0.1575,-0.0671,0.0506,true,0.6823,0.5625,0.1917,0.1495,0.0000
8.767,5.9303,1.0764,-5.1977,35.7817,2,2,TRANSIT,2,exit,10.0000,1.5000,-5.2500,4.0920,-29.8387,-0.0523,fallback_beacon,1.0000,-0.5500,-0.0235,-0.1002,false,0.0000,0.0000,0.0000,0.0000,0.0000
8.800,5.9588,1.0925,-5.1985,36.3649,2,2,TRANSIT,2,exit,10.0000,1.5000,-5.2500,4.0620,-30.6069,-0.0515,vision,0.1600,0.1610,-0.0700,0.0517,true,0.7007,0.5750,0.2000,0.1487,5.7106
8.833,5.9864,1.1086,-5.1994,36.9500,2,2,TRANSIT,2,exit,10.0000,1.5000,-5.2500,4.0329,-31.3803,-0.0506,fallback_beacon,1.0000,-0.5500,-0.0227,-0.1369,false,0.0000,0.0000,0.0000,0.0000,0.0000
8.867,6.0154,1.1252,-5.2005,37.4987,2,2,TRANSIT,2,exit,10.0000,1.5000,-5.2500,4.0025,-32.1251,-0.0495,vision,0.1600,0.1645,-0.0729,0.0529,true,0.7170,0.5875,0.2083,0.1478,10.3048
8.900,6.0435,1.1417,-5.2016,38.0505,2,2,TRANSIT,2,exit,10.0000,1.5000,-5.2500,3.9730,-32.8764,-0.0484,fallback_beacon,1.0000,-0.5500,-0.0218,-0.1435,false,0.0000,0.0000,0.0000,0.0000,0.0000
8.933,6.0729,1.1588,-5.2028,38.5657,2,2,TRANSIT,2,exit,10.0000,1.5000,-5.2500,3.9422,-33.5997,-0.0472,vision,0.1600,0.1680,-0.0773,0.0540,true,0.7307,0.6000,0.2208,0.1450,9.2933
8.967,6.1013,1.1758,-5.2042,39.0852,2,2,TRANSIT,2,exit,10.0000,1.5000,-5.2500,3.9124,-34.3309,-0.0458,fallback_beacon,1.0000,-0.5500,-0.0206,-0.1498,false,0.0000,0.0000,0.0000,0.0000,0.0000
9.000,6.1311,1.1933,-5.2056,39.5679,2,2,TRANSIT,2,exit,10.0000,1.5000,-5.2500,3.8813,-35.0348,-0.0444,vision,0.1600,0.1715,-0.0788,0.0551,true,0.7532,0.6125,0.2250,0.1453,11.4337
9.033,6.1598,1.2107,-5.2072,40.0561,2,2,TRANSIT,2,exit,10.0000,1.5000,-5.2500,3.8513,-35.7478,-0.0428,fallback_beacon,1.0000,-0.5500,-0.0193,-0.1560,false,0.0000,0.0000,0.0000,0.0000,0.0000
9.067,6.1898,1.2287,-5.2088,40.5073,2,2,TRANSIT,2,exit,10.0000,1.5000,-5.2500,3.8201,-36.4342,-0.0412,vision,0.1600,0.1741,-0.0802,0.0560,true,0.7800,0.6219,0.2292,0.1465,12.0115
9.100,6.2188,1.2466,-5.2105,40.9650,2,2,TRANSIT,2,exit,10.0000,1.5000,-5.2500,3.7899,-37.1308,-0.0395,fallback_beacon,1.0000,-0.5500,-0.0178,-0.1620,false,0.0000,0.0000,0.0000,0.0000,0.0000
9.133,6.2490,1.2651,-5.2123,41.3855,2,2,TRANSIT,2,exit,10.0000,1.5000,-5.2500,3.7586,-37.8015,-0.0377,vision,0.1600,0.1776,-0.0846,0.0571,true,0.7970,0.6344,0.2417,0.1432,0.0000
9.167,6.2781,1.2834,-5.2142,41.8137,2,2,TRANSIT,2,exit,10.0000,1.5000,-5.2500,3.7283,-38.4835,-0.0358,fallback_beacon,1.0000,-0.5500,-0.0161,-0.1679,false,0.0000,0.0000,0.0000,0.0000,0.0000
9.200,6.3085,1.3024,-5.2161,42.2045,2,2,TRANSIT,2,exit,10.0000,1.5000,-5.2500,3.6970,-39.1403,-0.0339,vision,0.1600,0.1803,-0.0846,0.0579,true,0.8287,0.6438,0.2417,0.1455,0.0000
9.233,6.3378,1.3212,-5.2182,42.6039,2,2,TRANSIT,2,exit,10.0000,1.5000,-5.2500,3.6667,-39.8094,-0.0318,fallback_beacon,0.9858,-0.5500,-0.0143,-0.1737,false,0.0000,0.0000,0.0000,0.0000,0.0000
9.267,6.3682,1.3406,-5.2202,42.9658,2,2,TRANSIT,2,exit,10.0000,1.5000,-5.2500,3.6354,-40.4534,-0.0298,vision,0.1600,0.1838,-0.0890,0.0591,true,0.8482,0.6562,0.2542,0.1418,0.0000
9.300,6.3976,1.3599,-5.2225,43.3374,2,2,TRANSIT,2,exit,10.0000,1.5000,-5.2500,3.6052,-41.1108,-0.0275,fallback_beacon,0.9507,-0.5500,-0.0124,-0.1794,false,0.0000,0.0000,0.0000,0.0000,0.0000
9.333,6.4282,1.3797,-5.2246,43.6712,2,2,TRANSIT,2,exit,10.0000,1.5000,-5.2500,3.5740,-41.7426,-0.0254,vision,0.1600,0.1864,-0.0948,0.0599,true,0.8599,0.6656,0.2708,0.1379,0.0000
9.367,6.4576,1.3994,-5.2270,44.0158,2,2,TRANSIT,2,exit,10.0000,1.5000,-5.2500,3.5439,-42.3887,-0.0230,fallback_beacon,0.9161,-0.5500,-0.0103,-0.1850,false,0.0000,0.0000,0.0000,0.0000,0.0000
9.400,6.4882,1.4195,-5.2293,44.3223,2,2,TRANSIT,2,exit,10.0000,1.5000,-5.2500,3.5128,-43.0086,-0.0207,vision,0.1600,0.1890,-0.0992,0.0607,true,0.8918,0.6750,0.2833,0.1381,0.0000
9.433,6.5176,1.4394,-5.2319,44.6405,2,2,TRANSIT,2,exit,10.0000,1.5000,-5.2500,3.4830,-43.6437,-0.0181,fallback_beacon,0.8822,-0.5500,-0.0082,-0.1904,false,0.0000,0.0000,0.0000,0.0000,0.0000
9.467,6.5482,1.4597,-5.2343,44.9205,2,2,TRANSIT,2,exit,10.0000,1.5000,-5.2500,3.4521,-44.2520,-0.0157,vision,0.1600,0.1925,-0.0977,0.0619,true,0.8682,0.6875,0.2792,0.1393,0.0000
9.500,6.5776,1.4799,-5.2370,45.2132,2,2,TRANSIT,2,exit,10.0000,1.5000,-5.2500,3.4225,-44.8766,-0.0130,fallback_beacon,0.8488,-0.5500,-0.0059,-0.1958,false,0.0000,0.0000,0.0000,0.0000,0.0000
9.533,6.6082,1.5004,-5.2395,45.4674,2,2,TRANSIT,2,exit,10.0000,1.5000,-5.2500,3.3918,-45.4737,-0.0105,vision,0.1600,0.1960,-0.1021,0.0630,true,0.8338,0.7000,0.2917,0.1375,0.0000
9.567,6.6376,1.5207,-5.2423,45.7353,2,2,TRANSIT,2,exit,10.0000,1.5000,-5.2500,3.3625,-46.0882,-0.0077,fallback_beacon,0.8162,-0.5500,-0.0035,-0.2011,false,0.0000,0.0000,0.0000,0.0000,0.0000
9.600,6.6681,1.5413,-5.2450,45.9647,2,2,TRANSIT,2,exit,10.0000,1.5000,-5.2500,3.3322,-46.6746,-0.0050,vision,0.1600,0.1986,-0.1050,0.0638,true,0.7989,0.7094,0.3000,0.1380,0.0000
9.633,6.6975,1.5617,-5.2478,46.2085,2,2,TRANSIT,2,exit,10.0000,1.5000,-5.2500,3.3031,-47.2792,-0.0022,fallback_beacon,0.7843,-0.5500,-0.0010,-0.2063,false,0.0000,0.0000,0.0000,0.0000,0.0000
9.667,6.7279,1.5823,-5.2506,46.4136,2,2,TRANSIT,2,exit,10.0000,1.5000,-5.2500,3.2731,-47.8552,0.0006,vision,0.0800,-0.0980,-0.1342,-0.0315,true,0.8052,-0.3500,0.3833,0.4008,0.0000
9.700,6.7575,1.6022,-5.2537,46.6035,2,2,TRANSIT,2,exit,10.0000,1.5000,-5.2500,3.2441,-48.4091,0.0037,fallback_beacon,0.7537,-0.5500,0.0017,-0.2112,false,0.0000,0.0000,0.0000,0.0000,0.0000
9.733,6.7882,1.6222,-5.2566,46.7552,2,2,TRANSIT,2,exit,10.0000,1.5000,-5.2500,3.2141,-48.9347,0.0066,vision,0.0800,-0.1059,-0.1225,-0.0340,true,0.8448,-0.3781,0.3500,0.4042,0.0000
9.767,6.8180,1.6415,-5.2598,46.8923,2,2,TRANSIT,2,exit,10.0000,1.5000,-5.2500,3.1851,-49.4387,0.0098,fallback_beacon,0.7249,-0.5500,0.0044,-0.2157,false,0.0000,0.0000,0.0000,0.0000,0.0000
9.800,6.8489,1.6609,-5.2629,46.9918,2,2,TRANSIT,2,exit,10.0000,1.5000,-5.2500,3.1552,-49.9151,0.0129,vision,0.0800,-0.1146,-0.1342,-0.0368,true,0.8606,-0.4094,0.3833,0.3642,-0.0000
9.833,6.8789,1.6796,-5.2662,47.0771,2,2,TRANSIT,2,exit,10.0000,1.5000,-5.2500,3.1263,-50.3702,0.0162,fallback_beacon,0.6979,-0.5500,0.0073,-0.2198,false,0.0000,0.0000,0.0000,0.0000,0.0000
9.867,6.9100,1.6984,-5.2694,47.1255,2,2,TRANSIT,2,exit,10.0000,1.5000,-5.2500,3.0964,-50.7983,0.0194,vision,0.0800,-0.1199,-0.1342,-0.0385,true,0.8797,-0.4281,0.3833,0.3527,0.0000
9.900,6.9402,1.7164,-5.2729,47.1604,2,2,TRANSIT,2,exit,10.0000,1.5000,-5.2500,3.0675,-51.2059,0.0229,fallback_beacon,0.6726,-0.5500,0.0103,-0.2234,false,0.0000,0.0000,0.0000,0.0000,0.0000
9.933,6.9715,1.7345,-5.2762,47.1538,2,2,TRANSIT,2,exit,10.0000,1.5000,-5.2500,3.0377,-51.5818,0.0262,vision,0.0800,-0.1208,-0.1327,-0.0388,true,0.8846,-0.4313,0.3792,0.3531,0.0000
9.967,7.0019,1.7519,-5.2797,47.1351,2,2,TRANSIT,2,exit,10.0000,1.5000,-5.2500,3.0088,-51.9387,0.0297,fallback_beacon,0.6492,-0.5500,0.0134,-0.2266,false,0.0000,0.0000,0.0000,0.0000,0.0000
10.000,7.0333,1.7694,-5.2831,47.0679,2,2,TRANSIT,2,exit,10.0000,1.5000,-5.2500,2.9791,-52.2569,0.0331,vision,0.0800,-0.1225,-0.1327,-0.0394,true,0.8897,-0.4375,0.3792,0.3492,0.0000
10.033,7.0639,1.7862,-5.2868,46.9900,2,2,TRANSIT,2,exit,10.0000,1.5000,-5.2500,2.9503,-52.5575,0.0368,fallback_beacon,0.6278,-0.5500,0.0166,-0.2293,false,0.0000,0.0000,0.0000,0.0000,0.0000
10.067,7.0954,1.8030,-5.2903,46.8577,2,2,TRANSIT,2,exit,10.0000,1.5000,-5.2500,2.9206,-52.8134,0.0403,vision,0.0800,-0.1251,-0.1327,-0.0402,true,0.8974,-0.4469,0.3792,0.3434,0.0000
10.100,7.1261,1.8192,-5.2940,46.7160,2,2,TRANSIT,2,exit,10.0000,1.5000,-5.2500,2.8919,-53.0531,0.0440,fallback_beacon,0.6084,-0.5500,0.0198,-0.2315,false,0.0000,0.0000,0.0000,0.0000,0.0000
10.133,7.1577,1.8353,-5.2975,46.5149,2,2,TRANSIT,2,exit,10.0000,1.5000,-5.2500,2.8624,-53.2429,0.0475,vision,0.0800,-0.1295,-0.1327,-0.0416,true,0.9092,-0.4625,0.3792,0.3337,0.0000
10.167,7.1885,1.8508,-5.3013,46.3056,2,2,TRANSIT,2,exit,10.0000,1.5000,-5.2500,2.8337,-53.4178,0.0513,fallback_beacon,0.5911,-0.5500,0.0231,-0.2331,false,0.0000,0.0000,0.0000,0.0000,0.0000
10.200,7.2202,1.8662,-5.3049,46.0328,2,2,TRANSIT,2,exit,10.0000,1.5000,-5.2500,2.8043,-53.5385,0.0549,vision,0.0800,-0.1339,-0.1342,-0.0430,true,0.9212,-0.4781,0.3833,0.3218,-0.0000
10.233,7.2511,1.8811,-5.3087,45.7531,2,2,TRANSIT,2,exit,10.0000,1.5000,-5.2500,2.7758,-53.6458,0.0587,fallback_beacon,0.5759,-0.5500,0.0264,-0.2341,false,0.0000,0.0000,0.0000,0.0000,0.0000
10.267,7.2829,1.8958,-5.3123,45.4065,2,2,TRANSIT,2,exit,10.0000,1.5000,-5.2500,2.7465,-53.6953,0.0623,vision,0.0800,-0.1409,-0.1342,-0.0453,true,0.9455,-0.5031,0.3833,0.3064,0.0000
10.300,7.3139,1.9100,-5.3162,45.0543,2,2,TRANSIT,2,exit,10.0000,1.5000,-5.2500,2.7181,-53.7325,0.0662,fallback_beacon,0.5628,-0.5500,0.0298,-0.2345,false,0.0000,0.0000,0.0000,0.0000,0.0000
10.333,7.3457,1.9240,-5.3198,44.6365,2,2,TRANSIT,2,exit,10.0000,1.5000,-5.2500,2.6889,-53.7131,0.0698,vision,0.0800,-0.1488,-0.1312,-0.0478,true,0.9826,-0.5312,0.3750,0.2930,0.0000
10.367,7.3767,1.9375,-5.3237,44.2141,2,2,TRANSIT,2,exit,10.0000,1.5000,-5.2500,2.6605,-53.6824,0.0737,fallback_beacon,0.5515,-0.5500,0.0332,-0.2342,false,0.0000,0.0000,0.0000,0.0000,0.0000
10.400,7.4086,1.9508,-5.3273,43.7279,2,2,TRANSIT,2,exit,10.0000,1.5000,-5.2500,2.6314,-53.5966,0.0773,vision,0.0800,-0.1593,-0.1327,-0.0512,true,0.9431,-0.5687,0.3792,0.2677,0.0000
10.433,7.4397,1.9635,-5.3312,43.2376,2,2,TRANSIT,2,exit,10.0000,1.5000,-5.2500,2.6032,-53.5000,0.0812,fallback_beacon,0.5419,-0.5500,0.0365,-0.2334,false,0.0000,0.0000,0.0000,0.0000,0.0000
10.467,7.4717,1.9761,-5.3348,42.6857,2,2,TRANSIT,2,exit,10.0000,1.5000,-5.2500,2.5741,-53.3501,0.0848,vision,0.1600,-0.1733,-0.1342,-0.0557,true,0.8856,-0.6188,0.3833,0.2351,0.0000
10.500,7.5030,1.9883,-5.3387,42.1298,2,2,TRANSIT,2,exit,10.0000,1.5000,-5.2500,2.5458,-53.1939,0.0887,fallback_beacon,0.5338,-0.5500,0.0399,-0.2321,false,0.0000,0.0000,0.0000,0.0000,0.0000
10.533,7.5352,2.0002,-5.3423,41.5143,2,2,TRANSIT,2,exit,10.0000,1.5000,-5.2500,2.5167,-52.9863,0.0923,vision,0.1600,-0.1925,-0.1342,-0.0619,true,0.8059,-0.6875,0.3833,0.1927,0.0000
10.567,7.5668,2.0117,-5.3462,40.8945,2,2,TRANSIT,2,exit,10.0000,1.5000,-5.2500,2.4883,-52.7714,0.0962,fallback_beacon,0.5269,-0.5500,0.0433,-0.2303,false,0.0000,0.0000,0.0000,0.0000,0.0000
10.600,7.5992,2.0230,-5.3498,40.2172,2,2,TRANSIT,2,exit,10.0000,1.5000,-5.2500,2.4591,-52.5072,0.0998,vision,0.1600,0.2126,-0.1458,0.0683,true,0.6848,0.7594,0.4167,0.1404,0.0000
10.633,7.6305,2.0345,-5.3537,39.5786,2,2,TRANSIT,2,exit,10.0000,1.5000,-5.2500,2.4313,-52.2910,0.1037,fallback_beacon,0.5205,-0.5500,0.0467,-0.2282,false,0.0000,0.0000,0.0000,0.0000,0.0000
10.667,7.6625,2.0458,-5.3574,38.8835,2,2,TRANSIT,2,exit,10.0000,1.5000,-5.2500,2.4027,-52.0258,0.1074,vision,0.1600,0.2109,-0.1458,0.0678,true,0.6956,0.7531,0.4167,0.1440,0.0000
10.700,7.6935,2.0572,-5.3613,38.2274,2,2,TRANSIT,2,exit,10.0000,1.5000,-5.2500,2.3755,-51.8090,0.1113,fallback_beacon,0.5141,-0.5500,0.0501,-0.2261,false,0.0000,0.0000,0.0000,0.0000,0.0000
10.733,7.7162,2.0677,-5.3630,39.6816,2,2,TRANSIT,2,exit,10.0000,1.5000,-5.2500,2.3560,-53.6406,0.1130,vision,0.0800,-0.1418,-0.1298,-0.0456,true,0.9606,-0.5062,0.3708,0.3107,0.0000
10.767,7.7179,2.0625,-5.3650,45.3778,2,2,TRANSIT,2,exit,10.0000,1.5000,-5.2500,2.3533,-59.2250,0.1150,fallback_beacon,0.4214,-0.5500,0.0517,-0.2500,false,0.0000,0.0000,0.0000,0.0000,0.0000
10.800,7.7212,2.0577,-5.3668,50.8531,2,2,TRANSIT,2,exit,10.0000,1.5000,-5.2500,2.3490,-64.6040,0.1168,vision,0.0800,-0.0735,-0.1035,-0.0236,true,0.8179,-0.2625,0.2958,0.5193,-0.0000
10.833,7.7247,2.0530,-5.3688,56.1850,2,2,TRANSIT,2,exit,10.0000,1.5000,-5.2500,2.3446,-69.8453,0.1188,fallback_beacon,0.2827,-0.5500,0.0535,-0.2500,false,0.0000,0.0000,0.0000,0.0000,0.0000
10.867,7.7294,2.0485,-5.3706,61.3055,2,2,TRANSIT,2,exit,10.0000,1.5000,-5.2500,2.3390,-74.8873,0.1206,vision,0.0800,0.0604,-0.1094,0.0194,true,0.7875,0.2156,0.3125,0.5393,0.0000
10.900,7.7340,2.0445,-5.3727,66.3052,2,2,TRANSIT,2,exit,10.0000,1.5000,-5.2500,2.3337,-79.8165,0.1227,fallback_beacon,0.2000,-0.5500,0.0552,-0.2500,false,0.0000,0.0000,0.0000,0.0000,0.0000
10.933,7.7398,2.0406,-5.3745,71.1017,2,2,TRANSIT,2,exit,10.0000,1.5000,-5.2500,2.3273,-84.5533,0.1245,vision,0.1600,-0.1820,-0.1400,-0.0585,true,0.8618,-0.6500,0.4000,0.2100,0.0000
10.967,7.7458,2.0372,-5.3766,75.7602,2,2,TRANSIT,2,exit,10.0000,1.5000,-5.2500,2.3208,-89.1645,0.1266,fallback_beacon,0.2000,-0.5500,0.0570,-0.2500,false,0.0000,0.0000,0.0000,0.0000,0.0000
11.000,7.7529,2.0342,-5.3785,80.2232,2,2,TRANSIT,2,exit,10.0000,1.5000,-5.2500,2.3133,-93.5955,0.1285,vision,0.0800,-0.1470,-0.1400,-0.0473,true,0.9531,-0.5250,0.4000,0.2850,0.0000
11.033,7.7601,2.0314,-5.3807,84.5594,2,2,TRANSIT,2,exit,10.0000,1.5000,-5.2500,2.3058,-97.9066,0.1307,fallback_beacon,-0.1110,-0.5500,0.0588,-0.2500,false,0.0000,0.0000,0.0000,0.0000,0.0000
11.067,7.7682,2.0283,-5.3827,88.7076,2,2,TRANSIT,2,exit,10.0000,1.5000,-5.2500,2.2973,-102.0243,0.1327,vision,0.0800,-0.1164,-0.1429,-0.0374,true,0.8520,-0.4156,0.4083,0.3458,0.0000
11.100,7.7781,2.0227,-5.3841,91.4746,2,2,TRANSIT,2,exit,10.0000,1.5000,-5.2500,2.2865,-104.7129,0.1341,fallback_beacon,-0.2032,-0.5500,0.0603,-0.2500,false,0.0000,0.0000,0.0000,0.0000,0.0000
11.133,7.7890,2.0168,-5.3853,92.9988,2,2,TRANSIT,2,exit,10.0000,1.5000,-5.2500,2.2746,-106.1550,0.1353,vision,0.0800,-0.0954,-0.1415,-0.0307,true,0.8079,-0.3406,0.4042,0.3929,-0.0000
11.167,7.7997,2.0114,-5.3868,94.4729,2,2,TRANSIT,2,exit,10.0000,1.5000,-5.2500,2.2630,-107.5569,0.1368,fallback_beacon,-0.2389,-0.5500,0.0616,-0.2500,false,0.0000,0.0000,0.0000,0.0000,0.0000
11.200,7.8113,2.0055,-5.3881,95.8283,2,2,TRANSIT,2,exit,10.0000,1.5000,-5.2500,2.2505,-108.8320,0.1381,vision,0.0800,-0.0936,-0.1400,-0.0301,true,0.8074,-0.3344,0.4000,0.3994,-0.0000
11.233,7.8226,2.0000,-5.3898,97.1377,2,2,TRANSIT,2,exit,10.0000,1.5000,-5.2500,2.2384,-110.0710,0.1398,fallback_beacon,-0.2689,-0.5500,0.0629,-0.2500,false,0.0000,0.0000,0.0000,0.0000,0.0000
11.267,7.8348,1.9941,-5.3912,98.3329,2,2,TRANSIT,2,exit,10.0000,1.5000,-5.2500,2.2253,-111.1868,0.1412,vision,0.0800,-0.0945,-0.1371,-0.0304,true,0.8136,-0.3375,0.3917,0.4030,0.0000
11.300,7.8467,1.9886,-5.3929,99.4867,2,2,TRANSIT,2,exit,10.0000,1.5000,-5.2500,2.2126,-112.2712,0.1429,fallback_beacon,-0.2935,-0.5500,0.0643,-0.2500,false,0.0000,0.0000,0.0000,0.0000,0.0000
11.333,7.8595,1.9826,-5.3944,100.5313,2,2,TRANSIT,2,exit,10.0000,1.5000,-5.2500,2.1989,-113.2369,0.1444,vision,0.0800,-0.0971,-0.1342,-0.0312,true,0.8254,-0.3469,0.3833,0.4028,0.0000
11.367,7.8720,1.9771,-5.3961,101.5394,2,2,TRANSIT,2,exit,10.0000,1.5000,-5.2500,2.1857,-114.1762,0.1461,fallback_beacon,-0.3133,-0.5500,0.0658,-0.2500,false,0.0000,0.0000,0.0000,0.0000,0.0000
11.400,7.8854,1.9710,-5.3976,102.4434,2,2,TRANSIT,2,exit,10.0000,1.5000,-5.2500,2.1714,-115.0015,0.1476,vision,0.0800,-0.1006,-0.1327,-0.0323,true,0.8354,-0.3594,0.3792,0.3977,0.0000
11.433,7.8985,1.9655,-5.3994,103.3154,2,2,TRANSIT,2,exit,10.0000,1.5000,-5.2500,2.1576,-115.8052,0.1494,fallback_beacon,-0.3287,-0.5500,0.0672,-0.2500,false,0.0000,0.0000,0.0000,0.0000,0.0000
11.467,7.9125,1.9594,-5.4009,104.0878,2,2,TRANSIT,2,exit,10.0000,1.5000,-5.2500,2.1428,-116.4991,0.1509,vision,0.0800,-0.0840,0.0000,-0.0270,true,0.7795,-0.3000,0.0000,0.7000,-20.0882
11.500,7.9261,1.9538,-5.4023,104.8340,2,2,TRANSIT,2,exit,10.0000,1.5000,-5.2500,2.1285,-117.1769,0.1523,fallback_beacon,-0.3403,-0.5500,0.0685,-0.2500,false,0.0000,0.0000,0.0000,0.0000,0.0000
11.533,7.9406,1.9477,-5.4034,105.4842,2,2,TRANSIT,2,exit,10.0000,1.5000,-5.2500,2.1131,-117.7486,0.1534,vision,0.1600,-0.2546,0.3208,-0.0818,true,0.4665,-0.9094,-0.9167,0.0076,33.6901
11.567,7.9549,1.9424,-5.4035,106.0940,2,2,TRANSIT,2,exit,10.0000,1.5000,-5.2500,2.0981,-118.3009,0.1535,fallback_beacon,-0.3481,-0.5500,0.0691,-0.2500,false,0.0000,0.0000,0.0000,0.0000,0.0000
11.600,7.9701,1.9366,-5.4033,106.6108,2,2,TRANSIT,2,exit,10.0000,1.5000,-5.2500,2.0820,-118.7501,0.1533,vision,0.0800,-0.1566,-0.1342,-0.0503,true,0.9644,-0.5594,0.3833,0.2717,0.0000
11.633,7.9850,1.9314,-5.4035,107.1000,2,2,TRANSIT,2,exit,10.0000,1.5000,-5.2500,2.0663,-119.1836,0.1535,fallback_beacon,-0.3500,-0.5500,0.0691,-0.2500,false,0.0000,0.0000,0.0000,0.0000,0.0000
11.667,8.0009,1.9256,-5.4035,107.4984,2,2,TRANSIT,3,exit,10.0000,1.5000,-5.2500,2.0497,-119.5166,0.1535,vision,0.1600,-0.1759,-0.1356,-0.0565,true,0.8879,-0.6281,0.3875,0.2278,0.0000
11.700,8.0163,1.9206,-5.4038,107.8693,2,2,TRANSIT,3,exit,10.0000,1.5000,-5.2500,2.0336,-119.8408,0.1538,fallback_beacon,-0.3500,-0.5500,0.0692,-0.2500,false,0.0000,0.0000,0.0000,0.0000,0.0000
11.733,8.0327,1.9151,-5.4039,108.1514,2,2,TRANSIT,3,exit,10.0000,1.5000,-5.2500,2.0165,-120.0667,0.1539,vision,0.1600,-0.1916,-0.1371,-0.0616,true,0.8244,-0.6844,0.3917,0.1920,0.0000
11.767,8.0487,1.9104,-5.4044,108.4062,2,2,TRANSIT,3,exit,10.0000,1.5000,-5.2500,1.9999,-120.2847,0.1544,fallback_beacon,-0.3500,-0.5500,0.0695,-0.2500,false,0.0000,0.0000,0.0000,0.0000,0.0000
11.800,8.0656,1.9052,-5.4047,108.5745,2,2,TRANSIT,3,exit,10.0000,1.5000,-5.2500,1.9824,-120.4065,0.1547,vision,0.1600,-0.2039,-0.1400,-0.0655,true,0.7492,-0.7281,0.4000,0.1631,0.0000
11.833,8.0822,1.9008,-5.4054,108.7166,2,2,TRANSIT,3,exit,10.0000,1.5000,-5.2500,1.9654,-120.5220,0.1554,fallback_beacon,-0.3494,-0.5500,0.0699,-0.2500,false,0.0000,0.0000,0.0000,0.0000,0.0000
11.867,8.0996,1.8959,-5.4058,108.7745,2,2,TRANSIT,3,exit,10.0000,1.5000,-5.2500,1.9475,-120.5436,0.1558,vision,0.1600,-0.2170,0.2144,-0.0697,true,0.5633,-0.7750,-0.6125,0.0872,0.0000
11.900,8.1166,1.8919,-5.4056,108.8077,2,2,TRANSIT,3,exit,10.0000,1.5000,-5.2500,1.9300,-120.5615,0.1556,fallback_beacon,-0.3435,-0.5500,0.0700,-0.2500,false,0.0000,0.0000,0.0000,0.0000,0.0000
11.933,8.1346,1.8873,-5.4053,108.7597,2,2,TRANSIT,3,exit,10.0000,1.5000,-5.2500,1.9115,-120.4886,0.1553,vision,0.1600,-0.0656,-0.0437,-0.0211,true,0.6254,-0.2344,0.1250,0.0415,1.0809
11.967,8.1518,1.8834,-5.4050,108.7054,2,2,TRANSIT,3,exit,10.0000,1.5000,-5.2500,1.8939,-120.4251,0.1550,fallback_beacon,-0.3357,-0.5500,0.0698,-0.2500,false,0.0000,0.0000,0.0000,0.0000,0.0000
12.000,8.1699,1.8790,-5.4046,108.5727,2,2,TRANSIT,3,exit,10.0000,1.5000,-5.2500,1.8754,-120.2737,0.1546,vision,0.1600,-0.0683,-0.1035,-0.0219,true,0.5934,-0.2437,0.2958,0.0257,-3.9452
12.033,8.1873,1.8753,-5.4046,108.4361,2,2,TRANSIT,3,exit,10.0000,1.5000,-5.2500,1.8576,-120.1346,0.1546,fallback_beacon,-0.3264,-0.5500,0.0696,-0.2500,false,0.0000,0.0000,0.0000,0.0000,0.0000
12.067,8.2055,1.8712,-5.4043,108.2239,2,2,TRANSIT,3,exit,10.0000,1.5000,-5.2500,1.8390,-119.9103,0.1543,vision,0.1600,-0.1558,-0.0846,-0.0501,true,0.5612,-0.5563,0.2417,0.0047,-22.6199
12.100,8.2232,1.8678,-5.4044,108.0015,2,2,TRANSIT,3,exit,10.0000,1.5000,-5.2500,1.8210,-119.6953,0.1544,fallback_beacon,-0.3157,-0.5500,0.0695,-0.2500,false,0.0000,0.0000,0.0000,0.0000,0.0000
12.133,8.2417,1.8639,-5.4043,107.7063,2,2,TRANSIT,3,exit,10.0000,1.5000,-5.2500,1.8021,-119.3980,0.1543,vision,0.1600,0.1794,-0.1283,0.0577,true,0.8425,0.6406,0.3667,0.2276,0.0000
12.167,8.2591,1.8605,-5.4045,107.4375,2,2,TRANSIT,3,exit,10.0000,1.5000,-5.2500,1.7846,-119.1355,0.1545,fallback_beacon,-0.3041,-0.5500,0.0695,-0.2500,false,0.0000,0.0000,0.0000,0.0000,0.0000
12.200,8.2772,1.8566,-5.4046,107.0973,2,2,TRANSIT,3,exit,10.0000,1.5000,-5.2500,1.7661,-118.7926,0.1546,vision,0.0800,0.1654,-0.1312,0.0532,true,0.9102,0.5906,0.3750,0.2559,0.0000
12.233,8.2942,1.8531,-5.4051,106.7835,2,2,TRANSIT,3,exit,10.0000,1.5000,-5.2500,1.7488,-118.4778,0.1551,fallback_beacon,-0.2919,-0.5500,0.0698,-0.2500,false,0.0000,0.0000,0.0000,0.0000,0.0000
12.267,8.3120,1.8491,-5.4054,106.3991,2,2,TRANSIT,3,exit,10.0000,1.5000,-5.2500,1.7307,-118.0841,0.1554,vision,0.0800,0.1453,-0.1327,0.0467,true,0.9533,0.5188,0.3792,0.2988,0.0000
12.300,8.3289,1.8454,-5.4061,106.0400,2,2,TRANSIT,3,exit,10.0000,1.5000,-5.2500,1.7136,-117.7183,0.1561,fallback_beacon,-0.2790,-0.5500,0.0702,-0.2500,false,0.0000,0.0000,0.0000,0.0000,0.0000
12.333,8.3465,1.8413,-5.4066,105.6112,2,2,TRANSIT,3,exit,10.0000,1.5000,-5.2500,1.6956,-117.2749,0.1566,vision,0.0800,0.1418,-0.1342,0.0456,true,0.9487,0.5062,0.3833,0.3045,0.0000
12.367,8.3631,1.8376,-5.4074,105.2079,2,2,TRANSIT,3,exit,10.0000,1.5000,-5.2500,1.6788,-116.8601,0.1574,fallback_beacon,-0.2655,-0.5500,0.0708,-0.2500,false,0.0000,0.0000,0.0000,0.0000,0.0000
12.400,8.3804,1.8334,-5.4081,104.7355,2,2,TRANSIT,3,exit,10.0000,1.5000,-5.2500,1.6611,-116.3687,0.1581,vision,0.0800,0.0752,-0.0452,0.0242,true,0.8613,0.2687,0.1292,0.6368,0.0000
12.433,8.3969,1.8296,-5.4088,104.2825,2,2,TRANSIT,3,exit,10.0000,1.5000,-5.2500,1.6443,-115.9023,0.1588,fallback_beacon,-0.2514,-0.5500,0.0715,-0.2500,false,0.0000,0.0000,0.0000,0.0000,0.0000
12.467,8.4142,1.8255,-5.4094,103.7611,2,2,TRANSIT,3,exit,10.0000,1.5000,-5.2500,1.6267,-115.3603,0.1594,vision,0.0800,0.0665,-0.0496,0.0214,true,0.8407,0.2375,0.1417,0.6545,0.0000
12.500,8.4306,1.8217,-5.4101,103.2590,2,2,TRANSIT,3,exit,10.0000,1.5000,-5.2500,1.6100,-114.8440,0.1601,fallback_beacon,-0.2368,-0.5500,0.0720,-0.2500,false,0.0000,0.0000,0.0000,0.0000,0.0000
12.533,8.4478,1.8176,-5.4105,102.6896,2,2,TRANSIT,3,exit,10.0000,1.5000,-5.2500,1.5925,-114.2535,0.1605,vision,0.0800,0.0691,-0.0510,0.0222,true,0.8528,0.2469,0.1458,0.6433,0.0000
12.567,8.4642,1.8138,-5.4111,102.1408,2,2,TRANSIT,3,exit,10.0000,1.5000,-5.2500,1.5758,-113.6901,0.1611,fallback_beacon,-0.2216,-0.5500,0.0725,-0.2500,false,0.0000,0.0000,0.0000,0.0000,0.0000
12.600,8.4812,1.8098,-5.4114,101.5258,2,2,TRANSIT,3,exit,10.0000,1.5000,-5.2500,1.5584,-113.0541,0.1614,vision,0.0800,0.0648,-0.0642,0.0208,true,0.8320,0.2313,0.1833,0.6278,0.0000
12.633,8.4975,1.8061,-5.4119,100.9322,2,2,TRANSIT,3,exit,10.0000,1.5000,-5.2500,1.5419,-112.4466,0.1619,fallback_beacon,-0.2061,-0.5500,0.0729,-0.2500,false,0.0000,0.0000,0.0000,0.0000,0.0000
12.667,8.5144,1.8021,-5.4122,100.2737,2,2,TRANSIT,3,exit,10.0000,1.5000,-5.2500,1.5246,-111.7684,0.1622,vision,0.0800,0.0613,-0.0729,0.0197,true,0.8200,0.2188,0.2083,0.6185,0.0000
12.700,8.5306,1.7985,-5.4126,99.6376,2,2,TRANSIT,3,exit,10.0000,1.5000,-5.2500,1.5082,-111.1200,0.1626,fallback_beacon,-0.1902,-0.5500,0.0732,-0.2500,false,0.0000,0.0000,0.0000,0.0000,0.0000
12.733,8.5474,1.7946,-5.4128,98.9381,2,2,TRANSIT,3,exit,10.0000,1.5000,-5.2500,1.4911,-110.4028,0.1628,vision,0.0800,0.0613,-0.0919,0.0197,true,0.8078,0.2188,0.2625,0.5762,-0.0000
12.767,8.5635,1.7911,-5.4133,98.2624,2,2,TRANSIT,3,exit,10.0000,1.5000,-5.2500,1.4748,-109.7171,0.1633,fallback_beacon,-0.1741,-0.5500,0.0735,-0.2500,false,0.0000,0.0000,0.0000,0.0000,0.0000
12.800,8.5802,1.7873,-5.4135,97.5246,2,2,TRANSIT,3,exit,10.0000,1.5000,-5.2500,1.4578,-108.9645,0.1635,vision,0.0800,0.0604,-0.0904,0.0194,true,0.8153,0.2156,0.2583,0.5817,0.0000
12.833,8.5961,1.7839,-5.4139,96.8117,2,2,TRANSIT,3,exit,10.0000,1.5000,-5.2500,1.4416,-108.2450,0.1639,fallback_beacon,-0.1580,-0.5500,0.0738,-0.2500,false,0.0000,0.0000,0.0000,0.0000,0.0000
12.867,8.6128,1.7803,-5.4141,96.0379,2,2,TRANSIT,3,exit,10.0000,1.5000,-5.2500,1.4248,-107.4602,0.1641,vision,0.0800,0.0481,-0.0890,0.0155,true,0.7963,0.1719,0.2542,0.6176,0.0000
12.900,8.6286,1.7770,-5.4146,95.2888,2,2,TRANSIT,3,exit,10.0000,1.5000,-5.2500,1.4087,-106.7090,0.1646,fallback_beacon,-0.1418,-0.5500,0.0741,-0.2500,false,0.0000,0.0000,0.0000,0.0000,0.0000
12.933,8.6451,1.7735,-5.4147,94.4797,2,2,TRANSIT,3,exit,10.0000,1.5000,-5.2500,1.3920,-105.8940,0.1647,vision,0.0800,0.0350,-0.0933,0.0112,true,0.7723,0.1250,0.2667,0.6417,0.0000
12.967,8.6610,1.7704,-5.4152,93.6948,2,2,TRANSIT,3,exit,10.0000,1.5000,-5.2500,1.3760,-105.1126,0.1652,fallback_beacon,-0.1256,-0.5500,0.0743,-0.2500,false,0.0000,0.0000,0.0000,0.0000,0.0000
13.000,8.6774,1.7671,-5.4154,92.8508,2,2,TRANSIT,3,exit,10.0000,1.5000,-5.2500,1.3594,-104.2688,0.1654,vision,0.0800,0.0219,-0.0992,0.0070,true,0.7499,0.0781,0.2833,0.6607,0.0000
13.033,8.6932,1.7642,-5.4158,92.0303,2,2,TRANSIT,3,exit,10.0000,1.5000,-5.2500,1.3435,-103.4586,0.1658,fallback_beacon,-0.1094,-0.5500,0.0746,-0.2500,false,0.0000,0.0000,0.0000,0.0000,0.0000
13.067,8.7096,1.7610,-5.4161,91.1513,2,2,TRANSIT,3,exit,10.0000,1.5000,-5.2500,1.3269,-102.5870,0.1661,vision,0.1600,-0.1514,0.2406,-0.0487,true,0.5132,-0.5406,-0.6875,0.1299,0.0000
13.100,8.7258,1.7585,-5.4155,90.2788,2,2,TRANSIT,3,exit,10.0000,1.5000,-5.2500,1.3107,-101.7472,0.1655,fallback_beacon,-0.0934,-0.5500,0.0745,-0.2500,false,0.0000,0.0000,0.0000,0.0000,0.0000
13.133,8.7425,1.7558,-5.4148,89.3489,2,2,TRANSIT,3,exit,10.0000,1.5000,-5.2500,1.2938,-100.8473,0.1648,fallback_beacon,-0.0852,-0.5500,0.0742,-0.2500,false,0.0000,0.0000,0.0000,0.0000,0.0000
13.167,8.7598,1.7529,-5.4138,88.3627,2,2,TRANSIT,3,exit,10.0000,1.5000,-5.2500,1.2763,-99.8890,0.1638,fallback_beacon,-0.0767,-0.5500,0.0737,-0.2500,false,0.0000,0.0000,0.0000,0.0000,0.0000
13.200,8.7776,1.7499,-5.4127,87.3217,2,2,TRANSIT,3,exit,10.0000,1.5000,-5.2500,1.2582,-98.8739,0.1627,vision,0.1600,-0.2196,0.3179,-0.0706,true,0.4491,-0.7844,-0.9083,0.0100,0.0000
13.233,8.7953,1.7474,-5.4106,86.2840,2,2,TRANSIT,3,exit,10.0000,1.5000,-5.2500,1.2403,-97.8890,0.1606,fallback_beacon,-0.0596,-0.5500,0.0723,-0.2500,false,0.0000,0.0000,0.0000,0.0000,0.0000
13.267,8.8135,1.7448,-5.4085,85.1927,2,2,TRANSIT,3,exit,10.0000,1.5000,-5.2500,1.2218,-96.8487,0.1585,vision,0.1600,-0.2389,0.3194,-0.0768,true,0.5271,-0.8531,-0.9125,0.0074,29.0546
13.300,8.8316,1.7427,-5.4054,84.1041,2,2,TRANSIT,3,exit,10.0000,1.5000,-5.2500,1.2034,-95.8380,0.1554,fallback_beacon,-0.0428,-0.5387,0.0699,-0.2500,false,0.0000,0.0000,0.0000,0.0000,0.0000
13.333,8.8502,1.7404,-5.4022,82.9631,2,2,TRANSIT,3,exit,10.0000,1.5000,-5.2500,1.1845,-94.7735,0.1522,fallback_beacon,-0.0345,-0.5312,0.0685,-0.2500,false,0.0000,0.0000,0.0000,0.0000,0.0000
13.367,8.8692,1.7380,-5.3990,81.7712,2,2,TRANSIT,3,exit,10.0000,1.5000,-5.2500,1.1651,-93.6570,0.1490,fallback_beacon,-0.0260,-0.5232,0.0671,-0.2500,false,0.0000,0.0000,0.0000,0.0000,0.0000
13.400,8.8886,1.7354,-5.3957,80.5298,2,2,TRANSIT,3,exit,10.0000,1.5000,-5.2500,1.1453,-92.4899,0.1457,vision,0.1600,0.0927,0.0627,0.0298,true,0.4648,0.3312,-0.1792,0.0037,0.0000
13.433,8.9073,1.7335,-5.3924,79.3288,2,2,TRANSIT,3,exit,10.0000,1.5000,-5.2500,1.1264,-91.3884,0.1424,fallback_beacon,-0.0096,-0.5067,0.0641,-0.2500,false,0.0000,0.0000,0.0000,0.0000,0.0000
13.467,8.9263,1.7313,-5.3889,78.0786,2,2,TRANSIT,3,exit,10.0000,1.5000,-5.2500,1.1071,-90.2370,0.1389,fallback_beacon,-0.0016,-0.4982,0.0625,-0.2500,false,0.0000,0.0000,0.0000,0.0000,0.0000
13.500,8.9457,1.7290,-5.3855,76.7806,2,2,TRANSIT,3,exit,10.0000,1.5000,-5.2500,1.0874,-89.0373,0.1355,fallback_beacon,0.2000,-0.4893,0.0610,-0.2500,false,0.0000,0.0000,0.0000,0.0000,0.0000
13.533,8.9655,1.7272,-5.3820,75.4360,2,2,TRANSIT,3,exit,10.0000,1.5000,-5.2500,1.0674,-87.8239,0.1320,fallback_beacon,0.2000,-0.4800,0.0594,-0.2500,false,0.0000,0.0000,0.0000,0.0000,0.0000
13.567,8.9858,1.7258,-5.3785,74.0460,2,2,TRANSIT,3,exit,10.0000,1.5000,-5.2500,1.0470,-86.5977,0.1285,fallback_beacon,0.2000,-0.4703,0.0578,-0.2500,false,0.0000,0.0000,0.0000,0.0000,0.0000
13.600,9.0064,1.7248,-5.3749,72.6117,2,2,TRANSIT,3,exit,10.0000,1.5000,-5.2500,1.0263,-85.3595,0.1249,fallback_beacon,0.2000,-0.4603,0.0562,-0.2500,false,0.0000,0.0000,0.0000,0.0000,0.0000
13.633,9.0275,1.7241,-5.3714,71.1343,2,2,TRANSIT,3,exit,10.0000,1.5000,-5.2500,1.0053,-84.1100,0.1214,fallback_beacon,0.2000,-0.4500,0.0546,-0.2500,false,0.0000,0.0000,0.0000,0.0000,0.0000
13.667,9.0489,1.7237,-5.3678,69.6148,2,2,TRANSIT,3,exit,10.0000,1.5000,-5.2500,0.9841,-82.8502,0.1178,fallback_beacon,0.2000,-0.4394,0.0530,-0.2500,false,0.0000,0.0000,0.0000,0.0000,0.0000
13.700,9.0706,1.7236,-5.3642,68.0543,2,2,TRANSIT,3,exit,10.0000,1.5000,-5.2500,0.9627,-81.5811,0.1142,fallback_beacon,0.2000,-0.4285,0.0514,-0.2500,false,0.0000,0.0000,0.0000,0.0000,0.0000
13.733,9.0927,1.7237,-5.3606,66.4536,2,2,TRANSIT,3,exit,10.0000,1.5000,-5.2500,0.9410,-80.3037,0.1106,vision,0.1600,0.2013,0.2435,0.0647,true,0.3949,0.7188,-0.6958,0.0037,-28.6105
13.767,9.1137,1.7244,-5.3564,64.9135,2,2,TRANSIT,3,exit,10.0000,1.5000,-5.2500,0.9204,-79.1243,0.1064,fallback_beacon,0.2000,-0.4068,0.0479,-0.2500,false,0.0000,0.0000,0.0000,0.0000,0.0000
13.800,9.1350,1.7254,-5.3522,63.3327,2,2,TRANSIT,3,exit,10.0000,1.5000,-5.2500,0.8996,-77.9356,0.1022,vision,0.1600,-0.2581,0.3296,-0.0830,true,0.4112,-0.9219,-0.9417,0.0046,0.0000
13.833,9.1563,1.7264,-5.3472,61.7650,2,2,TRANSIT,3,exit,10.0000,1.5000,-5.2500,0.8789,-76.7876,0.0972,fallback_beacon,0.2000,-0.3850,0.0437,-0.2500,false,0.0000,0.0000,0.0000,0.0000,0.0000
13.867,9.1779,1.7276,-5.3422,60.1573,2,2,TRANSIT,3,exit,10.0000,1.5000,-5.2500,0.8580,-75.6318,0.0922,fallback_beacon,0.2000,-0.3740,0.0415,-0.2500,false,0.0000,0.0000,0.0000,0.0000,0.0000
13.900,9.1996,1.7289,-5.3373,58.5104,2,2,TRANSIT,3,exit,10.0000,1.5000,-5.2500,0.8371,-74.4698,0.0873,fallback_beacon,0.2000,-0.3629,0.0393,-0.2500,false,0.0000,0.0000,0.0000,0.0000,0.0000
13.933,9.2215,1.7303,-5.3325,56.8253,2,2,TRANSIT,3,exit,10.0000,1.5000,-5.2500,0.8160,-73.3035,0.0825,fallback_beacon,0.2000,-0.3517,0.0371,-0.2500,false,0.0000,0.0000,0.0000,0.0000,0.0000
13.967,9.2437,1.7317,-5.3277,55.1030,2,2,TRANSIT,3,exit,10.0000,1.5000,-5.2500,0.7948,-72.1350,0.0777,fallback_beacon,0.2000,-0.3382,0.0350,-0.2500,false,0.0000,0.0000,0.0000,0.0000,0.0000
14.000,9.2659,1.7332,-5.3230,53.3444,2,2,TRANSIT,3,exit,10.0000,1.5000,-5.2500,0.7737,-70.9665,0.0730,vision,0.1600,0.1750,0.0831,0.0562,true,0.5163,0.6250,-0.2375,0.0039,-21.8014
14.033,9.2874,1.7352,-5.3183,51.6476,2,2,TRANSIT,3,exit,10.0000,1.5000,-5.2500,0.7536,-69.9141,0.0683,fallback_beacon,0.2000,-0.3000,0.0307,-0.2500,false,0.0000,0.0000,0.0000,0.0000,0.0000
14.067,9.3089,1.7373,-5.3136,49.9139,2,2,TRANSIT,3,exit,10.0000,1.5000,-5.2500,0.7335,-68.8638,0.0636,vision,0.1600,-0.2555,0.2392,-0.0821,true,0.3981,-0.9125,-0.6833,0.0058,22.6199
14.100,9.3304,1.7393,-5.3083,48.1975,2,2,TRANSIT,3,exit,10.0000,1.5000,-5.2500,0.7135,-67.8643,0.0583,fallback_beacon,0.2000,-0.2652,0.0262,-0.2500,false,0.0000,0.0000,0.0000,0.0000,0.0000
14.133,9.3519,1.7414,-5.3032,46.4447,2,2,TRANSIT,3,exit,10.0000,1.5000,-5.2500,0.6936,-66.8716,0.0532,vision,0.1600,0.1321,0.0758,0.0425,true,0.4648,0.4719,-0.2167,0.0038,-22.6199
14.167,9.3728,1.7439,-5.2980,44.7492,2,2,TRANSIT,3,exit,10.0000,1.5000,-5.2500,0.6746,-65.9987,0.0480,fallback_beacon,0.2000,-0.2339,0.0216,-0.2500,false,0.0000,0.0000,0.0000,0.0000,0.0000
14.200,9.3938,1.7464,-5.2930,43.0169,2,2,TRANSIT,3,exit,10.0000,1.5000,-5.2500,0.6558,-65.1362,0.0430,fallback_beacon,0.2000,-0.2195,0.0193,-0.2500,false,0.0000,0.0000,0.0000,0.0000,0.0000
14.233,9.4147,1.7489,-5.2880,41.2488,2,2,TRANSIT,3,exit,10.0000,1.5000,-5.2500,0.6371,-64.2880,0.0380,fallback_beacon,0.2000,-0.2057,0.0171,-0.2500,false,0.0000,0.0000,0.0000,0.0000,0.0000
14.267,9.4357,1.7514,-5.2832,39.4455,2,2,TRANSIT,3,exit,10.0000,1.5000,-5.2500,0.6187,-63.4584,0.0332,vision,0.1600,0.2511,0.0000,0.0807,true,0.6656,0.8969,-0.0125,0.0150,0.0000
14.300,9.4559,1.7545,-5.2786,37.7130,2,2,TRANSIT,3,exit,10.0000,1.5000,-5.2500,0.6014,-62.7844,0.0286,fallback_beacon,0.2000,-0.1809,0.0129,-0.2500,false,0.0000,0.0000,0.0000,0.0000,0.0000
14.333,9.4761,1.7576,-5.2741,35.9445,3,3,APPROACH,3,approach,14.0000,-1.5000,-5.2500,5.5748,-71.7022,0.0241,beacon,0.6126,-0.5500,0.0108,-0.2500,false,0.0000,0.0000,0.0000,0.0000,0.0000
14.367,9.4978,1.7608,-5.2697,34.1542,3,3,APPROACH,3,approach,14.0000,-1.5000,-5.2500,5.5590,-70.0692,0.0197,beacon,0.6632,-0.5500,0.0089,-0.2500,false,0.0000,0.0000,0.0000,0.0000,0.0000
14.400,9.5210,1.7641,-5.2654,32.3587,3,3,APPROACH,3,approach,14.0000,-1.5000,-5.2500,5.5422,-68.4419,0.0154,beacon,0.7128,-0.5500,0.0069,-0.2500,false,0.0000,0.0000,0.0000,0.0000,0.0000
14.433,9.5457,1.7676,-5.2613,30.5685,3,3,APPROACH,3,approach,14.0000,-1.5000,-5.2500,5.5243,-66.8312,0.0113,beacon,0.7607,-0.5500,0.0051,-0.2500,false,0.0000,0.0000,0.0000,0.0000,0.0000
14.467,9.5719,1.7711,-5.2573,28.7833,3,3,APPROACH,3,approach,14.0000,-1.5000,-5.2500,5.5053,-65.2372,0.0073,beacon,0.8071,-0.5500,0.0033,-0.2500,false,0.0000,0.0000,0.0000,0.0000,0.0000
14.500,9.5995,1.7749,-5.2534,27.0031,3,3,APPROACH,3,approach,14.0000,-1.5000,-5.2500,5.4854,-63.6601,0.0034,beacon,0.8518,-0.5500,0.0015,-0.2500,false,0.0000,0.0000,0.0000,0.0000,0.0000
14.533,9.6285,1.7789,-5.2496,25.2278,3,3,APPROACH,3,approach,14.0000,-1.5000,-5.2500,5.4645,-62.0999,-0.0004,beacon,0.8950,-0.5500,-0.0002,-0.2500,false,0.0000,0.0000,0.0000,0.0000,0.0000
14.567,9.6589,1.7831,-5.2460,23.4572,3,3,APPROACH,3,approach,14.0000,-1.5000,-5.2500,5.4427,-60.5567,-0.0040,beacon,0.9364,-0.5500,-0.0018,-0.2500,false,0.0000,0.0000,0.0000,0.0000,0.0000
14.600,9.6908,1.7874,-5.2425,21.6912,3,3,APPROACH,3,approach,14.0000,-1.5000,-5.2500,5.4200,-59.0305,-0.0075,beacon,0.9762,-0.5500,-0.0034,-0.2500,false,0.0000,0.0000,0.0000,0.0000,0.0000
14.633,9.7240,1.7920,-5.2391,19.9298,3,3,APPROACH,3,approach,14.0000,-1.5000,-5.2500,5.3964,-57.5215,-0.0109,beacon,1.0000,-0.5500,-0.0049,-0.2500,false,0.0000,0.0000,0.0000,0.0000,0.0000
14.667,9.7586,1.7967,-5.2359,18.1728,3,3,APPROACH,3,approach,14.0000,-1.5000,-5.2500,5.3720,-56.0293,-0.0141,beacon,1.0000,-0.5500,-0.0063,-0.2445,false,0.0000,0.0000,0.0000,0.0000,0.0000
14.700,9.7945,1.8015,-5.2328,16.4210,3,3,APPROACH,3,approach,14.0000,-1.5000,-5.2500,5.3466,-54.5538,-0.0172,beacon,1.0000,-0.5500,-0.0077,-0.2380,false,0.0000,0.0000,0.0000,0.0000,0.0000
14.733,9.8316,1.8062,-5.2299,14.6754,3,3,APPROACH,3,approach,14.0000,-1.5000,-5.2500,5.3204,-53.0953,-0.0201,beacon,1.0000,-0.5500,-0.0090,-0.2317,false,0.0000,0.0000,0.0000,0.0000,0.0000
14.767,9.8699,1.8109,-5.2271,12.9367,3,3,APPROACH,3,approach,14.0000,-1.5000,-5.2500,5.2934,-51.6539,-0.0229,beacon,1.0000,-0.5500,-0.0103,-0.2254,false,0.0000,0.0000,0.0000,0.0000,0.0000
14.800,9.9094,1.8153,-5.2245,11.2058,3,3,APPROACH,3,approach,14.0000,-1.5000,-5.2500,5.2655,-50.2297,-0.0255,beacon,1.0000,-0.5500,-0.0115,-0.2192,false,0.0000,0.0000,0.0000,0.0000,0.0000
14.833,9.9500,1.8196,-5.2220,9.4835,3,3,APPROACH,3,approach,14.0000,-1.5000,-5.2500,5.2367,-48.8228,-0.0280,beacon,1.0000,-0.5500,-0.0126,-0.2130,false,0.0000,0.0000,0.0000,0.0000,0.0000
14.867,9.9916,1.8235,-5.2197,7.7704,3,3,APPROACH,3,approach,14.0000,-1.5000,-5.2500,5.2071,-47.4332,-0.0303,beacon,1.0000,-0.5500,-0.0137,-0.2070,false,0.0000,0.0000,0.0000,0.0000,0.0000
14.900,10.0342,1.8270,-5.2175,6.0674,3,3,APPROACH,3,approach,14.0000,-1.5000,-5.2500,5.1766,-46.0611,-0.0325,beacon,1.0000,-0.5500,-0.0146,-0.2010,false,0.0000,0.0000,0.0000,0.0000,0.0000
14.933,10.0777,1.8300,-5.2154,4.3751,3,3,APPROACH,3,approach,14.0000,-1.5000,-5.2500,5.1453,-44.7065,-0.0346,beacon,1.0000,-0.5500,-0.0156,-0.1951,false,0.0000,0.0000,0.0000,0.0000,0.0000
14.967,10.1221,1.8326,-5.2135,2.6941,3,3,APPROACH,3,approach,14.0000,-1.5000,-5.2500,5.1132,-43.3695,-0.0365,beacon,1.0000,-0.5500,-0.0164,-0.1892,false,0.0000,0.0000,0.0000,0.0000,0.0000
15.000,10.1674,1.8346,-5.2118,1.0251,3,3,APPROACH,3,approach,14.0000,-1.5000,-5.2500,5.0803,-42.0501,-0.0382,beacon,1.0000,-0.5500,-0.0172,-0.1835,false,0.0000,0.0000,0.0000,0.0000,0.0000
15.033,10.2134,1.8359,-5.2101,-0.6313,3,3,APPROACH,3,approach,14.0000,-1.5000,-5.2500,5.0466,-40.7483,-0.0399,beacon,1.0000,-0.5500,-0.0179,-0.1778,false,0.0000,0.0000,0.0000,0.0000,0.0000
15.067,10.2602,1.8366,-5.2086,-2.2746,3,3,APPROACH,3,approach,14.0000,-1.5000,-5.2500,5.0121,-39.4642,-0.0414,beacon,1.0000,-0.5500,-0.0186,-0.1722,false,0.0000,0.0000,0.0000,0.0000,0.0000
15.100,10.3076,1.8366,-5.2073,-3.9041,3,3,APPROACH,3,approach,14.0000,-1.5000,-5.2500,4.9768,-38.1979,-0.0427,beacon,1.0000,-0.5500,-0.0192,-0.1667,false,0.0000,0.0000,0.0000,0.0000,0.0000
15.133,10.3557,1.8358,-5.2060,-5.5194,3,3,APPROACH,3,approach,14.0000,-1.5000,-5.2500,4.9407,-36.9493,-0.0440,beacon,1.0000,-0.5500,-0.0198,-0.1612,false,0.0000,0.0000,0.0000,0.0000,0.0000
15.167,10.4043,1.8342,-5.2049,-7.1198,3,3,APPROACH,3,approach,14.0000,-1.5000,-5.2500,4.9039,-35.7185,-0.0451,beacon,1.0000,-0.5500,-0.0203,-0.1559,false,0.0000,0.0000,0.0000,0.0000,0.0000
15.200,10.4534,1.8317,-5.2040,-8.7050,3,3,APPROACH,3,approach,14.0000,-1.5000,-5.2500,4.8663,-34.5056,-0.0460,beacon,1.0000,-0.5500,-0.0207,-0.1506,false,0.0000,0.0000,0.0000,0.0000,0.0000
15.233,10.5030,1.8284,-5.2031,-10.2744,3,3,APPROACH,3,approach,14.0000,-1.5000,-5.2500,4.8280,-33.3105,-0.0469,beacon,1.0000,-0.5500,-0.0211,-0.1453,false,0.0000,0.0000,0.0000,0.0000,0.0000
15.267,10.5530,1.8242,-5.2023,-11.8275,3,3,APPROACH,3,approach,14.0000,-1.5000,-5.2500,4.7890,-32.1332,-0.0477,beacon,1.0000,-0.5500,-0.0215,-0.1402,false,0.0000,0.0000,0.0000,0.0000,0.0000
15.300,10.6033,1.8190,-5.2016,-13.3640,3,3,APPROACH,3,approach,14.0000,-1.5000,-5.2500,4.7493,-30.9737,-0.0484,beacon,1.0000,-0.5500,-0.0218,-0.1351,false,0.0000,0.0000,0.0000,0.0000,0.0000
15.333,10.6540,1.8129,-5.2011,-14.8835,3,3,APPROACH,3,approach,14.0000,-1.5000,-5.2500,4.7089,-29.8321,-0.0489,beacon,1.0000,-0.5500,-0.0220,-0.1302,false,0.0000,0.0000,0.0000,0.0000,0.0000
15.367,10.7050,1.8058,-5.2006,-16.3855,3,3,APPROACH,3,approach,14.0000,-1.5000,-5.2500,4.6678,-28.7082,-0.0494,beacon,1.0000,-0.5500,-0.0222,-0.1253,false,0.0000,0.0000,0.0000,0.0000,0.0000
15.400,10.7561,1.7978,-5.2002,-17.8698,3,3,APPROACH,3,approach,14.0000,-1.5000,-5.2500,4.6261,-27.6020,-0.0498,beacon,1.0000,-0.5500,-0.0224,-0.1204,false,0.0000,0.0000,0.0000,0.0000,0.0000
15.433,10.8075,1.7887,-5.1999,-19.3361,3,3,APPROACH,3,approach,14.0000,-1.5000,-5.2500,4.5837,-26.5135,-0.0501,beacon,1.0000,-0.5500,-0.0225,-0.1157,false,0.0000,0.0000,0.0000,0.0000,0.0000
15.467,10.8589,1.7785,-5.1997,-20.7839,3,3,APPROACH,3,approach,14.0000,-1.5000,-5.2500,4.5407,-25.4425,-0.0503,beacon,1.0000,-0.5500,-0.0227,-0.1110,false,0.0000,0.0000,0.0000,0.0000,0.0000
15.500,10.9105,1.7673,-5.1995,-22.2131,3,3,APPROACH,3,approach,14.0000,-1.5000,-5.2500,4.4970,-24.3890,-0.0505,beacon,1.0000,-0.5500,-0.0227,-0.1064,false,0.0000,0.0000,0.0000,0.0000,0.0000
15.533,10.9621,1.7551,-5.1994,-23.6235,3,3,APPROACH,3,approach,14.0000,-1.5000,-5.2500,4.4528,-23.3528,-0.0506,beacon,1.0000,-0.5500,-0.0228,-0.1019,false,0.0000,0.0000,0.0000,0.0000,0.0000
15.567,11.0137,1.7418,-5.1993,-25.0147,3,3,APPROACH,3,approach,14.0000,-1.5000,-5.2500,4.4079,-22.3338,-0.0507,beacon,1.0000,-0.5500,-0.0228,-0.0974,false,0.0000,0.0000,0.0000,0.0000,0.0000
15.600,11.0652,1.7274,-5.1994,-26.3867,3,3,APPROACH,3,approach,14.0000,-1.5000,-5.2500,4.3625,-21.3319,-0.0506,beacon,1.0000,-0.5500,-0.0228,-0.0931,false,0.0000,0.0000,0.0000,0.0000,0.0000
15.633,11.1167,1.7119,-5.1994,-27.7391,3,3,APPROACH,3,approach,14.0000,-1.5000,-5.2500,4.3165,-20.3469,-0.0506,beacon,1.0000,-0.5500,-0.0228,-0.0888,false,0.0000,0.0000,0.0000,0.0000,0.0000
15.667,11.1680,1.6954,-5.1995,-29.0719,3,3,APPROACH,3,approach,14.0000,-1.5000,-5.2500,4.2700,-19.3787,-0.0505,beacon,1.0000,-0.5500,-0.0227,-0.0846,false,0.0000,0.0000,0.0000,0.0000,0.0000
15.700,11.2192,1.6778,-5.1997,-30.3848,3,3,APPROACH,3,approach,14.0000,-1.5000,-5.2500,4.2229,-18.4271,-0.0503,beacon,1.0000,-0.5500,-0.0226,-0.0804,false,0.0000,0.0000,0.0000,0.0000,0.0000
15.733,11.2703,1.6591,-5.1999,-31.6777,3,3,APPROACH,3,approach,14.0000,-1.5000,-5.2500,4.1754,-17.4920,-0.0501,beacon,1.0000,-0.5500,-0.0225,-0.0763,false,0.0000,0.0000,0.0000,0.0000,0.0000
15.767,11.3210,1.6393,-5.2001,-32.9505,3,3,APPROACH,3,approach,14.0000,-1.5000,-5.2500,4.1273,-16.5731,-0.0499,beacon,1.0000,-0.5298,-0.0224,-0.0723,false,0.0000,0.0000,0.0000,0.0000,0.0000
15.800,11.3716,1.6184,-5.2004,-34.2030,3,3,APPROACH,3,approach,14.0000,-1.5000,-5.2500,4.0787,-15.6708,-0.0496,beacon,1.0000,-0.4958,-0.0223,-0.0684,false,0.0000,0.0000,0.0000,0.0000,0.0000
15.833,11.4219,1.5965,-5.2007,-35.4350,3,3,APPROACH,3,approach,14.0000,-1.5000,-5.2500,4.0296,-14.7854,-0.0493,beacon,1.0000,-0.4628,-0.0222,-0.0645,false,0.0000,0.0000,0.0000,0.0000,0.0000
15.867,11.4721,1.5736,-5.2011,-36.6465,3,3,APPROACH,3,approach,14.0000,-1.5000,-5.2500,3.9799,-13.9173,-0.0489,beacon,1.0000,-0.4308,-0.0220,-0.0607,false,0.0000,0.0000,0.0000,0.0000,0.0000
15.900,11.5220,1.5496,-5.2015,-37.8374,3,3,APPROACH,3,approach,14.0000,-1.5000,-5.2500,3.9297,-13.0670,-0.0485,beacon,1.0000,-0.3998,-0.0218,-0.0570,false,0.0000,0.0000,0.0000,0.0000,0.0000
15.933,11.5718,1.5246,-5.2019,-39.0075,3,3,APPROACH,3,approach,14.0000,-1.5000,-5.2500,3.8790,-12.2348,-0.0481,beacon,1.0000,-0.3699,-0.0216,-0.0534,false,0.0000,0.0000,0.0000,0.0000,0.0000
15.967,11.6214,1.4986,-5.2024,-40.1568,3,3,APPROACH,3,approach,14.0000,-1.5000,-5.2500,3.8277,-11.4209,-0.0476,beacon,1.0000,-0.3411,-0.0214,-0.0498,false,0.0000,0.0000,0.0000,0.0000,0.0000
16.000,11.6709,1.4716,-5.2029,-41.2853,3,3,APPROACH,3,approach,14.0000,-1.5000,-5.2500,3.7759,-10.6257,-0.0471,beacon,1.0000,-0.3133,-0.0212,-0.0464,false,0.0000,0.0000,0.0000,0.0000,0.0000
16.033,11.7202,1.4436,-5.2035,-42.3928,3,3,APPROACH,3,approach,14.0000,-1.5000,-5.2500,3.7235,-9.8494,-0.0465,beacon,1.0000,-0.2866,-0.0209,-0.0430,false,0.0000,0.0000,0.0000,0.0000,0.0000
16.067,11.7693,1.4146,-5.2041,-43.4794,3,3,APPROACH,3,approach,14.0000,-1.5000,-5.2500,3.6706,-9.0922,-0.0459,beacon,1.0000,-0.2610,-0.0207,-0.0397,false,0.0000,0.0000,0.0000,0.0000,0.0000
16.100,11.8183,1.3847,-5.2047,-44.5451,3,3,APPROACH,3,approach,14.0000,-1.5000,-5.2500,3.6171,-8.3542,-0.0453,beacon,1.0000,-0.2365,-0.0204,-0.0365,false,0.0000,0.0000,0.0000,0.0000,0.0000
16.133,11.8671,1.3537,-5.2054,-45.5899,3,3,APPROACH,3,approach,14.0000,-1.5000,-5.2500,3.5630,-7.6357,-0.0446,beacon,1.0000,-0.2130,-0.0201,-0.0333,false,0.0000,0.0000,0.0000,0.0000,0.0000
16.167,11.9158,1.3219,-5.2061,-46.6139,3,3,APPROACH,3,approach,14.0000,-1.5000,-5.2500,3.5084,-6.9367,-0.0439,beacon,1.0000,-0.1907,-0.0197,-0.0303,false,0.0000,0.0000,0.0000,0.0000,0.0000
16.200,11.9643,1.2890,-5.2069,-47.6170,3,3,APPROACH,3,approach,14.0000,-1.5000,-5.2500,3.4532,-6.2574,-0.0431,beacon,1.0000,-0.1694,-0.0194,-0.0273,false,0.0000,0.0000,0.0000,0.0000,0.0000
16.233,12.0127,1.2552,-5.2077,-48.5993,3,3,APPROACH,3,approach,14.0000,-1.5000,-5.2500,3.3974,-5.5977,-0.0423,beacon,1.0000,-0.1491,-0.0190,-0.0244,false,0.0000,0.0000,0.0000,0.0000,0.0000
16.267,12.0608,1.2205,-5.2085,-49.5610,3,3,APPROACH,3,approach,14.0000,-1.5000,-5.2500,3.3411,-4.9577,-0.0415,beacon,1.0000,-0.1299,-0.0187,0.0000,false,0.0000,0.0000,0.0000,0.0000,0.0000
16.300,12.1088,1.1848,-5.2094,-50.4986,3,3,APPROACH,3,approach,14.0000,-1.5000,-5.2500,3.2843,-4.3410,-0.0406,beacon,1.0000,-0.1119,-0.0183,0.0000,false,0.0000,0.0000,0.0000,0.0000,0.0000
16.333,12.1566,1.1483,-5.2103,-51.4129,3,3,APPROACH,3,approach,14.0000,-1.5000,-5.2500,3.2269,-3.7469,-0.0397,beacon,1.0000,-0.0949,-0.0179,0.0000,false,0.0000,0.0000,0.0000,0.0000,0.0000
16.367,12.2043,1.1108,-5.2112,-52.3043,3,3,APPROACH,3,approach,14.0000,-1.5000,-5.2500,3.1690,-3.1750,-0.0388,beacon,1.0000,-0.0790,-0.0175,0.0000,false,0.0000,0.0000,0.0000,0.0000,0.0000
16.400,12.2517,1.0724,-5.2121,-53.1734,3,3,APPROACH,3,approach,14.0000,-1.5000,-5.2500,3.1105,-2.6247,-0.0379,beacon,1.0000,-0.0641,-0.0170,0.0000,false,0.0000,0.0000,0.0000,0.0000,0.0000
16.433,12.2989,1.0331,-5.2131,-54.0208,3,3,APPROACH,3,approach,14.0000,-1.5000,-5.2500,3.0515,-2.0957,-0.0369,beacon,1.0000,-0.0502,-0.0166,0.0000,false,0.0000,0.0000,0.0000,0.0000,0.0000
16.467,12.3459,0.9930,-5.2141,-54.8471,3,3,APPROACH,3,approach,14.0000,-1.5000,-5.2500,2.9920,-1.5875,-0.0359,beacon,1.0000,-0.0373,-0.0161,0.0000,false,0.0000,0.0000,0.0000,0.0000,0.0000
16.500,12.3926,0.9519,-5.2151,-55.6528,3,3,APPROACH,3,approach,14.0000,-1.5000,-5.2500,2.9321,-1.0996,-0.0349,beacon,1.0000,-0.0253,-0.0157,0.0000,false,0.0000,0.0000,0.0000,0.0000,0.0000
16.533,12.4391,0.9100,-5.2162,-56.4384,3,3,APPROACH,3,approach,14.0000,-1.5000,-5.2500,2.8716,-0.6316,-0.0338,beacon,1.0000,-0.0142,-0.0152,0.0000,false,0.0000,0.0000,0.0000,0.0000,0.0000
16.567,12.4853,0.8673,-5.2172,-57.2043,3,3,APPROACH,3,approach,14.0000,-1.5000,-5.2500,2.8106,-0.1832,-0.0328,beacon,0.9837,-0.0040,-0.0147,0.0000,false,0.0000,0.0000,0.0000,0.0000,0.0000
16.600,12.5312,0.8238,-5.2183,-57.9511,3,3,APPROACH,3,approach,14.0000,-1.5000,-5.2500,2.7492,0.2462,-0.0317,beacon,0.9622,0.0053,-0.0143,0.0000,false,0.0000,0.0000,0.0000,0.0000,0.0000
16.633,12.5768,0.7795,-5.2193,-58.6792,3,3,APPROACH,3,approach,14.0000,-1.5000,-5.2500,2.6875,0.6567,-0.0307,beacon,0.9406,0.0139,-0.0138,0.0000,false,0.0000,0.0000,0.0000,0.0000,0.0000
16.667,12.6220,0.7346,-5.2204,-59.3891,3,3,APPROACH,3,approach,14.0000,-1.5000,-5.2500,2.6255,1.0485,-0.0296,beacon,0.9188,0.0216,-0.0133,0.0000,false,0.0000,0.0000,0.0000,0.0000,0.0000
16.700,12.6668,0.6892,-5.2214,-60.0812,3,3,APPROACH,3,approach,14.0000,-1.5000,-5.2500,2.5634,1.4216,-0.0286,fallback_beacon,0.8969,0.0286,-0.0129,0.0000,false,0.0000,0.0000,0.0000,0.0000,0.0000
16.733,12.7112,0.6433,-5.2225,-60.7560,3,3,APPROACH,3,approach,14.0000,-1.5000,-5.2500,2.5011,1.7761,-0.0275,vision,0.1600,-0.1619,0.0000,-0.0520,true,0.7239,-0.5781,0.0208,0.0484,0.0000
16.767,12.7535,0.5987,-5.2235,-61.4304,3,3,APPROACH,3,approach,14.0000,-1.5000,-5.2500,2.4411,2.1372,-0.0265,fallback_beacon,0.8538,0.0410,-0.0119,0.0000,false,0.0000,0.0000,0.0000,0.0000,0.0000
16.800,12.7954,0.5537,-5.2245,-62.0879,3,3,APPROACH,3,approach,14.0000,-1.5000,-5.2500,2.3811,2.4801,-0.0255,vision,0.1600,-0.1759,0.0000,-0.0565,true,0.7028,-0.6281,0.0292,0.0548,-8.7462
16.833,12.8355,0.5101,-5.2254,-62.7468,3,3,APPROACH,3,approach,14.0000,-1.5000,-5.2500,2.3231,2.8322,-0.0246,fallback_beacon,0.8121,0.0517,-0.0111,0.0000,false,0.0000,0.0000,0.0000,0.0000,0.0000
16.867,12.8751,0.4660,-5.2263,-63.3893,3,3,APPROACH,3,approach,14.0000,-1.5000,-5.2500,2.2652,3.1663,-0.0237,vision,0.1600,-0.1916,0.0000,-0.0616,true,0.6925,-0.6844,0.0417,0.0625,-9.2110
16.900,12.9129,0.4231,-5.2272,-64.0352,3,3,APPROACH,3,approach,14.0000,-1.5000,-5.2500,2.2092,3.5130,-0.0228,fallback_beacon,0.7718,0.0609,-0.0103,0.0000,false,0.0000,0.0000,0.0000,0.0000,0.0000
16.933,12.9504,0.3799,-5.2281,-64.6650,3,3,APPROACH,3,approach,14.0000,-1.5000,-5.2500,2.1532,3.8418,-0.0219,vision,0.1600,-0.2074,0.0000,-0.0667,true,0.6777,-0.7406,0.0458,0.0724,-9.1623
16.967,12.9860,0.3379,-5.2289,-65.3001,3,3,APPROACH,3,approach,14.0000,-1.5000,-5.2500,2.0991,4.1864,-0.0211,fallback_beacon,0.7327,0.0690,-0.0095,0.0000,false,0.0000,0.0000,0.0000,0.0000,0.0000
17.000,13.0213,0.2955,-5.2297,-65.9194,3,3,APPROACH,3,approach,14.0000,-1.5000,-5.2500,2.0450,4.5133,-0.0203,vision,0.1600,-0.2126,0.0000,-0.0683,true,0.7079,-0.7594,0.0458,0.0672,-9.4623
17.033,13.0549,0.2543,-5.2305,-66.5449,3,3,APPROACH,3,approach,14.0000,-1.5000,-5.2500,1.9928,4.8577,-0.0195,fallback_beacon,0.6950,0.0759,-0.0088,0.0000,false,0.0000,0.0000,0.0000,0.0000,0.0000
17.067,13.0881,0.2128,-5.2313,-67.1547,3,3,APPROACH,3,approach,14.0000,-1.5000,-5.2500,1.9405,5.1844,-0.0187,vision,0.1600,-0.2179,0.0000,-0.0700,true,0.7496,-0.7781,0.0500,0.0629,-9.4623
17.100,13.1198,0.1724,-5.2320,-67.7715,3,3,APPROACH,3,approach,14.0000,-1.5000,-5.2500,1.8900,5.5305,-0.0180,fallback_beacon,0.6584,0.0820,-0.0081,0.0241,false,0.0000,0.0000,0.0000,0.0000,0.0000
17.133,13.1510,0.1318,-5.2327,-68.3653,3,3,APPROACH,3,approach,14.0000,-1.5000,-5.2500,1.8395,5.8512,-0.0173,vision,0.1600,-0.2231,0.0000,-0.0717,true,0.7397,-0.7969,0.0500,0.0576,0.0000
17.167,13.1808,0.0922,-5.2334,-68.9670,3,3,APPROACH,3,approach,14.0000,-1.5000,-5.2500,1.7907,6.1933,-0.0166,fallback_beacon,0.6231,0.0869,-0.0075,0.0270,false,0.0000,0.0000,0.0000,0.0000,0.0000
17.200,13.2102,0.0525,-5.2341,-69.5452,3,3,APPROACH,3,approach,14.0000,-1.5000,-5.2500,1.7419,6.5095,-0.0159,vision,0.1600,-0.2293,-0.0437,-0.0737,true,0.6962,-0.8187,0.1250,0.0378,0.0000
17.233,13.2381,0.0137,-5.2349,-70.1322,3,3,APPROACH,3,approach,14.0000,-1.5000,-5.2500,1.6947,6.8494,-0.0151,fallback_beacon,0.5889,0.0910,-0.0068,0.0299,false,0.0000,0.0000,0.0000,0.0000,0.0000
17.267,13.2657,-0.0252,-5.2357,-70.6951,3,3,APPROACH,3,approach,14.0000,-1.5000,-5.2500,1.6476,7.1627,-0.0143,vision,0.1600,-0.2345,0.0000,-0.0754,true,0.6093,-0.8375,0.0417,0.0474,0.0000
17.300,13.2919,-0.0631,-5.2364,-71.2679,3,3,APPROACH,3,approach,14.0000,-1.5000,-5.2500,1.6020,7.5020,-0.0136,fallback_beacon,0.5559,0.0941,-0.0061,0.0327,false,0.0000,0.0000,0.0000,0.0000,0.0000
17.333,13.3178,-0.1011,-5.2371,-71.8159,3,3,APPROACH,3,approach,14.0000,-1.5000,-5.2500,1.5564,7.8141,-0.0129,vision,0.1600,-0.2406,0.0000,-0.0773,true,0.5471,-0.8594,0.0417,0.0410,0.0000
17.367,13.3423,-0.1383,-5.2378,-72.3748,3,3,APPROACH,3,approach,14.0000,-1.5000,-5.2500,1.5123,8.1549,-0.0122,fallback_beacon,0.5240,0.0965,-0.0055,0.0356,false,0.0000,0.0000,0.0000,0.0000,0.0000
17.400,13.3665,-0.1754,-5.2385,-72.9084,3,3,APPROACH,3,approach,14.0000,-1.5000,-5.2500,1.4683,8.4679,-0.0115,vision,0.1600,-0.2476,-0.0423,-0.0796,true,0.6040,-0.8844,0.1208,0.0246,0.0000
17.433,13.3894,-0.2118,-5.2393,-73.4538,3,3,APPROACH,3,approach,14.0000,-1.5000,-5.2500,1.4257,8.8126,-0.0107,fallback_beacon,0.4931,0.0983,-0.0048,0.0385,false,0.0000,0.0000,0.0000,0.0000,0.0000
17.467,13.4121,-0.2481,-5.2400,-73.9735,3,3,APPROACH,3,approach,14.0000,-1.5000,-5.2500,1.3831,9.1291,-0.0100,vision,0.1600,-0.2546,-0.0437,-0.0818,true,0.5196,-0.9094,0.1250,0.0189,0.0000
17.500,13.4334,-0.2836,-5.2409,-74.5061,3,3,APPROACH,3,approach,14.0000,-1.5000,-5.2500,1.3419,9.4806,-0.0091,fallback_beacon,0.4633,0.0995,-0.0041,0.0414,false,0.0000,0.0000,0.0000,0.0000,0.0000
17.533,13.4545,-0.3190,-5.2417,-75.0122,3,3,APPROACH,3,approach,14.0000,-1.5000,-5.2500,1.3009,9.8035,-0.0083,vision,0.1600,-0.2564,0.1298,-0.0824,true,0.6175,-0.9156,-0.3708,0.0038,45.0000
17.567,13.4744,-0.3537,-5.2421,-75.5318,3,3,APPROACH,3,approach,14.0000,-1.5000,-5.2500,1.2611,10.1640,-0.0079,fallback_beacon,0.4344,0.1001,-0.0035,0.0443,false,0.0000,0.0000,0.0000,0.0000,0.0000
17.600,13.4941,-0.3883,-5.2426,-76.0243,3,3,APPROACH,3,approach,14.0000,-1.5000,-5.2500,1.2214,10.4954,-0.0074,fallback_beacon,0.4203,0.1001,-0.0033,0.0458,false,0.0000,0.0000,0.0000,0.0000,0.0000
17.633,13.5135,-0.4228,-5.2430,-76.4900,3,3,APPROACH,3,approach,14.0000,-1.5000,-5.2500,1.1820,10.7975,-0.0070,fallback_beacon,0.4064,0.0996,-0.0032,0.0471,false,0.0000,0.0000,0.0000,0.0000,0.0000
17.667,13.5326,-0.4571,-5.2434,-76.9291,3,3,APPROACH,3,approach,14.0000,-1.5000,-5.2500,1.1428,11.0705,-0.0066,fallback_beacon,0.3925,0.0987,-0.0030,0.0483,false,0.0000,0.0000,0.0000,0.0000,0.0000
17.700,13.5515,-0.4913,-5.2438,-77.3420,3,3,APPROACH,3,approach,14.0000,-1.5000,-5.2500,1.1040,11.3140,-0.0062,fallback_beacon,0.3789,0.0975,-0.0028,0.0494,false,0.0000,0.0000,0.0000,0.0000,0.0000
17.733,13.5701,-0.5252,-5.2442,-77.7288,3,3,APPROACH,3,approach,14.0000,-1.5000,-5.2500,1.0654,11.5282,-0.0058,vision,0.1600,-0.2170,0.1910,-0.0697,true,0.6591,-0.7750,-0.5458,0.0684,-25.4976
17.767,13.5876,-0.5584,-5.2440,-78.1281,3,3,APPROACH,3,approach,14.0000,-1.5000,-5.2500,1.0279,11.7803,-0.0060,fallback_beacon,0.3522,0.0944,-0.0027,0.0514,false,0.0000,0.0000,0.0000,0.0000,0.0000
17.800,13.6049,-0.5914,-5.2439,-78.5012,3,3,APPROACH,3,approach,14.0000,-1.5000,-5.2500,0.9908,12.0030,-0.0061,vision,0.1600,-0.2284,0.1998,-0.0734,true,0.5811,-0.8156,-0.5708,0.0515,-20.5560
17.833,13.6211,-0.6237,-5.2431,-78.8882,3,3,APPROACH,3,approach,14.0000,-1.5000,-5.2500,0.9548,12.2695,-0.0069,fallback_beacon,0.3265,0.0913,-0.0031,0.0535,false,0.0000,0.0000,0.0000,0.0000,0.0000
17.867,13.6371,-0.6557,-5.2424,-79.2486,3,3,APPROACH,3,approach,14.0000,-1.5000,-5.2500,0.9191,12.5068,-0.0076,fallback_beacon,0.3140,0.0896,-0.0034,0.0546,false,0.0000,0.0000,0.0000,0.0000,0.0000
17.900,13.6528,-0.6874,-5.2417,-79.5826,3,3,APPROACH,3,approach,14.0000,-1.5000,-5.2500,0.8837,12.7150,-0.0083,fallback_beacon,0.3017,0.0875,-0.0037,0.0555,false,0.0000,0.0000,0.0000,0.0000,0.0000
17.933,13.6683,-0.7187,-5.2411,-79.8908,3,3,APPROACH,3,approach,14.0000,-1.5000,-5.2500,0.8488,12.8941,-0.0089,vision,0.1600,-0.2310,0.2012,-0.0742,true,0.5669,-0.8250,-0.5750,0.0481,-9.0193
17.967,13.6828,-0.7495,-5.2399,-80.2148,3,3,APPROACH,3,approach,14.0000,-1.5000,-5.2500,0.8148,13.1254,-0.0101,fallback_beacon,0.2777,0.0833,-0.0045,0.0573,false,0.0000,0.0000,0.0000,0.0000,0.0000
18.000,13.6971,-0.7799,-5.2388,-80.5125,3,3,APPROACH,3,approach,14.0000,-1.5000,-5.2500,0.7813,13.3282,-0.0112,vision,0.1600,-0.1724,-0.0700,-0.0554,true,0.6552,-0.6156,0.2000,0.1537,1.2590
18.033,13.7105,-0.8097,-5.2379,-80.8203,3,3,APPROACH,3,approach,14.0000,-1.5000,-5.2500,0.7486,13.5731,-0.0121,fallback_beacon,0.2383,0.0740,-0.0055,0.0592,false,0.0000,0.0000,0.0000,0.0000,0.0000
18.067,13.7237,-0.8391,-5.2370,-81.1017,3,3,APPROACH,3,approach,14.0000,-1.5000,-5.2500,0.7165,13.7902,-0.0130,fallback_beacon,0.2181,0.0688,-0.0058,0.0602,false,0.0000,0.0000,0.0000,0.0000,0.0000
18.100,13.7366,-0.8680,-5.2362,-81.3569,3,3,APPROACH,3,approach,14.0000,-1.5000,-5.2500,0.6848,13.9798,-0.0138,fallback_beacon,0.2000,0.0637,-0.0062,0.0610,false,0.0000,0.0000,0.0000,0.0000,0.0000
18.133,13.7493,-0.8964,-5.2355,-81.5864,3,3,APPROACH,3,approach,14.0000,-1.5000,-5.2500,0.6537,14.1419,-0.0145,fallback_beacon,0.2000,0.0587,-0.0065,0.0617,false,0.0000,0.0000,0.0000,0.0000,0.0000
18.167,13.7617,-0.9244,-5.2348,-81.7906,3,3,APPROACH,3,approach,14.0000,-1.5000,-5.2500,0.6232,14.2779,-0.0152,fallback_beacon,0.2000,0.0539,-0.0069,0.0623,false,0.0000,0.0000,0.0000,0.0000,0.0000
18.200,13.7739,-0.9519,-5.2341,-81.9700,3,3,TRANSIT,3,exit,18.0000,-1.5000,-5.2500,4.2615,74.5804,-0.0159,fallback_beacon,0.3966,0.5500,-0.0071,0.0923,false,0.0000,0.0000,0.0000,0.0000,0.0000
18.233,13.7869,-0.9794,-5.2335,-82.1156,3,3,TRANSIT,3,exit,18.0000,-1.5000,-5.2500,4.2452,75.0721,-0.0165,fallback_beacon,0.3828,0.5500,-0.0074,0.1223,false,0.0000,0.0000,0.0000,0.0000,0.0000
18.267,13.8007,-1.0070,-5.2329,-82.2187,3,3,TRANSIT,3,exit,18.0000,-1.5000,-5.2500,4.2281,75.5226,-0.0171,fallback_beacon,0.3700,0.5500,-0.0077,0.1523,false,0.0000,0.0000,0.0000,0.0000,0.0000
18.300,13.8154,-1.0345,-5.2324,-82.2710,3,3,TRANSIT,3,exit,18.0000,-1.5000,-5.2500,4.2105,75.9233,-0.0176,fallback_beacon,0.3584,0.5500,-0.0079,0.1823,false,0.0000,0.0000,0.0000,0.0000,0.0000
18.333,13.8308,-1.0619,-5.2319,-82.2642,3,3,TRANSIT,3,exit,18.0000,-1.5000,-5.2500,4.1922,76.2657,-0.0181,fallback_beacon,0.3484,0.5500,-0.0081,0.2123,false,0.0000,0.0000,0.0000,0.0000,0.0000
18.367,13.8469,-1.0892,-5.2315,-82.1903,3,3,TRANSIT,3,exit,18.0000,-1.5000,-5.2500,4.1734,76.5415,-0.0185,fallback_beacon,0.3400,0.5500,-0.0083,0.2423,false,0.0000,0.0000,0.0000,0.0000,0.0000
18.400,13.8637,-1.1164,-5.2311,-82.0413,3,3,TRANSIT,3,exit,18.0000,-1.5000,-5.2500,4.1541,76.7428,-0.0189,fallback_beacon,0.3334,0.5500,-0.0085,0.2500,false,0.0000,0.0000,0.0000,0.0000,0.0000
18.433,13.8811,-1.1434,-5.2307,-81.8169,3,3,TRANSIT,3,exit,18.0000,-1.5000,-5.2500,4.1343,76.8690,-0.0193,fallback_beacon,0.3287,0.5500,-0.0087,0.2500,false,0.0000,0.0000,0.0000,0.0000,0.0000
18.467,13.8993,-1.1703,-5.2303,-81.5188,3,3,TRANSIT,3,exit,18.0000,-1.5000,-5.2500,4.1140,76.9218,-0.0197,fallback_beacon,0.3258,0.5500,-0.0088,0.2500,false,0.0000,0.0000,0.0000,0.0000,0.0000
18.500,13.9180,-1.1970,-5.2301,-81.1489,3,3,TRANSIT,3,exit,18.0000,-1.5000,-5.2500,4.0933,76.9031,-0.0199,fallback_beacon,0.3246,0.5500,-0.0090,0.2500,false,0.0000,0.0000,0.0000,0.0000,0.0000
18.533,13.9373,-1.2234,-5.2298,-80.7091,3,3,TRANSIT,3,exit,18.0000,-1.5000,-5.2500,4.0721,76.8148,-0.0202,fallback_beacon,0.3251,0.5500,-0.0091,0.2500,false,0.0000,0.0000,0.0000,0.0000,0.0000
18.567,13.9572,-1.2498,-5.2296,-80.2009,3,3,TRANSIT,3,exit,18.0000,-1.5000,-5.2500,4.0506,76.6588,-0.0204,fallback_beacon,0.3271,0.5500,-0.0092,0.2500,false,0.0000,0.0000,0.0000,0.0000,0.0000
18.600,13.9777,-1.2759,-5.2294,-79.6263,3,3,TRANSIT,3,exit,18.0000,-1.5000,-5.2500,4.0286,76.4369,-0.0206,fallback_beacon,0.3307,0.5500,-0.0093,0.2500,false,0.0000,0.0000,0.0000,0.0000,0.0000
18.633,13.9988,-1.3018,-5.2293,-78.9867,3,3,TRANSIT,3,exit,18.0000,-1.5000,-5.2500,4.0062,76.1510,-0.0207,fallback_beacon,0.3356,0.5500,-0.0093,0.2500,false,0.0000,0.0000,0.0000,0.0000,0.0000
18.667,14.0204,-1.3276,-5.2292,-78.2839,3,3,TRANSIT,3,exit,18.0000,-1.5000,-5.2500,3.9834,75.8029,-0.0208,fallback_beacon,0.3419,0.5500,-0.0094,0.2500,false,0.0000,0.0000,0.0000,0.0000,0.0000
18.700,14.0425,-1.3532,-5.2291,-77.5194,3,3,TRANSIT,3,exit,18.0000,-1.5000,-5.2500,3.9603,75.3945,-0.0209,fallback_beacon,0.3495,0.5500,-0.0094,0.2500,false,0.0000,0.0000,0.0000,0.0000,0.0000
18.733,14.0651,-1.3786,-5.2290,-76.6948,3,3,TRANSIT,3,exit,18.0000,-1.5000,-5.2500,3.9368,74.9276,-0.0210,fallback_beacon,0.3583,0.5500,-0.0094,0.2500,false,0.0000,0.0000,0.0000,0.0000,0.0000
18.767,14.0883,-1.4039,-5.2290,-75.8115,3,3,TRANSIT,3,exit,18.0000,-1.5000,-5.2500,3.9129,74.4040,-0.0210,fallback_beacon,0.3682,0.5500,-0.0094,0.2500,false,0.0000,0.0000,0.0000,0.0000,0.0000
18.800,14.1121,-1.4290,-5.2291,-74.8711,3,3,TRANSIT,3,exit,18.0000,-1.5000,-5.2500,3.8886,73.8255,-0.0209,fallback_beacon,0.3791,0.5500,-0.0094,0.2500,false,0.0000,0.0000,0.0000,0.0000,0.0000
18.833,14.1363,-1.4541,-5.2291,-73.8749,3,3,TRANSIT,3,exit,18.0000,-1.5000,-5.2500,3.8640,73.1940,-0.0209,fallback_beacon,0.3910,0.5500,-0.0094,0.2500,false,0.0000,0.0000,0.0000,0.0000,0.0000
18.867,14.1611,-1.4790,-5.2292,-72.8244,3,3,TRANSIT,3,exit,18.0000,-1.5000,-5.2500,3.8390,72.5113,-0.0208,fallback_beacon,0.4038,0.5500,-0.0094,0.2500,false,0.0000,0.0000,0.0000,0.0000,0.0000
18.900,14.1864,-1.5039,-5.2293,-71.7208,3,3,TRANSIT,3,exit,18.0000,-1.5000,-5.2500,3.8136,71.7790,-0.0207,fallback_beacon,0.4174,0.5500,-0.0093,0.2500,false,0.0000,0.0000,0.0000,0.0000,0.0000
18.933,14.2123,-1.5286,-5.2295,-70.5656,3,3,TRANSIT,3,exit,18.0000,-1.5000,-5.2500,3.7878,70.9989,-0.0205,fallback_beacon,0.4316,0.5500,-0.0092,0.2500,false,0.0000,0.0000,0.0000,0.0000,0.0000
18.967,14.2388,-1.5534,-5.2296,-69.3600,3,3,TRANSIT,3,exit,18.0000,-1.5000,-5.2500,3.7617,70.1727,-0.0204,fallback_beacon,0.4466,0.5500,-0.0092,0.2500,false,0.0000,0.0000,0.0000,0.0000,0.0000
19.000,14.2658,-1.5780,-5.2298,-68.1053,3,3,TRANSIT,3,exit,18.0000,-1.5000,-5.2500,3.7351,69.3022,-0.0202,fallback_beacon,0.4620,0.5500,-0.0091,0.2500,false,0.0000,0.0000,0.0000,0.0000,0.0000
19.033,14.2934,-1.6026,-5.2300,-66.8028,3,3,TRANSIT,3,exit,18.0000,-1.5000,-5.2500,3.7081,68.3889,-0.0200,fallback_beacon,0.4780,0.5500,-0.0090,0.2500,false,0.0000,0.0000,0.0000,0.0000,0.0000
19.067,14.3216,-1.6272,-5.2303,-65.4535,3,3,TRANSIT,3,exit,18.0000,-1.5000,-5.2500,3.6807,67.4344,-0.0197,fallback_beacon,0.4944,0.5500,-0.0089,0.2500,false,0.0000,0.0000,0.0000,0.0000,0.0000
19.100,14.3504,-1.6518,-5.2305,-64.0587,3,3,TRANSIT,3,exit,18.0000,-1.5000,-5.2500,3.6528,66.4404,-0.0195,fallback_beacon,0.5110,0.5500,-0.0088,0.2500,false,0.0000,0.0000,0.0000,0.0000,0.0000
19.133,14.3798,-1.6763,-5.2308,-62.6196,3,3,TRANSIT,3,exit,18.0000,-1.5000,-5.2500,3.6245,65.4083,-0.0192,vision,0.0800,-0.1050,0.0000,-0.0338,true,0.6645,-0.3750,0.0042,0.5477,4.1376
19.167,14.4080,-1.7002,-5.2311,-61.2271,3,3,TRANSIT,3,exit,18.0000,-1.5000,-5.2500,3.5976,64.4180,-0.0189,fallback_beacon,0.5437,0.5500,-0.0085,0.2500,false,0.0000,0.0000,0.0000,0.0000,0.0000
19.200,14.4370,-1.7242,-5.2314,-59.7902,3,3,TRANSIT,3,exit,18.0000,-1.5000,-5.2500,3.5701,63.3903,-0.0186,fallback_beacon,0.5597,0.5500,-0.0084,0.2500,false,0.0000,0.0000,0.0000,0.0000,0.0000
19.233,14.4668,-1.7481,-5.2317,-58.3100,3,3,TRANSIT,3,exit,18.0000,-1.5000,-5.2500,3.5420,62.3266,-0.0183,fallback_beacon,0.5758,0.5500,-0.0083,0.2500,false,0.0000,0.0000,0.0000,0.0000,0.0000
19.267,14.4973,-1.7720,-5.2320,-56.7891,3,3,TRANSIT,3,exit,18.0000,-1.5000,-5.2500,3.5133,61.2298,-0.0180,fallback_beacon,0.5918,0.5500,-0.0081,0.2500,false,0.0000,0.0000,0.0000,0.0000,0.0000
19.300,14.5286,-1.7959,-5.2323,-55.2336,3,3,TRANSIT,3,exit,18.0000,-1.5000,-5.2500,3.4840,60.1062,-0.0177,fallback_beacon,0.6077,0.5500,-0.0080,0.2500,false,0.0000,0.0000,0.0000,0.0000,0.0000
19.333,14.5608,-1.8198,-5.2326,-53.6495,3,3,TRANSIT,3,exit,18.0000,-1.5000,-5.2500,3.4541,58.9618,-0.0174,vision,0.0800,0.0543,-0.1356,0.0174,true,0.7439,0.1938,0.3875,0.4938,0.0000
19.367,14.5918,-1.8428,-5.2333,-52.0994,3,3,TRANSIT,3,exit,18.0000,-1.5000,-5.2500,3.4254,57.8439,-0.0167,fallback_beacon,0.6381,0.5500,-0.0075,0.2500,false,0.0000,0.0000,0.0000,0.0000,0.0000
19.400,14.6238,-1.8659,-5.2340,-50.5302,3,3,TRANSIT,3,exit,18.0000,-1.5000,-5.2500,3.3960,56.7150,-0.0160,vision,0.0800,0.0639,-0.1356,0.0205,true,0.7589,0.2281,0.3875,0.4728,-0.0000
19.433,14.6548,-1.8881,-5.2351,-48.9937,3,3,TRANSIT,3,exit,18.0000,-1.5000,-5.2500,3.3677,55.6111,-0.0149,fallback_beacon,0.6657,0.5500,-0.0067,0.2426,false,0.0000,0.0000,0.0000,0.0000,0.0000
19.467,14.6867,-1.9102,-5.2362,-47.4481,3,3,TRANSIT,3,exit,18.0000,-1.5000,-5.2500,3.3386,54.5065,-0.0138,vision,0.0800,0.0726,-0.1371,0.0233,true,0.7713,0.2594,0.3917,0.4505,0.0000
19.500,14.7177,-1.9316,-5.2376,-45.9338,3,3,TRANSIT,3,exit,18.0000,-1.5000,-5.2500,3.3106,53.4251,-0.0124,fallback_beacon,0.6904,0.5500,-0.0056,0.2331,false,0.0000,0.0000,0.0000,0.0000,0.0000
19.533,14.7496,-1.9529,-5.2390,-44.4200,3,3,TRANSIT,3,exit,18.0000,-1.5000,-5.2500,3.2818,52.3527,-0.0110,vision,0.0800,0.0805,-0.1371,0.0259,true,0.7849,0.2875,0.3917,0.4334,-0.0000
19.567,14.7807,-1.9734,-5.2408,-42.9359,3,3,TRANSIT,3,exit,18.0000,-1.5000,-5.2500,3.2540,51.3016,-0.0092,fallback_beacon,0.7121,0.5500,-0.0042,0.2238,false,0.0000,0.0000,0.0000,0.0000,0.0000
19.600,14.8128,-1.9938,-5.2424,-41.4534,3,3,TRANSIT,3,exit,18.0000,-1.5000,-5.2500,3.2253,50.2605,-0.0076,vision,0.0800,0.0884,-0.1371,0.0284,true,0.7993,0.3156,0.3917,0.4163,-0.0000
19.633,14.8439,-2.0134,-5.2445,-39.9989,3,3,TRANSIT,3,exit,18.0000,-1.5000,-5.2500,3.1976,49.2389,-0.0055,fallback_beacon,0.7307,0.5500,-0.0025,0.2148,false,0.0000,0.0000,0.0000,0.0000,0.0000
19.667,14.8761,-2.0329,-5.2464,-38.5467,3,3,TRANSIT,3,exit,18.0000,-1.5000,-5.2500,3.1690,48.2277,-0.0036,vision,0.0800,0.0963,-0.1385,0.0309,true,0.8126,0.3438,0.3958,0.3965,-0.0000
19.700,14.9075,-2.0516,-5.2487,-37.1211,3,3,TRANSIT,3,exit,18.0000,-1.5000,-5.2500,3.1414,47.2343,-0.0013,fallback_beacon,0.7465,0.5500,-0.0006,0.2061,false,0.0000,0.0000,0.0000,0.0000,0.0000
19.733,14.9399,-2.0701,-5.2509,-35.6984,3,3,TRANSIT,3,exit,18.0000,-1.5000,-5.2500,3.1128,46.2517,0.0009,vision,0.0800,0.1033,-0.1385,0.0332,true,0.8278,0.3688,0.3958,0.3814,0.0000
19.767,14.9714,-2.0879,-5.2534,-34.3007,3,3,TRANSIT,3,exit,18.0000,-1.5000,-5.2500,3.0851,45.2852,0.0034,fallback_beacon,0.7597,0.5500,0.0015,0.1976,false,0.0000,0.0000,0.0000,0.0000,0.0000
19.800,15.0040,-2.1054,-5.2558,-32.9067,3,3,TRANSIT,3,exit,18.0000,-1.5000,-5.2500,3.0565,44.3298,0.0058,vision,0.0800,0.1111,-0.1385,0.0357,true,0.8471,0.3969,0.3958,0.3644,0.0000
19.833,15.0357,-2.1221,-5.2586,-31.5362,3,3,TRANSIT,3,exit,18.0000,-1.5000,-5.2500,3.0289,43.3888,0.0086,fallback_beacon,0.7704,0.5500,0.0039,0.1893,false,0.0000,0.0000,0.0000,0.0000,0.0000
19.867,15.0686,-2.1386,-5.2612,-30.1700,3,3,TRANSIT,3,exit,18.0000,-1.5000,-5.2500,3.0002,42.4591,0.0112,vision,0.0800,0.1190,-0.1371,0.0382,true,0.8688,0.4250,0.3917,0.3498,0.0000
19.900,15.1005,-2.1543,-5.2641,-28.8258,3,3,TRANSIT,3,exit,18.0000,-1.5000,-5.2500,2.9724,41.5421,0.0141,fallback_beacon,0.7787,0.5500,0.0064,0.1813,false,0.0000,0.0000,0.0000,0.0000,0.0000
19.933,15.1336,-2.1697,-5.2669,-27.4864,3,3,TRANSIT,3,exit,18.0000,-1.5000,-5.2500,2.9436,40.6364,0.0169,vision,0.0800,0.1269,-0.1371,0.0408,true,0.8925,0.4531,0.3917,0.3327,0.0000
19.967,15.1658,-2.1843,-5.2700,-26.1677,3,3,TRANSIT,3,exit,18.0000,-1.5000,-5.2500,2.9157,39.7418,0.0200,fallback_beacon,0.7847,0.5500,0.0090,0.1734,false,0.0000,0.0000,0.0000,0.0000,0.0000
20.000,15.1992,-2.1985,-5.2730,-24.8544,3,3,TRANSIT,3,exit,18.0000,-1.5000,-5.2500,2.8867,38.8585,0.0230,vision,0.0800,0.1348,-0.1371,0.0433,true,0.9172,0.4813,0.3917,0.3156,-0.0000
20.033,15.2316,-2.2121,-5.2762,-23.5602,3,3,TRANSIT,3,exit,18.0000,-1.5000,-5.2500,2.8587,37.9846,0.0262,fallback_beacon,0.7886,0.5500,0.0118,0.1657,false,0.0000,0.0000,0.0000,0.0000,0.0000
20.067,15.2651,-2.2251,-5.2793,-22.2721,3,3,TRANSIT,3,exit,18.0000,-1.5000,-5.2500,2.8295,37.1220,0.0293,vision,0.0800,0.1453,-0.1371,0.0467,true,0.9534,0.5188,0.3917,0.2928,0.0000
20.100,15.2978,-2.2375,-5.2827,-21.0014,3,3,TRANSIT,3,exit,18.0000,-1.5000,-5.2500,2.8013,36.2667,0.0327,fallback_beacon,0.7905,0.5500,0.0147,0.1582,false,0.0000,0.0000,0.0000,0.0000,0.0000
20.133,15.3316,-2.2493,-5.2859,-19.7373,3,3,TRANSIT,3,exit,18.0000,-1.5000,-5.2500,2.7719,35.4226,0.0359,vision,0.0800,0.1566,-0.1356,0.0503,true,0.9598,0.5594,0.3875,0.2699,0.0000
20.167,15.3644,-2.2605,-5.2894,-18.4889,3,3,TRANSIT,3,exit,18.0000,-1.5000,-5.2500,2.7434,34.5837,0.0394,fallback_beacon,0.7905,0.5500,0.0177,0.1509,false,0.0000,0.0000,0.0000,0.0000,0.0000
20.200,15.3984,-2.2710,-5.2927,-17.2478,3,3,TRANSIT,3,exit,18.0000,-1.5000,-5.2500,2.7138,33.7559,0.0427,vision,0.1600,0.1715,-0.1342,0.0551,true,0.8919,0.6125,0.3833,0.2390,0.0000
20.233,15.4317,-2.2810,-5.2963,-16.0203,3,3,TRANSIT,3,exit,18.0000,-1.5000,-5.2500,2.6849,32.9337,0.0463,fallback_beacon,0.7887,0.5500,0.0208,0.1437,false,0.0000,0.0000,0.0000,0.0000,0.0000
20.267,15.4661,-2.2903,-5.2997,-14.8006,3,3,TRANSIT,3,exit,18.0000,-1.5000,-5.2500,2.6548,32.1222,0.0497,vision,0.1600,0.1925,-0.1342,0.0619,true,0.8031,0.6875,0.3833,0.1927,0.0000
20.300,15.4997,-2.2990,-5.3033,-13.5919,3,3,TRANSIT,3,exit,18.0000,-1.5000,-5.2500,2.6254,31.3129,0.0533,fallback_beacon,0.7850,0.5500,0.0240,0.1366,false,0.0000,0.0000,0.0000,0.0000,0.0000
20.333,15.5345,-2.3069,-5.3068,-12.3917,3,3,TRANSIT,3,exit,18.0000,-1.5000,-5.2500,2.5948,30.5140,0.0568,vision,0.1600,-0.1803,0.0321,-0.0579,true,0.6292,-0.6438,-0.0917,0.0063,10.6197
20.367,15.5683,-2.3151,-5.3100,-11.2398,3,3,TRANSIT,3,exit,18.0000,-1.5000,-5.2500,2.5653,29.7700,0.0600,fallback_beacon,0.7794,0.5500,0.0270,0.1299,false,0.0000,0.0000,0.0000,0.0000,0.0000
20.400,15.6032,-2.3224,-5.3130,-10.0962,3,3,TRANSIT,3,exit,18.0000,-1.5000,-5.2500,2.5347,29.0345,0.0630,vision,0.1600,-0.2056,0.0000,-0.0661,true,0.7185,-0.7344,-0.0375,0.0133,0.0000
20.433,15.6167,-2.3330,-5.3142,-7.8336,3,3,TRANSIT,3,exit,18.0000,-1.5000,-5.2500,2.5255,27.0994,0.0642,fallback_beacon,0.7869,0.5177,0.0289,0.1182,false,0.0000,0.0000,0.0000,0.0000,0.0000
20.467,15.6185,-2.3402,-5.3154,-2.4237,3,3,TRANSIT,3,exit,18.0000,-1.5000,-5.2500,2.5262,21.8567,0.0654,vision,0.1600,-0.1829,0.0000,-0.0588,true,0.7210,-0.6531,-0.0333,0.0121,0.0000
20.500,15.6207,-2.3475,-5.3164,2.8330,3,3,TRANSIT,3,exit,18.0000,-1.5000,-5.2500,2.5266,16.7733,0.0664,fallback_beacon,0.8467,0.3281,0.0299,0.0732,false,0.0000,0.0000,0.0000,0.0000,0.0000
20.533,15.6164,-2.3572,-5.3169,5.1950,3,3,TRANSIT,3,exit,18.0000,-1.5000,-5.2500,2.5339,14.5838,0.0669,vision,0.1600,-0.1146,0.0000,-0.0368,true,0.7251,-0.4094,-0.0333,0.0085,0.0000
20.567,15.6100,-2.3672,-5.3173,5.9728,3,3,TRANSIT,3,exit,18.0000,-1.5000,-5.2500,2.5433,13.9710,0.0673,fallback_beacon,0.8638,0.2763,0.0303,0.0610,false,0.0000,0.0000,0.0000,0.0000,0.0000
20.600,15.6065,-2.3761,-5.3177,6.7407,3,3,TRANSIT,3,exit,18.0000,-1.5000,-5.2500,2.5497,13.3646,0.0677,vision,0.1600,-0.0971,0.0000,-0.0312,true,0.7248,-0.3469,-0.0250,0.0085,0.0000
20.633,15.6037,-2.3849,-5.3180,7.4796,3,3,TRANSIT,3,exit,18.0000,-1.5000,-5.2500,2.5554,12.7881,0.0680,fallback_beacon,0.8722,0.2545,0.0306,0.0558,false,0.0000,0.0000,0.0000,0.0000,0.0000
20.667,15.6035,-2.3925,-5.3182,8.2089,3,3,TRANSIT,3,exit,18.0000,-1.5000,-5.2500,2.5582,12.2180,0.0682,vision,0.1600,-0.0892,0.0000,-0.0287,true,0.6981,-0.3187,-0.0167,0.0081,0.0000
20.700,15.6039,-2.4000,-5.3184,8.9111,3,3,TRANSIT,3,exit,18.0000,-1.5000,-5.2500,2.5605,11.6758,0.0684,fallback_beacon,0.8776,0.2332,0.0308,0.0509,false,0.0000,0.0000,0.0000,0.0000,0.0000
20.733,15.6069,-2.4064,-5.3184,9.6040,3,3,TRANSIT,3,exit,18.0000,-1.5000,-5.2500,2.5599,11.1400,0.0684,vision,0.1600,-0.0823,0.0000,-0.0264,true,0.7119,-0.2938,-0.0125,0.0078,0.0000
20.767,15.6097,-2.4124,-5.3184,10.2920,3,3,TRANSIT,3,exit,18.0000,-1.5000,-5.2500,2.5594,10.5997,0.0684,fallback_beacon,0.8805,0.2119,0.0308,0.0462,false,0.0000,0.0000,0.0000,0.0000,0.0000
20.800,15.6094,-2.4152,-5.3174,11.0151,3,3,TRANSIT,3,exit,18.0000,-1.5000,-5.2500,2.5607,9.9331,0.0674,vision,0.1600,-0.0744,0.0000,-0.0239,true,0.6976,-0.2656,-0.0125,0.0075,0.0000
20.833,15.6087,-2.4179,-5.3163,11.4833,3,3,TRANSIT,3,exit,18.0000,-1.5000,-5.2500,2.5622,9.5154,0.0663,fallback_beacon,0.8844,0.1906,0.0299,0.0415,false,0.0000,0.0000,0.0000,0.0000,0.0000
20.867,15.6084,-2.4190,-5.3156,11.7626,3,3,TRANSIT,3,exit,18.0000,-1.5000,-5.2500,2.5629,9.2582,0.0656,vision,0.1600,-0.0691,0.0000,-0.0222,true,0.6976,-0.2469,-0.0292,0.0075,0.0000
20.900,15.6081,-2.4201,-5.3152,11.9613,3,3,TRANSIT,3,exit,18.0000,-1.5000,-5.2500,2.5636,9.0791,0.0652,fallback_beacon,0.8860,0.1820,0.0293,0.0396,false,0.0000,0.0000,0.0000,0.0000,0.0000
20.933,15.6083,-2.4201,-5.3150,11.9523,3,3,TRANSIT,3,exit,18.0000,-1.5000,-5.2500,2.5634,9.0896,0.0650,vision,0.1600,-0.0656,0.0000,-0.0211,true,0.6763,-0.2344,-0.0333,0.0078,0.0000
20.967,15.6084,-2.4200,-5.3150,11.8972,3,3,TRANSIT,3,exit,18.0000,-1.5000,-5.2500,2.5633,9.1435,0.0650,fallback_beacon,0.8858,0.1833,0.0293,0.0399,false,0.0000,0.0000,0.0000,0.0000,0.0000
21.000,15.6087,-2.4189,-5.3151,11.6433,3,3,TRANSIT,3,exit,18.0000,-1.5000,-5.2500,2.5626,9.3769,0.0651,vision,0.1600,-0.0656,0.0000,-0.0211,true,0.6777,-0.2344,-0.0333,0.0105,0.0000
21.033,15.6091,-2.4178,-5.3152,11.3839,3,3,TRANSIT,3,exit,18.0000,-1.5000,-5.2500,2.5619,9.6165,0.0652,fallback_beacon,0.8841,0.1926,0.0293,0.0420,false,0.0000,0.0000,0.0000,0.0000,0.0000
21.067,15.6097,-2.4159,-5.3152,10.9192,3,3,TRANSIT,3,exit,18.0000,-1.5000,-5.2500,2.5605,10.0457,0.0652,vision,0.1600,-0.0691,0.0000,-0.0222,true,0.6952,-0.2469,-0.0292,0.0075,0.0000
21.100,15.6104,-2.4140,-5.3154,10.4666,3,3,TRANSIT,3,exit,18.0000,-1.5000,-5.2500,2.5593,10.4651,0.0654,fallback_beacon,0.8808,0.2092,0.0294,0.0457,false,0.0000,0.0000,0.0000,0.0000,0.0000
21.133,15.6114,-2.4113,-5.3154,9.8328,3,3,TRANSIT,3,exit,18.0000,-1.5000,-5.2500,2.5574,11.0501,0.0654,vision,0.1600,-0.0735,0.0000,-0.0236,true,0.7150,-0.2625,-0.0292,0.0078,0.0000
21.167,15.6123,-2.4088,-5.3155,9.2347,3,3,TRANSIT,3,exit,18.0000,-1.5000,-5.2500,2.5556,11.6020,0.0655,fallback_beacon,0.8762,0.2313,0.0295,0.0506,false,0.0000,0.0000,0.0000,0.0000,0.0000
21.200,15.6136,-2.4055,-5.3154,8.4387,3,3,TRANSIT,3,exit,18.0000,-1.5000,-5.2500,2.5532,12.3391,0.0654,vision,0.1600,-0.0805,0.0000,-0.0259,true,0.7204,-0.2875,-0.0292,0.0078,0.0000
21.233,15.6148,-2.4023,-5.3154,7.6979,3,3,TRANSIT,3,exit,18.0000,-1.5000,-5.2500,2.5510,13.0244,0.0654,fallback_beacon,0.8699,0.2587,0.0295,0.0568,false,0.0000,0.0000,0.0000,0.0000,0.0000
21.267,15.6165,-2.3985,-5.3154,6.7593,3,3,TRANSIT,3,exit,18.0000,-1.5000,-5.2500,2.5481,13.8948,0.0654,vision,0.1600,-0.0892,0.0000,-0.0287,true,0.7220,-0.3187,-0.0292,0.0078,0.0000
21.300,15.6180,-2.3949,-5.3155,5.8898,3,3,TRANSIT,3,exit,18.0000,-1.5000,-5.2500,2.5454,14.7014,0.0655,fallback_beacon,0.8617,0.2907,0.0295,0.0641,false,0.0000,0.0000,0.0000,0.0000,0.0000
21.333,15.6200,-2.3906,-5.3155,4.8236,3,3,TRANSIT,3,exit,18.0000,-1.5000,-5.2500,2.5420,15.6918,0.0655,vision,0.1600,-0.0989,0.0000,-0.0318,true,0.7126,-0.3531,-0.0333,0.0085,0.0000
21.367,15.6219,-2.3866,-5.3156,3.8352,3,3,TRANSIT,3,exit,18.0000,-1.5000,-5.2500,2.5388,16.6111,0.0656,fallback_beacon,0.8515,0.3266,0.0295,0.0725,false,0.0000,0.0000,0.0000,0.0000,0.0000
21.400,15.6243,-2.3819,-5.3156,2.6570,3,3,TRANSIT,3,exit,18.0000,-1.5000,-5.2500,2.5349,17.7078,0.0656,vision,0.1600,-0.1094,0.0000,-0.0352,true,0.7168,-0.3906,-0.0250,0.0085,0.0000
21.433,15.6265,-2.3775,-5.3157,1.5666,3,3,TRANSIT,3,exit,18.0000,-1.5000,-5.2500,2.5313,18.7239,0.0657,fallback_beacon,0.8391,0.3657,0.0295,0.0817,false,0.0000,0.0000,0.0000,0.0000,0.0000
21.467,15.6294,-2.3724,-5.3156,0.2712,3,3,TRANSIT,3,exit,18.0000,-1.5000,-5.2500,2.5269,19.9334,0.0656,vision,0.1600,-0.1225,0.0000,-0.0394,true,0.7195,-0.4375,-0.0292,0.0091,0.0000
21.500,15.6296,-2.3677,-5.3155,0.0428,3,3,TRANSIT,3,exit,18.0000,-1.5000,-5.2500,2.5251,20.0638,0.0655,fallback_beacon,0.8301,0.3898,0.0295,0.0875,false,0.0000,0.0000,0.0000,0.0000,0.0000
21.533,15.6290,-2.3655,-5.3151,-0.5492,3,3,TRANSIT,3,exit,18.0000,-1.5000,-5.2500,2.5249,20.6024,0.0651,vision,0.1600,-0.1321,0.0000,-0.0425,true,0.7399,-0.4719,-0.0292,0.0095,0.0000
21.567,15.6279,-2.3637,-5.3146,-0.9997,3,3,TRANSIT,3,exit,18.0000,-1.5000,-5.2500,2.5252,21.0065,0.0646,fallback_beacon,0.8251,0.4074,0.0291,0.0917,false,0.0000,0.0000,0.0000,0.0000,0.0000
21.600,15.6273,-2.3622,-5.3145,-1.3860,3,3,TRANSIT,3,exit,18.0000,-1.5000,-5.2500,2.5254,21.3556,0.0645,vision,0.1600,-0.1383,0.0000,-0.0444,true,0.7334,-0.4938,-0.0333,0.0102,0.0000
21.633,15.6267,-2.3611,-5.3146,-1.6873,3,3,TRANSIT,3,exit,18.0000,-1.5000,-5.2500,2.5255,21.6293,0.0646,fallback_beacon,0.8217,0.4189,0.0291,0.0944,false,0.0000,0.0000,0.0000,0.0000,0.0000
21.667,15.6262,-2.3604,-5.3147,-1.8812,3,3,TRANSIT,3,exit,18.0000,-1.5000,-5.2500,2.5257,21.8041,0.0647,vision,0.1600,-0.1426,0.0000,-0.0458,true,0.7201,-0.5094,-0.0333,0.0098,0.0000
21.700,15.6260,-2.3599,-5.3148,-2.0069,3,3,TRANSIT,3,exit,18.0000,-1.5000,-5.2500,2.5257,21.9182,0.0648,fallback_beacon,0.8201,0.4243,0.0292,0.0956,false,0.0000,0.0000,0.0000,0.0000,0.0000
21.733,15.6260,-2.3597,-5.3148,-2.0430,3,3,TRANSIT,3,exit,18.0000,-1.5000,-5.2500,2.5258,21.9500,0.0648,vision,0.1600,-0.1444,0.0000,-0.0464,true,0.7184,-0.5156,-0.0333,0.0098,0.0000
21.767,15.6260,-2.3598,-5.3149,-2.0202,3,3,TRANSIT,3,exit,18.0000,-1.5000,-5.2500,2.5258,21.9299,0.0649,fallback_beacon,0.8200,0.4245,0.0292,0.0957,false,0.0000,0.0000,0.0000,0.0000,0.0000
21.800,15.6262,-2.3602,-5.3148,-1.9248,3,3,TRANSIT,3,exit,18.0000,-1.5000,-5.2500,2.5257,21.8436,0.0648,vision,0.1600,-0.1444,0.0000,-0.0464,true,0.7033,-0.5156,-0.0333,0.0098,0.0000
21.833,15.6264,-2.3608,-5.3148,-1.7805,3,3,TRANSIT,3,exit,18.0000,-1.5000,-5.2500,2.5257,21.7144,0.0648,fallback_beacon,0.8213,0.4205,0.0291,0.0947,false,0.0000,0.0000,0.0000,0.0000,0.0000
21.867,15.6268,-2.3616,-5.3147,-1.5719,3,3,TRANSIT,3,exit,18.0000,-1.5000,-5.2500,2.5256,21.5265,0.0647,vision,0.1600,-0.1426,0.0000,-0.0458,true,0.7030,-0.5094,-0.0333,0.0098,0.0000
21.900,15.6273,-2.3627,-5.3146,-1.3258,3,3,TRANSIT,3,exit,18.0000,-1.5000,-5.2500,2.5255,21.3063,0.0646,fallback_beacon,0.8235,0.4129,0.0291,0.0930,false,0.0000,0.0000,0.0000,0.0000,0.0000
21.933,15.6279,-2.3639,-5.3146,-1.0173,3,3,TRANSIT,3,exit,18.0000,-1.5000,-5.2500,2.5253,21.0280,0.0646,vision,0.1600,-0.1409,0.0000,-0.0453,true,0.7189,-0.5031,-0.0333,0.0098,0.0000
21.967,15.6286,-2.3652,-5.3145,-0.6745,3,3,TRANSIT,3,exit,18.0000,-1.5000,-5.2500,2.5252,20.7195,0.0645,fallback_beacon,0.8266,0.4020,0.0290,0.0904,false,0.0000,0.0000,0.0000,0.0000,0.0000
22.000,15.6294,-2.3667,-5.3145,-0.2801,3,3,TRANSIT,3,exit,18.0000,-1.5000,-5.2500,2.5249,20.3635,0.0645,vision,0.1600,-0.1356,0.0000,-0.0436,true,0.7373,-0.4844,-0.0375,0.0095,0.0000
22.033,15.6297,-2.3683,-5.3144,-0.1592,3,3,TRANSIT,3,exit,18.0000,-1.5000,-5.2500,2.5252,20.2779,0.0644,fallback_beacon,0.8290,0.3938,0.0290,0.0885,false,0.0000,0.0000,0.0000,0.0000,0.0000
22.067,15.6300,-2.3692,-5.3144,0.0021,3,3,TRANSIT,3,exit,18.0000,-1.5000,-5.2500,2.5252,20.1393,0.0644,vision,0.1600,-0.1339,0.0000,-0.0430,true,0.7342,-0.4781,-0.0375,0.0095,0.0000
22.100,15.6299,-2.3699,-5.3144,0.0832,3,3,TRANSIT,3,exit,18.0000,-1.5000,-5.2500,2.5256,20.0705,0.0644,fallback_beacon,0.8303,0.3900,0.0290,0.0876,false,0.0000,0.0000,0.0000,0.0000,0.0000
22.133,15.6300,-2.3696,-5.3144,0.0176,3,3,TRANSIT,3,exit,18.0000,-1.5000,-5.2500,2.5253,20.1316,0.0644,vision,0.1600,-0.1321,0.0000,-0.0425,true,0.7175,-0.4719,-0.0375,0.0095,0.0000
22.167,15.6300,-2.3696,-5.3144,0.0087,3,3,TRANSIT,3,exit,18.0000,-1.5000,-5.2500,2.5253,20.1397,0.0644,fallback_beacon,0.8298,0.3913,0.0290,0.0879,false,0.0000,0.0000,0.0000,0.0000,0.0000
22.200,15.6300,-2.3695,-5.3143,-0.0211,3,3,TRANSIT,3,exit,18.0000,-1.5000,-5.2500,2.5253,20.1680,0.0643,vision,0.1600,-0.1321,0.0000,-0.0425,true,0.7172,-0.4719,-0.0375,0.0095,0.0000
22.233,15.6300,-2.3696,-5.3143,0.0059,3,3,TRANSIT,3,exit,18.0000,-1.5000,-5.2500,2.5253,20.1437,0.0643,fallback_beacon,0.8298,0.3913,0.0289,0.0879,false,0.0000,0.0000,0.0000,0.0000,0.0000
22.267,15.6300,-2.3696,-5.3143,-0.0167,3,3,TRANSIT,3,exit,18.0000,-1.5000,-5.2500,2.5253,20.1665,0.0643,vision,0.1600,-0.1321,0.0000,-0.0425,true,0.7149,-0.4719,-0.0375,0.0095,0.0000
22.300,15.6300,-2.3698,-5.3143,0.0058,3,3,TRANSIT,3,exit,18.0000,-1.5000,-5.2500,2.5254,20.1474,0.0643,fallback_beacon,0.8298,0.3914,0.0289,0.0879,false,0.0000,0.0000,0.0000,0.0000,0.0000
22.333,15.6300,-2.3697,-5.3143,-0.0115,3,3,TRANSIT,3,exit,18.0000,-1.5000,-5.2500,2.5254,20.1629,0.0643,vision,0.1600,-0.1321,0.0000,-0.0425,true,0.7355,-0.4719,-0.0375,0.0095,0.0000
22.367,15.6300,-2.3698,-5.3143,0.0077,3,3,TRANSIT,3,exit,18.0000,-1.5000,-5.2500,2.5254,20.1455,0.0643,fallback_beacon,0.8298,0.3914,0.0290,0.0879,false,0.0000,0.0000,0.0000,0.0000,0.0000
22.400,15.6300,-2.3697,-5.3143,-0.0137,3,3,TRANSIT,3,exit,18.0000,-1.5000,-5.2500,2.5253,20.1649,0.0643,vision,0.1600,-0.1321,0.0000,-0.0425,true,0.7136,-0.4719,-0.0333,0.0091,0.0000
22.433,15.6300,-2.3698,-5.3143,0.0070,3,3,TRANSIT,3,exit,18.0000,-1.5000,-5.2500,2.5254,20.1462,0.0643,fallback_beacon,0.8298,0.3914,0.0289,0.0879,false,0.0000,0.0000,0.0000,0.0000,0.0000
22.467,15.6300,-2.3697,-5.3143,-0.0136,3,3,TRANSIT,3,exit,18.0000,-1.5000,-5.2500,2.5254,20.1648,0.0643,vision,0.1600,-0.1321,0.0000,-0.0425,true,0.7128,-0.4719,-0.0333,0.0091,0.0000
22.500,15.6300,-2.3698,-5.3143,0.0072,3,3,TRANSIT,3,exit,18.0000,-1.5000,-5.2500,2.5254,20.1460,0.0643,fallback_beacon,0.8298,0.3914,0.0289,0.0879,false,0.0000,0.0000,0.0000,0.0000,0.0000
22.533,15.6300,-2.3697,-5.3143,-0.0135,3,3,TRANSIT,3,exit,18.0000,-1.5000,-5.2500,2.5254,20.1648,0.0643,vision,0.1600,-0.1321,0.0000,-0.0425,true,0.7131,-0.4719,-0.0333,0.0091,0.0000
22.567,15.6300,-2.3698,-5.3143,0.0071,3,3,TRANSIT,3,exit,18.0000,-1.5000,-5.2500,2.5254,20.1460,0.0643,fallback_beacon,0.8298,0.3914,0.0289,0.0879,false,0.0000,0.0000,0.0000,0.0000,0.0000
22.600,15.6300,-2.3697,-5.3143,-0.0136,3,3,TRANSIT,3,exit,18.0000,-1.5000,-5.2500,2.5254,20.1648,0.0643,vision,0.1600,-0.1321,0.0000,-0.0425,true,0.7110,-0.4719,-0.0333,0.0091,0.0000
22.633,15.6300,-2.3698,-5.3143,0.0071,3,3,TRANSIT,3,exit,18.0000,-1.5000,-5.2500,2.5254,20.1460,0.0643,fallback_beacon,0.8298,0.3914,0.0289,0.0879,false,0.0000,0.0000,0.0000,0.0000,0.0000
22.667,15.6300,-2.3697,-5.3143,-0.0135,3,3,TRANSIT,3,exit,18.0000,-1.5000,-5.2500,2.5254,20.1648,0.0643,vision,0.1600,-0.1321,0.0000,-0.0425,true,0.6986,-0.4719,-0.0333,0.0091,0.0000
22.700,15.6300,-2.3698,-5.3143,0.0071,3,3,TRANSIT,3,exit,18.0000,-1.5000,-5.2500,2.5254,20.1460,0.0643,fallback_beacon,0.8298,0.3914,0.0289,0.0879,false,0.0000,0.0000,0.0000,0.0000,0.0000
22.733,15.6300,-2.3697,-5.3143,-0.0136,3,3,TRANSIT,3,exit,18.0000,-1.5000,-5.2500,2.5254,20.1648,0.0643,vision,0.1600,-0.1321,0.0000,-0.0425,true,0.6990,-0.4719,-0.0333,0.0091,0.0000
22.767,15.6300,-2.3698,-5.3143,0.0071,3,3,TRANSIT,3,exit,18.0000,-1.5000,-5.2500,2.5254,20.1460,0.0643,fallback_beacon,0.8298,0.3914,0.0289,0.0879,false,0.0000,0.0000,0.0000,0.0000,0.0000
22.800,15.6300,-2.3697,-5.3143,-0.0136,3,3,TRANSIT,3,exit,18.0000,-1.5000,-5.2500,2.5254,20.1648,0.0643,vision,0.1600,-0.1321,0.0000,-0.0425,true,0.6937,-0.4719,-0.0333,0.0091,0.0000
22.833,15.6300,-2.3698,-5.3143,0.0071,3,3,TRANSIT,3,exit,18.0000,-1.5000,-5.2500,2.5254,20.1460,0.0643,fallback_beacon,0.8298,0.3914,0.0289,0.0879,false,0.0000,0.0000,0.0000,0.0000,0.0000
22.867,15.6300,-2.3697,-5.3143,-0.0136,3,3,TRANSIT,3,exit,18.0000,-1.5000,-5.2500,2.5254,20.1648,0.0643,vision,0.1600,-0.1321,0.0000,-0.0425,true,0.6641,-0.4719,-0.0292,0.0088,0.0000
22.900,15.6300,-2.3698,-5.3143,0.0071,3,3,TRANSIT,3,exit,18.0000,-1.5000,-5.2500,2.5254,20.1460,0.0643,fallback_beacon,0.8298,0.3914,0.0289,0.0879,false,0.0000,0.0000,0.0000,0.0000,0.0000
22.933,15.6300,-2.3697,-5.3143,-0.0135,3,3,TRANSIT,3,exit,18.0000,-1.5000,-5.2500,2.5254,20.1648,0.0643,vision,0.1600,-0.1321,0.0000,-0.0425,true,0.5755,-0.4719,-0.0042,0.0067,0.0000
22.967,15.6300,-2.3698,-5.3143,0.0071,3,3,TRANSIT,3,exit,18.0000,-1.5000,-5.2500,2.5254,20.1460,0.0643,fallback_beacon,0.8298,0.3914,0.0289,0.0879,false,0.0000,0.0000,0.0000,0.0000,0.0000
23.000,15.6300,-2.3697,-5.3143,-0.0136,3,3,TRANSIT,3,exit,18.0000,-1.5000,-5.2500,2.5254,20.1648,0.0643,vision,0.1600,-0.1321,0.0000,-0.0425,true,0.5739,-0.4719,-0.0042,0.0067,0.0000
23.033,15.6300,-2.3698,-5.3143,0.0071,3,3,TRANSIT,3,exit,18.0000,-1.5000,-5.2500,2.5254,20.1460,0.0643,fallback_beacon,0.8298,0.3914,0.0289,0.0879,false,0.0000,0.0000,0.0000,0.0000,0.0000
23.067,15.6300,-2.3697,-5.3143,-0.0136,3,3,TRANSIT,3,exit,18.0000,-1.5000,-5.2500,2.5254,20.1648,0.0643,vision,0.1600,-0.1321,0.0000,-0.0425,true,0.5739,-0.4719,-0.0042,0.0067,0.0000
23.100,15.6300,-2.3698,-5.3143,0.0071,3,3,TRANSIT,3,exit,18.0000,-1.5000,-5.2500,2.5254,20.1460,0.0643,fallback_beacon,0.8298,0.3914,0.0289,0.0879,false,0.0000,0.0000,0.0000,0.0000,0.0000
23.133,15.6300,-2.3697,-5.3143,-0.0136,3,3,TRANSIT,3,exit,18.0000,-1.5000,-5.2500,2.5254,20.1648,0.0643,vision,0.1600,-0.1321,0.0000,-0.0425,true,0.5731,-0.4719,-0.0042,0.0067,0.0000
23.167,15.6300,-2.3698,-5.3143,0.0071,3,3,TRANSIT,3,exit,18.0000,-1.5000,-5.2500,2.5254,20.1460,0.0643,fallback_beacon,0.8298,0.3914,0.0289,0.0879,false,0.0000,0.0000,0.0000,0.0000,0.0000
23.200,15.6300,-2.3697,-5.3143,-0.0136,3,3,TRANSIT,3,exit,18.0000,-1.5000,-5.2500,2.5254,20.1648,0.0643,vision,0.1600,-0.1321,0.0000,-0.0425,true,0.5727,-0.4719,-0.0042,0.0067,0.0000
23.233,15.6300,-2.3698,-5.3143,0.0071,3,3,TRANSIT,3,exit,18.0000,-1.5000,-5.2500,2.5254,20.1460,0.0643,fallback_beacon,0.8298,0.3914,0.0289,0.0879,false,0.0000,0.0000,0.0000,0.0000,0.0000
23.267,15.6300,-2.3697,-5.3143,-0.0136,3,3,TRANSIT,3,exit,18.0000,-1.5000,-5.2500,2.5254,20.1648,0.0643,vision,0.1600,-0.1321,0.0000,-0.0425,true,0.5723,-0.4719,-0.0042,0.0067,0.0000
23.300,15.6300,-2.3698,-5.3143,0.0071,3,3,TRANSIT,3,exit,18.0000,-1.5000,-5.2500,2.5254,20.1460,0.0643,fallback_beacon,0.8298,0.3914,0.0289,0.0879,false,0.0000,0.0000,0.0000,0.0000,0.0000
23.333,15.6300,-2.3697,-5.3143,-0.0136,3,3,TRANSIT,3,exit,18.0000,-1.5000,-5.2500,2.5254,20.1648,0.0643,vision,0.1600,-0.1321,0.0000,-0.0425,true,0.5731,-0.4719,-0.0042,0.0067,0.0000
23.367,15.6300,-2.3698,-5.3143,0.0071,3,3,TRANSIT,3,exit,18.0000,-1.5000,-5.2500,2.5254,20.1460,0.0643,fallback_beacon,0.8298,0.3914,0.0289,0.0879,false,0.0000,0.0000,0.0000,0.0000,0.0000
23.400,15.6300,-2.3697,-5.3143,-0.0136,3,3,TRANSIT,3,exit,18.0000,-1.5000,-5.2500,2.5254,20.1648,0.0643,vision,0.1600,-0.1321,0.0000,-0.0425,true,0.5731,-0.4719,-0.0042,0.0067,0.0000
23.433,15.6300,-2.3698,-5.3143,0.0071,3,3,TRANSIT,3,exit,18.0000,-1.5000,-5.2500,2.5254,20.1460,0.0643,fallback_beacon,0.8298,0.3914,0.0289,0.0879,false,0.0000,0.0000,0.0000,0.0000,0.0000
23.467,15.6300,-2.3697,-5.3143,-0.0136,3,3,TRANSIT,3,exit,18.0000,-1.5000,-5.2500,2.5254,20.1648,0.0643,vision,0.1600,-0.1321,0.0000,-0.0425,true,0.5735,-0.4719,-0.0042,0.0067,0.0000
23.500,15.6300,-2.3698,-5.3143,0.0071,3,3,TRANSIT,3,exit,18.0000,-1.5000,-5.2500,2.5254,20.1460,0.0643,fallback_beacon,0.8298,0.3914,0.0289,0.0879,false,0.0000,0.0000,0.0000,0.0000,0.0000
23.533,15.6300,-2.3697,-5.3143,-0.0136,3,3,TRANSIT,3,exit,18.0000,-1.5000,-5.2500,2.5254,20.1648,0.0643,vision,0.1600,-0.1321,0.0000,-0.0425,true,0.5729,-0.4719,-0.0042,0.0067,0.0000
23.567,15.6300,-2.3698,-5.3143,0.0071,3,3,TRANSIT,3,exit,18.0000,-1.5000,-5.2500,2.5254,20.1460,0.0643,fallback_beacon,0.8298,0.3914,0.0289,0.0879,false,0.0000,0.0000,0.0000,0.0000,0.0000
23.600,15.6300,-2.3697,-5.3143,-0.0135,3,3,TRANSIT,3,exit,18.0000,-1.5000,-5.2500,2.5254,20.1648,0.0643,vision,0.1600,-0.1321,0.0000,-0.0425,true,0.6488,-0.4719,-0.0250,0.0084,0.0000
23.633,15.6300,-2.3698,-5.3143,0.0071,3,3,TRANSIT,3,exit,18.0000,-1.5000,-5.2500,2.5254,20.1460,0.0643,fallback_beacon,0.8298,0.3914,0.0289,0.0879,false,0.0000,0.0000,0.0000,0.0000,0.0000
23.667,15.6300,-2.3697,-5.3143,-0.0136,3,3,TRANSIT,3,exit,18.0000,-1.5000,-5.2500,2.5254,20.1648,0.0643,vision,0.1600,-0.1321,0.0000,-0.0425,true,0.5733,-0.4719,-0.0042,0.0067,0.0000
23.700,15.6300,-2.3698,-5.3143,0.0071,3,3,TRANSIT,3,exit,18.0000,-1.5000,-5.2500,2.5254,20.1460,0.0643,fallback_beacon,0.8298,0.3914,0.0289,0.0879,false,0.0000,0.0000,0.0000,0.0000,0.0000
23.733,15.6300,-2.3697,-5.3143,-0.0136,3,3,TRANSIT,3,exit,18.0000,-1.5000,-5.2500,2.5254,20.1648,0.0643,vision,0.1600,-0.1321,0.0000,-0.0425,true,0.5733,-0.4719,-0.0042,0.0067,0.0000
23.767,15.6300,-2.3698,-5.3143,0.0071,3,3,TRANSIT,3,exit,18.0000,-1.5000,-5.2500,2.5254,20.1460,0.0643,fallback_beacon,0.8298,0.3914,0.0289,0.0879,false,0.0000,0.0000,0.0000,0.0000,0.0000
23.800,15.6300,-2.3697,-5.3143,-0.0135,3,3,TRANSIT,3,exit,18.0000,-1.5000,-5.2500,2.5254,20.1648,0.0643,vision,0.1600,-0.1321,0.0000,-0.0425,true,0.6505,-0.4719,-0.0250,0.0084,0.0000
23.833,15.6300,-2.3698,-5.3143,0.0071,3,3,TRANSIT,3,exit,18.0000,-1.5000,-5.2500,2.5254,20.1460,0.0643,fallback_beacon,0.8298,0.3914,0.0289,0.0879,false,0.0000,0.0000,0.0000,0.0000,0.0000
23.867,15.6300,-2.3697,-5.3143,-0.0136,3,3,TRANSIT,3,exit,18.0000,-1.5000,-5.2500,2.5254,20.1648,0.0643,vision,0.1600,-0.1321,0.0000,-0.0425,true,0.6501,-0.4719,-0.0250,0.0084,0.0000
23.900,15.6300,-2.3698,-5.3143,0.0071,3,3,TRANSIT,3,exit,18.0000,-1.5000,-5.2500,2.5254,20.1460,0.0643,fallback_beacon,0.8298,0.3914,0.0289,0.0879,false,0.0000,0.0000,0.0000,0.0000,0.0000
23.933,15.6300,-2.3697,-5.3143,-0.0136,3,3,TRANSIT,3,exit,18.0000,-1.5000,-5.2500,2.5254,20.1648,0.0643,vision,0.1600,-0.1321,0.0000,-0.0425,true,0.6514,-0.4719,-0.0250,0.0084,0.0000
23.967,15.6300,-2.3698,-5.3143,0.0071,3,3,TRANSIT,3,exit,18.0000,-1.5000,-5.2500,2.5254,20.1460,0.0643,fallback_beacon,0.8298,0.3914,0.0289,0.0879,false,0.0000,0.0000,0.0000,0.0000,0.0000
24.000,15.6300,-2.3697,-5.3143,-0.0136,3,3,TRANSIT,3,exit,18.0000,-1.5000,-5.2500,2.5254,20.1648,0.0643,vision,0.1600,-0.1321,0.0000,-0.0425,true,0.6542,-0.4719,-0.0250,0.0084,0.0000
24.033,15.6300,-2.3698,-5.3143,0.0071,3,3,TRANSIT,3,exit,18.0000,-1.5000,-5.2500,2.5254,20.1460,0.0643,fallback_beacon,0.8298,0.3914,0.0289,0.0879,false,0.0000,0.0000,0.0000,0.0000,0.0000
24.067,15.6300,-2.3697,-5.3143,-0.0136,3,3,TRANSIT,3,exit,18.0000,-1.5000,-5.2500,2.5254,20.1648,0.0643,vision,0.1600,-0.1321,0.0000,-0.0425,true,0.6542,-0.4719,-0.0250,0.0084,0.0000
24.100,15.6300,-2.3698,-5.3143,0.0071,3,3,TRANSIT,3,exit,18.0000,-1.5000,-5.2500,2.5254,20.1460,0.0643,fallback_beacon,0.8298,0.3914,0.0289,0.0879,false,0.0000,0.0000,0.0000,0.0000,0.0000
24.133,15.6300,-2.3697,-5.3143,-0.0136,3,3,TRANSIT,3,exit,18.0000,-1.5000,-5.2500,2.5254,20.1648,0.0643,vision,0.1600,-0.1321,0.0000,-0.0425,true,0.6542,-0.4719,-0.0250,0.0084,0.0000
24.167,15.6300,-2.3698,-5.3143,0.0071,3,3,TRANSIT,3,exit,18.0000,-1.5000,-5.2500,2.5254,20.1460,0.0643,fallback_beacon,0.8298,0.3914,0.0289,0.0879,false,0.0000,0.0000,0.0000,0.0000,0.0000
24.200,15.6300,-2.3697,-5.3143,-0.0136,3,3,TRANSIT,3,exit,18.0000,-1.5000,-5.2500,2.5254,20.1648,0.0643,vision,0.1600,-0.1321,0.0000,-0.0425,true,0.6542,-0.4719,-0.0250,0.0084,0.0000
24.233,15.6300,-2.3698,-5.3143,0.0071,3,3,TRANSIT,3,exit,18.0000,-1.5000,-5.2500,2.5254,20.1460,0.0643,fallback_beacon,0.8298,0.3914,0.0289,0.0879,false,0.0000,0.0000,0.0000,0.0000,0.0000
24.267,15.6300,-2.3697,-5.3143,-0.0136,3,3,TRANSIT,3,exit,18.0000,-1.5000,-5.2500,2.5254,20.1648,0.0643,vision,0.1600,-0.1321,0.0000,-0.0425,true,0.6546,-0.4719,-0.0250,0.0084,0.0000
24.300,15.6300,-2.3698,-5.3143,0.0071,3,3,TRANSIT,3,exit,18.0000,-1.5000,-5.2500,2.5254,20.1460,0.0643,fallback_beacon,0.8298,0.3914,0.0289,0.0879,false,0.0000,0.0000,0.0000,0.0000,0.0000
24.333,15.6300,-2.3697,-5.3143,-0.0136,3,3,TRANSIT,3,exit,18.0000,-1.5000,-5.2500,2.5254,20.1648,0.0643,vision,0.1600,-0.1321,0.0000,-0.0425,true,0.6559,-0.4719,-0.0250,0.0084,0.0000
24.367,15.6300,-2.3698,-5.3143,0.0071,3,3,TRANSIT,3,exit,18.0000,-1.5000,-5.2500,2.5254,20.1460,0.0643,fallback_beacon,0.8298,0.3914,0.0289,0.0879,false,0.0000,0.0000,0.0000,0.0000,0.0000
24.400,15.6300,-2.3697,-5.3143,-0.0136,3,3,TRANSIT,3,exit,18.0000,-1.5000,-5.2500,2.5254,20.1648,0.0643,vision,0.1600,-0.1321,0.0000,-0.0425,true,0.6552,-0.4719,-0.0250,0.0084,0.0000
24.433,15.6300,-2.3698,-5.3143,0.0071,3,3,TRANSIT,3,exit,18.0000,-1.5000,-5.2500,2.5254,20.1460,0.0643,fallback_beacon,0.8298,0.3914,0.0289,0.0879,false,0.0000,0.0000,0.0000,0.0000,0.0000
24.467,15.6300,-2.3697,-5.3143,-0.0136,3,3,TRANSIT,3,exit,18.0000,-1.5000,-5.2500,2.5254,20.1648,0.0643,vision,0.1600,-0.1321,0.0000,-0.0425,true,0.6569,-0.4719,-0.0250,0.0084,0.0000
24.500,15.6300,-2.3698,-5.3143,0.0071,3,3,TRANSIT,3,exit,18.0000,-1.5000,-5.2500,2.5254,20.1460,0.0643,fallback_beacon,0.8298,0.3914,0.0289,0.0879,false,0.0000,0.0000,0.0000,0.0000,0.0000
24.533,15.6300,-2.3697,-5.3143,-0.0136,3,3,TRANSIT,3,exit,18.0000,-1.5000,-5.2500,2.5254,20.1648,0.0643,vision,0.1600,-0.1321,0.0000,-0.0425,true,0.6568,-0.4719,-0.0250,0.0084,0.0000
24.567,15.6300,-2.3698,-5.3143,0.0071,3,3,TRANSIT,3,exit,18.0000,-1.5000,-5.2500,2.5254,20.1460,0.0643,fallback_beacon,0.8298,0.3914,0.0289,0.0879,false,0.0000,0.0000,0.0000,0.0000,0.0000
24.600,15.6300,-2.3697,-5.3143,-0.0136,3,3,TRANSIT,3,exit,18.0000,-1.5000,-5.2500,2.5254,20.1648,0.0643,vision,0.1600,-0.1321,0.0000,-0.0425,true,0.6576,-0.4719,-0.0250,0.0084,0.0000
24.633,15.6300,-2.3698,-5.3143,0.0071,3,3,TRANSIT,3,exit,18.0000,-1.5000,-5.2500,2.5254,20.1460,0.0643,fallback_beacon,0.8298,0.3914,0.0289,0.0879,false,0.0000,0.0000,0.0000,0.0000,0.0000
24.667,15.6300,-2.3697,-5.3143,-0.0136,3,3,TRANSIT,3,exit,18.0000,-1.5000,-5.2500,2.5254,20.1648,0.0643,vision,0.1600,-0.1321,0.0000,-0.0425,true,0.6569,-0.4719,-0.0250,0.0084,0.0000
24.700,15.6300,-2.3698,-5.3143,0.0071,3,3,TRANSIT,3,exit,18.0000,-1.5000,-5.2500,2.5254,20.1460,0.0643,fallback_beacon,0.8298,0.3914,0.0289,0.0879,false,0.0000,0.0000,0.0000,0.0000,0.0000
24.733,15.6300,-2.3697,-5.3143,-0.0136,3,3,TRANSIT,3,exit,18.0000,-1.5000,-5.2500,2.5254,20.1648,0.0643,vision,0.1600,-0.1321,0.0000,-0.0425,true,0.6576,-0.4719,-0.0250,0.0084,0.0000
24.767,15.6300,-2.3698,-5.3143,0.0071,3,3,TRANSIT,3,exit,18.0000,-1.5000,-5.2500,2.5254,20.1460,0.0643,fallback_beacon,0.8298,0.3914,0.0289,0.0879,false,0.0000,0.0000,0.0000,0.0000,0.0000
24.800,15.6300,-2.3697,-5.3143,-0.0136,3,3,TRANSIT,3,exit,18.0000,-1.5000,-5.2500,2.5254,20.1648,0.0643,vision,0.1600,-0.1321,0.0000,-0.0425,true,0.6582,-0.4719,-0.0250,0.0084,0.0000
24.833,15.6300,-2.3698,-5.3143,0.0071,3,3,TRANSIT,3,exit,18.0000,-1.5000,-5.2500,2.5254,20.1460,0.0643,fallback_beacon,0.8298,0.3914,0.0289,0.0879,false,0.0000,0.0000,0.0000,0.0000,0.0000
24.867,15.6300,-2.3697,-5.3143,-0.0136,3,3,TRANSIT,3,exit,18.0000,-1.5000,-5.2500,2.5254,20.1648,0.0643,vision,0.1600,-0.1321,0.0000,-0.0425,true,0.6592,-0.4719,-0.0250,0.0084,0.0000
24.900,15.6300,-2.3698,-5.3143,0.0071,3,3,TRANSIT,3,exit,18.0000,-1.5000,-5.2500,2.5254,20.1460,0.0643,fallback_beacon,0.8298,0.3914,0.0289,0.0879,false,0.0000,0.0000,0.0000,0.0000,0.0000
24.933,15.6300,-2.3697,-5.3143,-0.0136,3,3,TRANSIT,3,exit,18.0000,-1.5000,-5.2500,2.5254,20.1648,0.0643,vision,0.1600,-0.1321,0.0000,-0.0425,true,0.6582,-0.4719,-0.0250,0.0084,0.0000
24.967,15.6300,-2.3698,-5.3143,0.0071,3,3,TRANSIT,3,exit,18.0000,-1.5000,-5.2500,2.5254,20.1460,0.0643,fallback_beacon,0.8298,0.3914,0.0289,0.0879,false,0.0000,0.0000,0.0000,0.0000,0.0000
25.000,15.6300,-2.3697,-5.3143,-0.0135,3,3,TRANSIT,3,exit,18.0000,-1.5000,-5.2500,2.5254,20.1648,0.0643,vision,0.1600,-0.1321,0.0000,-0.0425,true,0.6589,-0.4719,-0.0250,0.0084,0.0000
25.033,15.6300,-2.3698,-5.3143,0.0071,3,3,TRANSIT,3,exit,18.0000,-1.5000,-5.2500,2.5254,20.1460,0.0643,fallback_beacon,0.8298,0.3914,0.0289,0.0879,false,0.0000,0.0000,0.0000,0.0000,0.0000
25.067,15.6300,-2.3697,-5.3143,-0.0135,3,3,TRANSIT,3,exit,18.0000,-1.5000,-5.2500,2.5254,20.1648,0.0643,vision,0.1600,-0.1321,0.0000,-0.0425,true,0.6582,-0.4719,-0.0250,0.0084,0.0000
25.100,15.6300,-2.3698,-5.3143,0.0071,3,3,TRANSIT,3,exit,18.0000,-1.5000,-5.2500,2.5254,20.1460,0.0643,fallback_beacon,0.8298,0.3914,0.0289,0.0879,false,0.0000,0.0000,0.0000,0.0000,0.0000
25.133,15.6300,-2.3697,-5.3143,-0.0136,3,3,TRANSIT,3,exit,18.0000,-1.5000,-5.2500,2.5254,20.1648,0.0643,vision,0.1600,-0.1321,0.0000,-0.0425,true,0.6589,-0.4719,-0.0250,0.0084,0.0000
25.167,15.6300,-2.3698,-5.3143,0.0071,3,3,TRANSIT,3,exit,18.0000,-1.5000,-5.2500,2.5254,20.1460,0.0643,fallback_beacon,0.8298,0.3914,0.0289,0.0879,false,0.0000,0.0000,0.0000,0.0000,0.0000
25.200,15.6300,-2.3697,-5.3143,-0.0136,3,3,TRANSIT,3,exit,18.0000,-1.5000,-5.2500,2.5254,20.1648,0.0643,vision,0.1600,-0.1321,0.0000,-0.0425,true,0.6582,-0.4719,-0.0250,0.0084,0.0000
25.233,15.6300,-2.3698,-5.3143,0.0071,3,3,TRANSIT,3,exit,18.0000,-1.5000,-5.2500,2.5254,20.1460,0.0643,fallback_beacon,0.8298,0.3914,0.0289,0.0879,false,0.0000,0.0000,0.0000,0.0000,0.0000
25.267,15.6300,-2.3697,-5.3143,-0.0136,3,3,TRANSIT,3,exit,18.0000,-1.5000,-5.2500,2.5254,20.1648,0.0643,vision,0.1600,-0.1321,0.0000,-0.0425,true,0.6586,-0.4719,-0.0250,0.0084,0.0000
25.300,15.6300,-2.3698,-5.3143,0.0071,3,3,TRANSIT,3,exit,18.0000,-1.5000,-5.2500,2.5254,20.1460,0.0643,fallback_beacon,0.8298,0.3914,0.0289,0.0879,false,0.0000,0.0000,0.0000,0.0000,0.0000
25.333,15.6300,-2.3697,-5.3143,-0.0136,3,3,TRANSIT,3,exit,18.0000,-1.5000,-5.2500,2.5254,20.1648,0.0643,vision,0.1600,-0.1321,0.0000,-0.0425,true,0.6579,-0.4719,-0.0250,0.0084,0.0000
25.367,15.6300,-2.3698,-5.3143,0.0071,3,3,TRANSIT,3,exit,18.0000,-1.5000,-5.2500,2.5254,20.1460,0.0643,fallback_beacon,0.8298,0.3914,0.0289,0.0879,false,0.0000,0.0000,0.0000,0.0000,0.0000
25.400,15.6300,-2.3697,-5.3143,-0.0136,3,3,TRANSIT,3,exit,18.0000,-1.5000,-5.2500,2.5254,20.1648,0.0643,vision,0.1600,-0.1321,0.0000,-0.0425,true,0.6574,-0.4719,-0.0250,0.0084,0.0000
25.433,15.6300,-2.3698,-5.3143,0.0071,3,3,TRANSIT,3,exit,18.0000,-1.5000,-5.2500,2.5254,20.1460,0.0643,fallback_beacon,0.8298,0.3914,0.0289,0.0879,false,0.0000,0.0000,0.0000,0.0000,0.0000
25.467,15.6300,-2.3697,-5.3143,-0.0136,3,3,TRANSIT,3,exit,18.0000,-1.5000,-5.2500,2.5254,20.1648,0.0643,vision,0.1600,-0.1321,0.0000,-0.0425,true,0.6566,-0.4719,-0.0250,0.0084,0.0000
25.500,15.6300,-2.3698,-5.3143,0.0071,3,3,TRANSIT,3,exit,18.0000,-1.5000,-5.2500,2.5254,20.1460,0.0643,fallback_beacon,0.8298,0.3914,0.0289,0.0879,false,0.0000,0.0000,0.0000,0.0000,0.0000
25.533,15.6300,-2.3697,-5.3143,-0.0136,3,3,TRANSIT,3,exit,18.0000,-1.5000,-5.2500,2.5254,20.1648,0.0643,vision,0.1600,-0.1321,0.0000,-0.0425,true,0.6569,-0.4719,-0.0250,0.0084,0.0000
25.567,15.6300,-2.3698,-5.3143,0.0071,3,3,TRANSIT,3,exit,18.0000,-1.5000,-5.2500,2.5254,20.1460,0.0643,fallback_beacon,0.8298,0.3914,0.0289,0.0879,false,0.0000,0.0000,0.0000,0.0000,0.0000
25.600,15.6300,-2.3697,-5.3143,-0.0136,3,3,TRANSIT,3,exit,18.0000,-1.5000,-5.2500,2.5254,20.1648,0.0643,vision,0.1600,-0.1321,0.0000,-0.0425,true,0.6576,-0.4719,-0.0250,0.0084,0.0000
25.633,15.6300,-2.3698,-5.3143,0.0071,3,3,TRANSIT,3,exit,18.0000,-1.5000,-5.2500,2.5254,20.1460,0.0643,fallback_beacon,0.8298,0.3914,0.0289,0.0879,false,0.0000,0.0000,0.0000,0.0000,0.0000
25.667,15.6300,-2.3697,-5.3143,-0.0136,3,3,TRANSIT,3,exit,18.0000,-1.5000,-5.2500,2.5254,20.1648,0.0643,vision,0.1600,-0.1321,0.0000,-0.0425,true,0.6559,-0.4719,-0.0250,0.0084,0.0000
25.700,15.6300,-2.3698,-5.3143,0.0071,3,3,TRANSIT,3,exit,18.0000,-1.5000,-5.2500,2.5254,20.1460,0.0643,fallback_beacon,0.8298,0.3914,0.0289,0.0879,false,0.0000,0.0000,0.0000,0.0000,0.0000
25.733,15.6300,-2.3697,-5.3143,-0.0136,3,3,TRANSIT,3,exit,18.0000,-1.5000,-5.2500,2.5254,20.1648,0.0643,vision,0.1600,-0.1321,0.0000,-0.0425,true,0.6568,-0.4719,-0.0250,0.0084,0.0000
25.767,15.6300,-2.3698,-5.3143,0.0071,3,3,TRANSIT,3,exit,18.0000,-1.5000,-5.2500,2.5254,20.1460,0.0643,fallback_beacon,0.8298,0.3914,0.0289,0.0879,false,0.0000,0.0000,0.0000,0.0000,0.0000
25.800,15.6300,-2.3697,-5.3143,-0.0136,3,3,TRANSIT,3,exit,18.0000,-1.5000,-5.2500,2.5254,20.1648,0.0643,vision,0.1600,-0.1321,0.0000,-0.0425,true,0.6397,-0.4719,-0.0208,0.0081,0.0000
25.833,15.6300,-2.3698,-5.3143,0.0071,3,3,TRANSIT,3,exit,18.0000,-1.5000,-5.2500,2.5254,20.1460,0.0643,fallback_beacon,0.8298,0.3914,0.0289,0.0879,false,0.0000,0.0000,0.0000,0.0000,0.0000
25.867,15.6300,-2.3697,-5.3143,-0.0136,3,3,TRANSIT,3,exit,18.0000,-1.5000,-5.2500,2.5254,20.1648,0.0643,vision,0.1600,-0.1321,0.0000,-0.0425,true,0.6461,-0.4719,-0.0208,0.0081,0.0000
25.900,15.6300,-2.3698,-5.3143,0.0071,3,3,TRANSIT,3,exit,18.0000,-1.5000,-5.2500,2.5254,20.1460,0.0643,fallback_beacon,0.8298,0.3914,0.0289,0.0879,false,0.0000,0.0000,0.0000,0.0000,0.0000
25.933,15.6300,-2.3697,-5.3143,-0.0136,3,3,TRANSIT,3,exit,18.0000,-1.5000,-5.2500,2.5254,20.1648,0.0643,vision,0.1600,-0.1321,0.0000,-0.0425,true,0.6466,-0.4719,-0.0208,0.0081,0.0000
25.967,15.6300,-2.3698,-5.3143,0.0071,3,3,TRANSIT,3,exit,18.0000,-1.5000,-5.2500,2.5254,20.1460,0.0643,fallback_beacon,0.8298,0.3914,0.0289,0.0879,false,0.0000,0.0000,0.0000,0.0000,0.0000
26.000,15.6300,-2.3697,-5.3143,-0.0136,3,3,TRANSIT,3,exit,18.0000,-1.5000,-5.2500,2.5254,20.1648,0.0643,vision,0.1600,-0.1321,0.0000,-0.0425,true,0.6464,-0.4719,-0.0208,0.0081,0.0000
26.033,15.6300,-2.3698,-5.3143,0.0071,3,3,TRANSIT,3,exit,18.0000,-1.5000,-5.2500,2.5254,20.1460,0.0643,fallback_beacon,0.8298,0.3914,0.0289,0.0879,false,0.0000,0.0000,0.0000,0.0000,0.0000
26.067,15.6300,-2.3697,-5.3143,-0.0136,3,3,TRANSIT,3,exit,18.0000,-1.5000,-5.2500,2.5254,20.1648,0.0643,vision,0.1600,-0.1321,0.0000,-0.0425,true,0.6466,-0.4719,-0.0208,0.0081,0.0000
26.100,15.6300,-2.3698,-5.3143,0.0071,3,3,TRANSIT,3,exit,18.0000,-1.5000,-5.2500,2.5254,20.1460,0.0643,fallback_beacon,0.8298,0.3914,0.0289,0.0879,false,0.0000,0.0000,0.0000,0.0000,0.0000
26.133,15.6300,-2.3697,-5.3143,-0.0135,3,3,TRANSIT,3,exit,18.0000,-1.5000,-5.2500,2.5254,20.1648,0.0643,vision,0.1600,-0.1321,0.0000,-0.0425,true,0.6467,-0.4719,-0.0208,0.0081,0.0000
26.167,15.6300,-2.3698,-5.3143,0.0071,3,3,TRANSIT,3,exit,18.0000,-1.5000,-5.2500,2.5254,20.1460,0.0643,fallback_beacon,0.8298,0.3914,0.0289,0.0879,false,0.0000,0.0000,0.0000,0.0000,0.0000
26.200,15.6300,-2.3697,-5.3143,-0.0136,3,3,TRANSIT,3,exit,18.0000,-1.5000,-5.2500,2.5254,20.1648,0.0643,vision,0.1600,-0.1321,0.0000,-0.0425,true,0.6485,-0.4719,-0.0208,0.0081,0.0000
26.233,15.6300,-2.3698,-5.3143,0.0071,3,3,TRANSIT,3,exit,18.0000,-1.5000,-5.2500,2.5254,20.1460,0.0643,fallback_beacon,0.8298,0.3914,0.0289,0.0879,false,0.0000,0.0000,0.0000,0.0000,0.0000
26.267,15.6300,-2.3697,-5.3143,-0.0135,3,3,TRANSIT,3,exit,18.0000,-1.5000,-5.2500,2.5254,20.1648,0.0643,vision,0.1600,-0.1321,0.0000,-0.0425,true,0.6483,-0.4719,-0.0208,0.0081,0.0000
26.300,15.6300,-2.3698,-5.3143,0.0071,3,3,TRANSIT,3,exit,18.0000,-1.5000,-5.2500,2.5254,20.1460,0.0643,fallback_beacon,0.8298,0.3914,0.0289,0.0879,false,0.0000,0.0000,0.0000,0.0000,0.0000
26.333,15.6300,-2.3697,-5.3143,-0.0136,3,3,TRANSIT,3,exit,18.0000,-1.5000,-5.2500,2.5254,20.1648,0.0643,vision,0.1600,-0.1321,0.0000,-0.0425,true,0.6506,-0.4719,-0.0208,0.0081,0.0000
26.367,15.6300,-2.3698,-5.3143,0.0071,3,3,TRANSIT,3,exit,18.0000,-1.5000,-5.2500,2.5254,20.1460,0.0643,fallback_beacon,0.8298,0.3914,0.0289,0.0879,false,0.0000,0.0000,0.0000,0.0000,0.0000
26.400,15.6300,-2.3697,-5.3143,-0.0136,3,3,TRANSIT,3,exit,18.0000,-1.5000,-5.2500,2.5254,20.1648,0.0643,vision,0.1600,-0.1321,0.0000,-0.0425,true,0.6529,-0.4719,-0.0208,0.0081,0.0000
26.433,15.6300,-2.3698,-5.3143,0.0071,3,3,TRANSIT,3,exit,18.0000,-1.5000,-5.2500,2.5254,20.1460,0.0643,fallback_beacon,0.8298,0.3914,0.0289,0.0879,false,0.0000,0.0000,0.0000,0.0000,0.0000
26.467,15.6300,-2.3697,-5.3143,-0.0136,3,3,TRANSIT,3,exit,18.0000,-1.5000,-5.2500,2.5254,20.1648,0.0643,vision,0.1600,-0.1321,0.0000,-0.0425,true,0.6525,-0.4719,-0.0208,0.0081,0.0000
26.500,15.6300,-2.3698,-5.3143,0.0071,3,3,TRANSIT,3,exit,18.0000,-1.5000,-5.2500,2.5254,20.1460,0.0643,fallback_beacon,0.8298,0.3914,0.0289,0.0879,false,0.0000,0.0000,0.0000,0.0000,0.0000
26.533,15.6300,-2.3697,-5.3143,-0.0136,3,3,TRANSIT,3,exit,18.0000,-1.5000,-5.2500,2.5254,20.1648,0.0643,vision,0.1600,-0.1321,0.0000,-0.0425,true,0.6548,-0.4719,-0.0208,0.0081,0.0000
26.567,15.6300,-2.3698,-5.3143,0.0071,3,3,TRANSIT,3,exit,18.0000,-1.5000,-5.2500,2.5254,20.1460,0.0643,fallback_beacon,0.8298,0.3914,0.0289,0.0879,false,0.0000,0.0000,0.0000,0.0000,0.0000
26.600,15.6300,-2.3697,-5.3143,-0.0136,3,3,TRANSIT,3,exit,18.0000,-1.5000,-5.2500,2.5254,20.1648,0.0643,vision,0.1600,-0.1321,0.0000,-0.0425,true,0.6567,-0.4719,-0.0208,0.0081,0.0000
26.633,15.6300,-2.3698,-5.3143,0.0071,3,3,TRANSIT,3,exit,18.0000,-1.5000,-5.2500,2.5254,20.1460,0.0643,fallback_beacon,0.8298,0.3914,0.0289,0.0879,false,0.0000,0.0000,0.0000,0.0000,0.0000
26.667,15.6300,-2.3697,-5.3143,-0.0136,3,3,TRANSIT,3,exit,18.0000,-1.5000,-5.2500,2.5254,20.1648,0.0643,vision,0.1600,-0.1321,0.0000,-0.0425,true,0.6570,-0.4719,-0.0208,0.0081,0.0000
26.700,15.6300,-2.3698,-5.3143,0.0071,3,3,TRANSIT,3,exit,18.0000,-1.5000,-5.2500,2.5254,20.1460,0.0643,fallback_beacon,0.8298,0.3914,0.0289,0.0879,false,0.0000,0.0000,0.0000,0.0000,0.0000
26.733,15.6300,-2.3697,-5.3143,-0.0135,3,3,TRANSIT,3,exit,18.0000,-1.5000,-5.2500,2.5254,20.1648,0.0643,vision,0.1600,-0.1321,0.0000,-0.0425,true,0.6570,-0.4719,-0.0208,0.0081,0.0000
26.767,15.6300,-2.3698,-5.3143,0.0071,3,3,TRANSIT,3,exit,18.0000,-1.5000,-5.2500,2.5254,20.1460,0.0643,fallback_beacon,0.8298,0.3914,0.0289,0.0879,false,0.0000,0.0000,0.0000,0.0000,0.0000
26.800,15.6300,-2.3697,-5.3143,-0.0136,3,3,TRANSIT,3,exit,18.0000,-1.5000,-5.2500,2.5254,20.1648,0.0643,vision,0.1600,-0.1321,0.0000,-0.0425,true,0.6574,-0.4719,-0.0208,0.0081,0.0000
26.833,15.6300,-2.3698,-5.3143,0.0071,3,3,TRANSIT,3,exit,18.0000,-1.5000,-5.2500,2.5254,20.1460,0.0643,fallback_beacon,0.8298,0.3914,0.0289,0.0879,false,0.0000,0.0000,0.0000,0.0000,0.0000
26.867,15.6300,-2.3697,-5.3143,-0.0136,3,3,TRANSIT,3,exit,18.0000,-1.5000,-5.2500,2.5254,20.1648,0.0643,vision,0.1600,-0.1321,0.0000,-0.0425,true,0.6567,-0.4719,-0.0208,0.0081,0.0000
26.900,15.6300,-2.3698,-5.3143,0.0071,3,3,TRANSIT,3,exit,18.0000,-1.5000,-5.2500,2.5254,20.1460,0.0643,fallback_beacon,0.8298,0.3914,0.0289,0.0879,false,0.0000,0.0000,0.0000,0.0000,0.0000
26.933,15.6300,-2.3697,-5.3143,-0.0136,3,3,TRANSIT,3,exit,18.0000,-1.5000,-5.2500,2.5254,20.1648,0.0643,vision,0.1600,-0.1321,0.0000,-0.0425,true,0.6574,-0.4719,-0.0208,0.0081,0.0000
26.967,15.6300,-2.3698,-5.3143,0.0071,3,3,TRANSIT,3,exit,18.0000,-1.5000,-5.2500,2.5254,20.1460,0.0643,fallback_beacon,0.8298,0.3914,0.0289,0.0879,false,0.0000,0.0000,0.0000,0.0000,0.0000
27.000,15.6300,-2.3697,-5.3143,-0.0136,3,3,TRANSIT,3,exit,18.0000,-1.5000,-5.2500,2.5254,20.1648,0.0643,vision,0.1600,-0.1321,0.0000,-0.0425,true,0.6570,-0.4719,-0.0208,0.0081,0.0000
27.033,15.6300,-2.3698,-5.3143,0.0071,3,3,TRANSIT,3,exit,18.0000,-1.5000,-5.2500,2.5254,20.1460,0.0643,fallback_beacon,0.8298,0.3914,0.0289,0.0879,false,0.0000,0.0000,0.0000,0.0000,0.0000
27.067,15.6300,-2.3697,-5.3143,-0.0135,3,3,TRANSIT,3,exit,18.0000,-1.5000,-5.2500,2.5254,20.1648,0.0643,vision,0.1600,-0.1321,0.0000,-0.0425,true,0.6578,-0.4719,-0.0208,0.0081,0.0000
27.100,15.6300,-2.3698,-5.3143,0.0071,3,3,TRANSIT,3,exit,18.0000,-1.5000,-5.2500,2.5254,20.1460,0.0643,fallback_beacon,0.8298,0.3914,0.0289,0.0879,false,0.0000,0.0000,0.0000,0.0000,0.0000
27.133,15.6300,-2.3697,-5.3143,-0.0136,3,3,TRANSIT,3,exit,18.0000,-1.5000,-5.2500,2.5254,20.1648,0.0643,vision,0.1600,-0.1321,0.0000,-0.0425,true,0.6572,-0.4719,-0.0208,0.0081,0.0000
27.167,15.6300,-2.3698,-5.3143,0.0071,3,3,TRANSIT,3,exit,18.0000,-1.5000,-5.2500,2.5254,20.1460,0.0643,fallback_beacon,0.8298,0.3914,0.0289,0.0879,false,0.0000,0.0000,0.0000,0.0000,0.0000
27.200,15.6300,-2.3697,-5.3143,-0.0136,3,3,TRANSIT,3,exit,18.0000,-1.5000,-5.2500,2.5254,20.1648,0.0643,vision,0.1600,-0.1321,0.0000,-0.0425,true,0.6575,-0.4719,-0.0208,0.0081,0.0000
27.233,15.6300,-2.3698,-5.3143,0.0071,3,3,TRANSIT,3,exit,18.0000,-1.5000,-5.2500,2.5254,20.1460,0.0643,fallback_beacon,0.8298,0.3914,0.0289,0.0879,false,0.0000,0.0000,0.0000,0.0000,0.0000
27.267,15.6300,-2.3697,-5.3143,-0.0136,3,3,TRANSIT,3,exit,18.0000,-1.5000,-5.2500,2.5254,20.1648,0.0643,vision,0.1600,-0.1321,0.0000,-0.0425,true,0.6572,-0.4719,-0.0208,0.0081,0.0000
27.300,15.6300,-2.3698,-5.3143,0.0071,3,3,TRANSIT,3,exit,18.0000,-1.5000,-5.2500,2.5254,20.1460,0.0643,fallback_beacon,0.8298,0.3914,0.0289,0.0879,false,0.0000,0.0000,0.0000,0.0000,0.0000
27.333,15.6300,-2.3697,-5.3143,-0.0136,3,3,TRANSIT,3,exit,18.0000,-1.5000,-5.2500,2.5254,20.1648,0.0643,vision,0.1600,-0.1321,0.0000,-0.0425,true,0.6727,-0.4719,-0.0250,0.0084,0.0000
27.367,15.6300,-2.3698,-5.3143,0.0071,3,3,TRANSIT,3,exit,18.0000,-1.5000,-5.2500,2.5254,20.1460,0.0643,fallback_beacon,0.8298,0.3914,0.0289,0.0879,false,0.0000,0.0000,0.0000,0.0000,0.0000
27.400,15.6300,-2.3697,-5.3143,-0.0136,3,3,TRANSIT,3,exit,18.0000,-1.5000,-5.2500,2.5254,20.1648,0.0643,vision,0.1600,-0.1321,0.0000,-0.0425,true,0.6721,-0.4719,-0.0250,0.0084,0.0000
27.433,15.6300,-2.3698,-5.3143,0.0071,3,3,TRANSIT,3,exit,18.0000,-1.5000,-5.2500,2.5254,20.1460,0.0643,fallback_beacon,0.8298,0.3914,0.0289,0.0879,false,0.0000,0.0000,0.0000,0.0000,0.0000
27.467,15.6300,-2.3697,-5.3143,-0.0136,3,3,TRANSIT,3,exit,18.0000,-1.5000,-5.2500,2.5254,20.1648,0.0643,vision,0.1600,-0.1321,0.0000,-0.0425,true,0.6578,-0.4719,-0.0208,0.0081,0.0000
27.500,15.6300,-2.3698,-5.3143,0.0071,3,3,TRANSIT,3,exit,18.0000,-1.5000,-5.2500,2.5254,20.1460,0.0643,fallback_beacon,0.8298,0.3914,0.0289,0.0879,false,0.0000,0.0000,0.0000,0.0000,0.0000
27.533,15.6300,-2.3697,-5.3143,-0.0136,3,3,TRANSIT,3,exit,18.0000,-1.5000,-5.2500,2.5254,20.1648,0.0643,vision,0.1600,-0.1321,0.0000,-0.0425,true,0.6727,-0.4719,-0.0250,0.0084,0.0000
27.567,15.6300,-2.3698,-5.3143,0.0071,3,3,TRANSIT,3,exit,18.0000,-1.5000,-5.2500,2.5254,20.1460,0.0643,fallback_beacon,0.8298,0.3914,0.0289,0.0879,false,0.0000,0.0000,0.0000,0.0000,0.0000
27.600,15.6300,-2.3697,-5.3143,-0.0136,3,3,TRANSIT,3,exit,18.0000,-1.5000,-5.2500,2.5254,20.1648,0.0643,vision,0.1600,-0.1321,0.0000,-0.0425,true,0.6585,-0.4719,-0.0208,0.0081,0.0000
27.633,15.6300,-2.3698,-5.3143,0.0071,3,3,TRANSIT,3,exit,18.0000,-1.5000,-5.2500,2.5254,20.1460,0.0643,fallback_beacon,0.8298,0.3914,0.0289,0.0879,false,0.0000,0.0000,0.0000,0.0000,0.0000
27.667,15.6300,-2.3697,-5.3143,-0.0136,3,3,TRANSIT,3,exit,18.0000,-1.5000,-5.2500,2.5254,20.1648,0.0643,vision,0.1600,-0.1321,0.0000,-0.0425,true,0.6727,-0.4719,-0.0250,0.0084,0.0000
27.700,15.6300,-2.3698,-5.3143,0.0071,3,3,TRANSIT,3,exit,18.0000,-1.5000,-5.2500,2.5254,20.1460,0.0643,fallback_beacon,0.8298,0.3914,0.0289,0.0879,false,0.0000,0.0000,0.0000,0.0000,0.0000
27.733,15.6300,-2.3697,-5.3143,-0.0136,3,3,TRANSIT,3,exit,18.0000,-1.5000,-5.2500,2.5254,20.1648,0.0643,vision,0.1600,-0.1321,0.0000,-0.0425,true,0.6585,-0.4719,-0.0208,0.0081,0.0000
27.767,15.6300,-2.3698,-5.3143,0.0071,3,3,TRANSIT,3,exit,18.0000,-1.5000,-5.2500,2.5254,20.1460,0.0643,fallback_beacon,0.8298,0.3914,0.0289,0.0879,false,0.0000,0.0000,0.0000,0.0000,0.0000
27.800,15.6300,-2.3697,-5.3143,-0.0136,3,3,TRANSIT,3,exit,18.0000,-1.5000,-5.2500,2.5254,20.1648,0.0643,vision,0.1600,-0.1321,0.0000,-0.0425,true,0.6727,-0.4719,-0.0250,0.0084,0.0000
27.833,15.6300,-2.3698,-5.3143,0.0071,3,3,TRANSIT,3,exit,18.0000,-1.5000,-5.2500,2.5254,20.1460,0.0643,fallback_beacon,0.8298,0.3914,0.0289,0.0879,false,0.0000,0.0000,0.0000,0.0000,0.0000
27.867,15.6300,-2.3697,-5.3143,-0.0135,3,3,TRANSIT,3,exit,18.0000,-1.5000,-5.2500,2.5254,20.1648,0.0643,vision,0.1600,-0.1321,0.0000,-0.0425,true,0.6578,-0.4719,-0.0208,0.0081,0.0000
27.900,15.6300,-2.3698,-5.3143,0.0071,3,3,TRANSIT,3,exit,18.0000,-1.5000,-5.2500,2.5254,20.1460,0.0643,fallback_beacon,0.8298,0.3914,0.0289,0.0879,false,0.0000,0.0000,0.0000,0.0000,0.0000
27.933,15.6300,-2.3697,-5.3143,-0.0136,3,3,TRANSIT,3,exit,18.0000,-1.5000,-5.2500,2.5254,20.1648,0.0643,vision,0.1600,-0.1321,0.0000,-0.0425,true,0.6572,-0.4719,-0.0208,0.0081,0.0000
27.967,15.6300,-2.3698,-5.3143,0.0071,3,3,TRANSIT,3,exit,18.0000,-1.5000,-5.2500,2.5254,20.1460,0.0643,fallback_beacon,0.8298,0.3914,0.0289,0.0879,false,0.0000,0.0000,0.0000,0.0000,0.0000
28.000,15.6300,-2.3697,-5.3143,-0.0136,3,3,TRANSIT,3,exit,18.0000,-1.5000,-5.2500,2.5254,20.1648,0.0643,vision,0.1600,-0.1321,0.0000,-0.0425,true,0.6727,-0.4719,-0.0250,0.0084,0.0000
28.033,15.6300,-2.3698,-5.3143,0.0071,3,3,TRANSIT,3,exit,18.0000,-1.5000,-5.2500,2.5254,20.1460,0.0643,fallback_beacon,0.8298,0.3914,0.0289,0.0879,false,0.0000,0.0000,0.0000,0.0000,0.0000
28.067,15.6300,-2.3697,-5.3143,-0.0136,3,3,TRANSIT,3,exit,18.0000,-1.5000,-5.2500,2.5254,20.1648,0.0643,vision,0.1600,-0.1321,0.0000,-0.0425,true,0.6572,-0.4719,-0.0208,0.0081,0.0000
28.100,15.6300,-2.3698,-5.3143,0.0071,3,3,TRANSIT,3,exit,18.0000,-1.5000,-5.2500,2.5254,20.1460,0.0643,fallback_beacon,0.8298,0.3914,0.0289,0.0879,false,0.0000,0.0000,0.0000,0.0000,0.0000
28.133,15.6300,-2.3697,-5.3143,-0.0136,3,3,TRANSIT,3,exit,18.0000,-1.5000,-5.2500,2.5254,20.1648,0.0643,vision,0.1600,-0.1321,0.0000,-0.0425,true,0.6724,-0.4719,-0.0250,0.0084,0.0000
28.167,15.6300,-2.3698,-5.3143,0.0071,3,3,TRANSIT,3,exit,18.0000,-1.5000,-5.2500,2.5254,20.1460,0.0643,fallback_beacon,0.8298,0.3914,0.0289,0.0879,false,0.0000,0.0000,0.0000,0.0000,0.0000
28.200,15.6300,-2.3697,-5.3143,-0.0136,3,3,TRANSIT,3,exit,18.0000,-1.5000,-5.2500,2.5254,20.1648,0.0643,vision,0.1600,-0.1321,0.0000,-0.0425,true,0.6620,-0.4719,-0.0250,0.0084,0.0000
28.233,15.6300,-2.3698,-5.3143,0.0071,3,3,TRANSIT,3,exit,18.0000,-1.5000,-5.2500,2.5254,20.1460,0.0643,fallback_beacon,0.8298,0.3914,0.0289,0.0879,false,0.0000,0.0000,0.0000,0.0000,0.0000
28.267,15.6300,-2.3697,-5.3143,-0.0135,3,3,TRANSIT,3,exit,18.0000,-1.5000,-5.2500,2.5254,20.1648,0.0643,vision,0.1600,-0.1321,0.0000,-0.0425,true,0.6626,-0.4719,-0.0250,0.0084,0.0000
28.300,15.6300,-2.3698,-5.3143,0.0071,3,3,TRANSIT,3,exit,18.0000,-1.5000,-5.2500,2.5254,20.1460,0.0643,fallback_beacon,0.8298,0.3914,0.0289,0.0879,false,0.0000,0.0000,0.0000,0.0000,0.0000
28.333,15.6300,-2.3697,-5.3143,-0.0136,3,3,TRANSIT,3,exit,18.0000,-1.5000,-5.2500,2.5254,20.1648,0.0643,vision,0.1600,-0.1321,0.0000,-0.0425,true,0.6620,-0.4719,-0.0250,0.0084,0.0000
28.367,15.6300,-2.3698,-5.3143,0.0071,3,3,TRANSIT,3,exit,18.0000,-1.5000,-5.2500,2.5254,20.1460,0.0643,fallback_beacon,0.8298,0.3914,0.0289,0.0879,false,0.0000,0.0000,0.0000,0.0000,0.0000
28.400,15.6300,-2.3697,-5.3143,-0.0135,3,3,TRANSIT,3,exit,18.0000,-1.5000,-5.2500,2.5254,20.1648,0.0643,vision,0.1600,-0.1321,0.0000,-0.0425,true,0.6509,-0.4719,-0.0208,0.0081,0.0000
28.433,15.6300,-2.3698,-5.3143,0.0071,3,3,TRANSIT,3,exit,18.0000,-1.5000,-5.2500,2.5254,20.1460,0.0643,fallback_beacon,0.8298,0.3914,0.0289,0.0879,false,0.0000,0.0000,0.0000,0.0000,0.0000
28.467,15.6300,-2.3697,-5.3143,-0.0136,3,3,TRANSIT,3,exit,18.0000,-1.5000,-5.2500,2.5254,20.1648,0.0643,vision,0.1600,-0.1321,0.0000,-0.0425,true,0.6503,-0.4719,-0.0208,0.0081,0.0000
28.500,15.6300,-2.3698,-5.3143,0.0071,3,3,TRANSIT,3,exit,18.0000,-1.5000,-5.2500,2.5254,20.1460,0.0643,fallback_beacon,0.8298,0.3914,0.0289,0.0879,false,0.0000,0.0000,0.0000,0.0000,0.0000
28.533,15.6300,-2.3697,-5.3143,-0.0135,3,3,TRANSIT,3,exit,18.0000,-1.5000,-5.2500,2.5254,20.1648,0.0643,vision,0.1600,-0.1321,0.0000,-0.0425,true,0.6509,-0.4719,-0.0208,0.0081,0.0000
28.567,15.6300,-2.3698,-5.3143,0.0071,3,3,TRANSIT,3,exit,18.0000,-1.5000,-5.2500,2.5254,20.1460,0.0643,fallback_beacon,0.8298,0.3914,0.0289,0.0879,false,0.0000,0.0000,0.0000,0.0000,0.0000
28.600,15.6300,-2.3697,-5.3143,-0.0136,3,3,TRANSIT,3,exit,18.0000,-1.5000,-5.2500,2.5254,20.1648,0.0643,vision,0.1600,-0.1321,0.0000,-0.0425,true,0.6503,-0.4719,-0.0208,0.0081,0.0000
28.633,15.6300,-2.3698,-5.3143,0.0071,3,3,TRANSIT,3,exit,18.0000,-1.5000,-5.2500,2.5254,20.1460,0.0643,fallback_beacon,0.8298,0.3914,0.0289,0.0879,false,0.0000,0.0000,0.0000,0.0000,0.0000
28.667,15.6300,-2.3697,-5.3143,-0.0136,3,3,TRANSIT,3,exit,18.0000,-1.5000,-5.2500,2.5254,20.1648,0.0643,vision,0.1600,-0.1321,0.0000,-0.0425,true,0.6679,-0.4719,-0.0250,0.0084,0.0000
28.700,15.6300,-2.3698,-5.3143,0.0071,3,3,TRANSIT,3,exit,18.0000,-1.5000,-5.2500,2.5254,20.1460,0.0643,fallback_beacon,0.8298,0.3914,0.0289,0.0879,false,0.0000,0.0000,0.0000,0.0000,0.0000
28.733,15.6300,-2.3697,-5.3143,-0.0136,3,3,TRANSIT,3,exit,18.0000,-1.5000,-5.2500,2.5254,20.1648,0.0643,vision,0.1600,-0.1321,0.0000,-0.0425,true,0.6506,-0.4719,-0.0208,0.0081,0.0000
28.767,15.6300,-2.3698,-5.3143,0.0071,3,3,TRANSIT,3,exit,18.0000,-1.5000,-5.2500,2.5254,20.1460,0.0643,fallback_beacon,0.8298,0.3914,0.0289,0.0879,false,0.0000,0.0000,0.0000,0.0000,0.0000
28.800,15.6300,-2.3697,-5.3143,-0.0136,3,3,TRANSIT,3,exit,18.0000,-1.5000,-5.2500,2.5254,20.1648,0.0643,vision,0.1600,-0.1321,0.0000,-0.0425,true,0.6493,-0.4719,-0.0208,0.0081,0.0000
28.833,15.6300,-2.3698,-5.3143,0.0071,3,3,TRANSIT,3,exit,18.0000,-1.5000,-5.2500,2.5254,20.1460,0.0643,fallback_beacon,0.8298,0.3914,0.0289,0.0879,false,0.0000,0.0000,0.0000,0.0000,0.0000
28.867,15.6300,-2.3697,-5.3143,-0.0136,3,3,TRANSIT,3,exit,18.0000,-1.5000,-5.2500,2.5254,20.1648,0.0643,vision,0.1600,-0.1321,0.0000,-0.0425,true,0.6487,-0.4719,-0.0208,0.0081,0.0000
28.900,15.6300,-2.3698,-5.3143,0.0071,3,3,TRANSIT,3,exit,18.0000,-1.5000,-5.2500,2.5254,20.1460,0.0643,fallback_beacon,0.8298,0.3914,0.0289,0.0879,false,0.0000,0.0000,0.0000,0.0000,0.0000
28.933,15.6300,-2.3697,-5.3143,-0.0136,3,3,TRANSIT,3,exit,18.0000,-1.5000,-5.2500,2.5254,20.1648,0.0643,vision,0.1600,-0.1321,0.0000,-0.0425,true,0.6493,-0.4719,-0.0208,0.0081,0.0000
28.967,15.6300,-2.3698,-5.3143,0.0071,3,3,TRANSIT,3,exit,18.0000,-1.5000,-5.2500,2.5254,20.1460,0.0643,fallback_beacon,0.8298,0.3914,0.0289,0.0879,false,0.0000,0.0000,0.0000,0.0000,0.0000
29.000,15.6300,-2.3697,-5.3143,-0.0136,3,3,TRANSIT,3,exit,18.0000,-1.5000,-5.2500,2.5254,20.1648,0.0643,vision,0.1600,-0.1321,0.0000,-0.0425,true,0.6506,-0.4719,-0.0208,0.0081,0.0000
29.033,15.6300,-2.3698,-5.3143,0.0071,3,3,TRANSIT,3,exit,18.0000,-1.5000,-5.2500,2.5254,20.1460,0.0643,fallback_beacon,0.8298,0.3914,0.0289,0.0879,false,0.0000,0.0000,0.0000,0.0000,0.0000
29.067,15.6300,-2.3697,-5.3143,-0.0135,3,3,TRANSIT,3,exit,18.0000,-1.5000,-5.2500,2.5254,20.1648,0.0643,vision,0.1600,-0.1321,0.0000,-0.0425,true,0.6553,-0.4719,-0.0208,0.0081,0.0000
29.100,15.6300,-2.3698,-5.3143,0.0071,3,3,TRANSIT,3,exit,18.0000,-1.5000,-5.2500,2.5254,20.1460,0.0643,fallback_beacon,0.8298,0.3914,0.0289,0.0879,false,0.0000,0.0000,0.0000,0.0000,0.0000
29.133,15.6300,-2.3697,-5.3143,-0.0136,3,3,TRANSIT,3,exit,18.0000,-1.5000,-5.2500,2.5254,20.1648,0.0643,vision,0.1600,-0.1321,0.0000,-0.0425,true,0.6530,-0.4719,-0.0208,0.0081,0.0000
29.167,15.6300,-2.3698,-5.3143,0.0071,3,3,TRANSIT,3,exit,18.0000,-1.5000,-5.2500,2.5254,20.1460,0.0643,fallback_beacon,0.8298,0.3914,0.0289,0.0879,false,0.0000,0.0000,0.0000,0.0000,0.0000
29.200,15.6300,-2.3697,-5.3143,-0.0135,3,3,TRANSIT,3,exit,18.0000,-1.5000,-5.2500,2.5254,20.1648,0.0643,vision,0.1600,-0.1321,0.0000,-0.0425,true,0.6537,-0.4719,-0.0208,0.0081,0.0000
29.233,15.6300,-2.3698,-5.3143,0.0071,3,3,TRANSIT,3,exit,18.0000,-1.5000,-5.2500,2.5254,20.1460,0.0643,fallback_beacon,0.8298,0.3914,0.0289,0.0879,false,0.0000,0.0000,0.0000,0.0000,0.0000
29.267,15.6300,-2.3697,-5.3143,-0.0136,3,3,TRANSIT,3,exit,18.0000,-1.5000,-5.2500,2.5254,20.1648,0.0643,vision,0.1600,-0.1321,0.0000,-0.0425,true,0.6511,-0.4719,-0.0208,0.0081,0.0000
29.300,15.6300,-2.3698,-5.3143,0.0071,3,3,TRANSIT,3,exit,18.0000,-1.5000,-5.2500,2.5254,20.1460,0.0643,fallback_beacon,0.8298,0.3914,0.0289,0.0879,false,0.0000,0.0000,0.0000,0.0000,0.0000
29.333,15.6300,-2.3697,-5.3143,-0.0136,3,3,TRANSIT,3,exit,18.0000,-1.5000,-5.2500,2.5254,20.1648,0.0643,vision,0.1600,-0.1321,0.0000,-0.0425,true,0.6537,-0.4719,-0.0208,0.0081,0.0000
29.367,15.6300,-2.3698,-5.3143,0.0071,3,3,TRANSIT,3,exit,18.0000,-1.5000,-5.2500,2.5254,20.1460,0.0643,fallback_beacon,0.8298,0.3914,0.0289,0.0879,false,0.0000,0.0000,0.0000,0.0000,0.0000
29.400,15.6300,-2.3697,-5.3143,-0.0136,3,3,TRANSIT,3,exit,18.0000,-1.5000,-5.2500,2.5254,20.1648,0.0643,vision,0.1600,-0.1321,0.0000,-0.0425,true,0.6530,-0.4719,-0.0208,0.0081,0.0000
29.433,15.6300,-2.3698,-5.3143,0.0071,3,3,TRANSIT,3,exit,18.0000,-1.5000,-5.2500,2.5254,20.1460,0.0643,fallback_beacon,0.8298,0.3914,0.0289,0.0879,false,0.0000,0.0000,0.0000,0.0000,0.0000
29.467,15.6300,-2.3697,-5.3143,-0.0136,3,3,TRANSIT,3,exit,18.0000,-1.5000,-5.2500,2.5254,20.1648,0.0643,vision,0.1600,-0.1321,0.0000,-0.0425,true,0.6537,-0.4719,-0.0208,0.0081,0.0000
29.500,15.6300,-2.3698,-5.3143,0.0071,3,3,TRANSIT,3,exit,18.0000,-1.5000,-5.2500,2.5254,20.1460,0.0643,fallback_beacon,0.8298,0.3914,0.0289,0.0879,false,0.0000,0.0000,0.0000,0.0000,0.0000
29.533,15.6300,-2.3697,-5.3143,-0.0136,3,3,TRANSIT,3,exit,18.0000,-1.5000,-5.2500,2.5254,20.1648,0.0643,vision,0.1600,-0.1321,0.0000,-0.0425,true,0.6530,-0.4719,-0.0208,0.0081,0.0000
29.567,15.6300,-2.3698,-5.3143,0.0071,3,3,TRANSIT,3,exit,18.0000,-1.5000,-5.2500,2.5254,20.1460,0.0643,fallback_beacon,0.8298,0.3914,0.0289,0.0879,false,0.0000,0.0000,0.0000,0.0000,0.0000
29.600,15.6300,-2.3697,-5.3143,-0.0136,3,3,TRANSIT,3,exit,18.0000,-1.5000,-5.2500,2.5254,20.1648,0.0643,vision,0.1600,-0.1321,0.0000,-0.0425,true,0.6724,-0.4719,-0.0250,0.0084,0.0000
29.633,15.6300,-2.3698,-5.3143,0.0071,3,3,TRANSIT,3,exit,18.0000,-1.5000,-5.2500,2.5254,20.1460,0.0643,fallback_beacon,0.8298,0.3914,0.0289,0.0879,false,0.0000,0.0000,0.0000,0.0000,0.0000
29.667,15.6300,-2.3697,-5.3143,-0.0135,3,3,TRANSIT,3,exit,18.0000,-1.5000,-5.2500,2.5254,20.1648,0.0643,vision,0.1600,-0.1321,0.0000,-0.0425,true,0.6717,-0.4719,-0.0250,0.0084,0.0000
29.700,15.6300,-2.3698,-5.3143,0.0071,3,3,TRANSIT,3,exit,18.0000,-1.5000,-5.2500,2.5254,20.1460,0.0643,fallback_beacon,0.8298,0.3914,0.0289,0.0879,false,0.0000,0.0000,0.0000,0.0000,0.0000
29.733,15.6300,-2.3697,-5.3143,-0.0136,3,3,TRANSIT,3,exit,18.0000,-1.5000,-5.2500,2.5254,20.1648,0.0643,vision,0.1600,-0.1321,0.0000,-0.0425,true,0.6721,-0.4719,-0.0250,0.0084,0.0000
29.767,15.6300,-2.3698,-5.3143,0.0071,3,3,TRANSIT,3,exit,18.0000,-1.5000,-5.2500,2.5254,20.1460,0.0643,fallback_beacon,0.8298,0.3914,0.0289,0.0879,false,0.0000,0.0000,0.0000,0.0000,0.0000
29.800,15.6300,-2.3697,-5.3143,-0.0136,3,3,TRANSIT,3,exit,18.0000,-1.5000,-5.2500,2.5254,20.1648,0.0643,vision,0.1600,-0.1321,0.0000,-0.0425,true,0.6736,-0.4719,-0.0250,0.0084,0.0000
29.833,15.6300,-2.3698,-5.3143,0.0071,3,3,TRANSIT,3,exit,18.0000,-1.5000,-5.2500,2.5254,20.1460,0.0643,fallback_beacon,0.8298,0.3914,0.0289,0.0879,false,0.0000,0.0000,0.0000,0.0000,0.0000
29.867,15.6300,-2.3697,-5.3143,-0.0136,3,3,TRANSIT,3,exit,18.0000,-1.5000,-5.2500,2.5254,20.1648,0.0643,vision,0.1600,-0.1321,0.0000,-0.0425,true,0.6721,-0.4719,-0.0250,0.0084,0.0000
29.900,15.6300,-2.3698,-5.3143,0.0071,3,3,TRANSIT,3,exit,18.0000,-1.5000,-5.2500,2.5254,20.1460,0.0643,fallback_beacon,0.8298,0.3914,0.0289,0.0879,false,0.0000,0.0000,0.0000,0.0000,0.0000
29.933,15.6300,-2.3697,-5.3143,-0.0136,3,3,TRANSIT,3,exit,18.0000,-1.5000,-5.2500,2.5254,20.1648,0.0643,vision,0.1600,-0.1321,0.0000,-0.0425,true,0.6696,-0.4719,-0.0250,0.0084,0.0000
29.967,15.6300,-2.3698,-5.3143,0.0071,3,3,TRANSIT,3,exit,18.0000,-1.5000,-5.2500,2.5254,20.1460,0.0643,fallback_beacon,0.8298,0.3914,0.0289,0.0879,false,0.0000,0.0000,0.0000,0.0000,0.0000
30.000,15.6300,-2.3697,-5.3143,-0.0136,3,3,TRANSIT,3,exit,18.0000,-1.5000,-5.2500,2.5254,20.1648,0.0643,vision,0.1600,-0.1321,0.0000,-0.0425,true,0.6699,-0.4719,-0.0250,0.0084,0.0000
30.033,15.6300,-2.3698,-5.3143,0.0071,3,3,TRANSIT,3,exit,18.0000,-1.5000,-5.2500,2.5254,20.1460,0.0643,fallback_beacon,0.8298,0.3914,0.0289,0.0879,false,0.0000,0.0000,0.0000,0.0000,0.0000
30.067,15.6300,-2.3697,-5.3143,-0.0136,3,3,TRANSIT,3,exit,18.0000,-1.5000,-5.2500,2.5254,20.1648,0.0643,vision,0.1600,-0.1321,0.0000,-0.0425,true,0.6730,-0.4719,-0.0250,0.0084,0.0000
30.100,15.6300,-2.3698,-5.3143,0.0071,3,3,TRANSIT,3,exit,18.0000,-1.5000,-5.2500,2.5254,20.1460,0.0643,fallback_beacon,0.8298,0.3914,0.0289,0.0879,false,0.0000,0.0000,0.0000,0.0000,0.0000
30.133,15.6300,-2.3697,-5.3143,-0.0135,3,3,TRANSIT,3,exit,18.0000,-1.5000,-5.2500,2.5254,20.1648,0.0643,vision,0.1600,-0.1321,0.0000,-0.0425,true,0.6736,-0.4719,-0.0250,0.0084,0.0000
30.167,15.6300,-2.3698,-5.3143,0.0071,3,3,TRANSIT,3,exit,18.0000,-1.5000,-5.2500,2.5254,20.1460,0.0643,fallback_beacon,0.8298,0.3914,0.0289,0.0879,false,0.0000,0.0000,0.0000,0.0000,0.0000
30.200,15.6300,-2.3697,-5.3143,-0.0136,3,3,TRANSIT,3,exit,18.0000,-1.5000,-5.2500,2.5254,20.1648,0.0643,vision,0.1600,-0.1321,0.0000,-0.0425,true,0.6733,-0.4719,-0.0250,0.0084,0.0000
30.233,15.6300,-2.3698,-5.3143,0.0071,3,3,TRANSIT,3,exit,18.0000,-1.5000,-5.2500,2.5254,20.1460,0.0643,fallback_beacon,0.8298,0.3914,0.0289,0.0879,false,0.0000,0.0000,0.0000,0.0000,0.0000
30.267,15.6300,-2.3697,-5.3143,-0.0136,3,3,TRANSIT,3,exit,18.0000,-1.5000,-5.2500,2.5254,20.1648,0.0643,vision,0.1600,-0.1321,0.0000,-0.0425,true,0.6708,-0.4719,-0.0250,0.0084,0.0000
30.300,15.6300,-2.3698,-5.3143,0.0071,3,3,TRANSIT,3,exit,18.0000,-1.5000,-5.2500,2.5254,20.1460,0.0643,fallback_beacon,0.8298,0.3914,0.0289,0.0879,false,0.0000,0.0000,0.0000,0.0000,0.0000
30.333,15.6300,-2.3697,-5.3143,-0.0136,3,3,TRANSIT,3,exit,18.0000,-1.5000,-5.2500,2.5254,20.1648,0.0643,vision,0.1600,-0.1321,0.0000,-0.0425,true,0.6699,-0.4719,-0.0250,0.0084,0.0000
30.367,15.6300,-2.3698,-5.3143,0.0071,3,3,TRANSIT,3,exit,18.0000,-1.5000,-5.2500,2.5254,20.1460,0.0643,fallback_beacon,0.8298,0.3914,0.0289,0.0879,false,0.0000,0.0000,0.0000,0.0000,0.0000
30.400,15.6300,-2.3697,-5.3143,-0.0136,3,3,TRANSIT,3,exit,18.0000,-1.5000,-5.2500,2.5254,20.1648,0.0643,vision,0.1600,-0.1321,0.0000,-0.0425,true,0.6702,-0.4719,-0.0250,0.0084,0.0000
30.433,15.6300,-2.3698,-5.3143,0.0071,3,3,TRANSIT,3,exit,18.0000,-1.5000,-5.2500,2.5254,20.1460,0.0643,fallback_beacon,0.8298,0.3914,0.0289,0.0879,false,0.0000,0.0000,0.0000,0.0000,0.0000
30.467,15.6300,-2.3697,-5.3143,-0.0136,3,3,TRANSIT,3,exit,18.0000,-1.5000,-5.2500,2.5254,20.1648,0.0643,vision,0.1600,-0.1321,0.0000,-0.0425,true,0.6690,-0.4719,-0.0250,0.0084,0.0000
30.500,15.6300,-2.3698,-5.3143,0.0071,3,3,TRANSIT,3,exit,18.0000,-1.5000,-5.2500,2.5254,20.1460,0.0643,fallback_beacon,0.8298,0.3914,0.0289,0.0879,false,0.0000,0.0000,0.0000,0.0000,0.0000
30.533,15.6300,-2.3697,-5.3143,-0.0136,3,3,TRANSIT,3,exit,18.0000,-1.5000,-5.2500,2.5254,20.1648,0.0643,vision,0.1600,-0.1321,0.0000,-0.0425,true,0.6687,-0.4719,-0.0250,0.0084,0.0000
30.567,15.6300,-2.3698,-5.3143,0.0071,3,3,TRANSIT,3,exit,18.0000,-1.5000,-5.2500,2.5254,20.1460,0.0643,fallback_beacon,0.8298,0.3914,0.0289,0.0879,false,0.0000,0.0000,0.0000,0.0000,0.0000
30.600,15.6300,-2.3697,-5.3143,-0.0136,3,3,TRANSIT,3,exit,18.0000,-1.5000,-5.2500,2.5254,20.1648,0.0643,vision,0.1600,-0.1321,0.0000,-0.0425,true,0.6674,-0.4719,-0.0250,0.0084,0.0000
30.633,15.6300,-2.3698,-5.3143,0.0071,3,3,TRANSIT,3,exit,18.0000,-1.5000,-5.2500,2.5254,20.1460,0.0643,fallback_beacon,0.8298,0.3914,0.0289,0.0879,false,0.0000,0.0000,0.0000,0.0000,0.0000
30.667,15.6300,-2.3697,-5.3143,-0.0136,3,3,TRANSIT,3,exit,18.0000,-1.5000,-5.2500,2.5254,20.1648,0.0643,vision,0.1600,-0.1321,0.0000,-0.0425,true,0.6522,-0.4719,-0.0208,0.0081,0.0000
30.700,15.6300,-2.3698,-5.3143,0.0071,3,3,TRANSIT,3,exit,18.0000,-1.5000,-5.2500,2.5254,20.1460,0.0643,fallback_beacon,0.8298,0.3914,0.0289,0.0879,false,0.0000,0.0000,0.0000,0.0000,0.0000
30.733,15.6300,-2.3697,-5.3143,-0.0136,3,3,TRANSIT,3,exit,18.0000,-1.5000,-5.2500,2.5254,20.1648,0.0643,vision,0.1600,-0.1321,0.0000,-0.0425,true,0.6508,-0.4719,-0.0208,0.0081,0.0000
30.767,15.6300,-2.3698,-5.3143,0.0071,3,3,TRANSIT,3,exit,18.0000,-1.5000,-5.2500,2.5254,20.1460,0.0643,fallback_beacon,0.8298,0.3914,0.0289,0.0879,false,0.0000,0.0000,0.0000,0.0000,0.0000
30.800,15.6300,-2.3697,-5.3143,-0.0135,3,3,TRANSIT,3,exit,18.0000,-1.5000,-5.2500,2.5254,20.1648,0.0643,vision,0.1600,-0.1321,0.0000,-0.0425,true,0.6516,-0.4719,-0.0208,0.0081,0.0000
30.833,15.6300,-2.3698,-5.3143,0.0071,3,3,TRANSIT,3,exit,18.0000,-1.5000,-5.2500,2.5254,20.1460,0.0643,fallback_beacon,0.8298,0.3914,0.0289,0.0879,false,0.0000,0.0000,0.0000,0.0000,0.0000
30.867,15.6300,-2.3697,-5.3143,-0.0136,3,3,TRANSIT,3,exit,18.0000,-1.5000,-5.2500,2.5254,20.1648,0.0643,vision,0.1600,-0.1321,0.0000,-0.0425,true,0.6506,-0.4719,-0.0208,0.0081,0.0000
30.900,15.6300,-2.3698,-5.3143,0.0071,3,3,TRANSIT,3,exit,18.0000,-1.5000,-5.2500,2.5254,20.1460,0.0643,fallback_beacon,0.8298,0.3914,0.0289,0.0879,false,0.0000,0.0000,0.0000,0.0000,0.0000
30.933,15.6300,-2.3697,-5.3143,-0.0136,3,3,TRANSIT,3,exit,18.0000,-1.5000,-5.2500,2.5254,20.1648,0.0643,vision,0.1600,-0.1321,0.0000,-0.0425,true,0.6516,-0.4719,-0.0208,0.0081,0.0000
30.967,15.6300,-2.3698,-5.3143,0.0071,3,3,TRANSIT,3,exit,18.0000,-1.5000,-5.2500,2.5254,20.1460,0.0643,fallback_beacon,0.8298,0.3914,0.0289,0.0879,false,0.0000,0.0000,0.0000,0.0000,0.0000
31.000,15.6300,-2.3697,-5.3143,-0.0136,3,3,TRANSIT,3,exit,18.0000,-1.5000,-5.2500,2.5254,20.1648,0.0643,vision,0.1600,-0.1321,0.0000,-0.0425,true,0.6509,-0.4719,-0.0208,0.0081,0.0000
31.033,15.6300,-2.3698,-5.3143,0.0071,3,3,TRANSIT,3,exit,18.0000,-1.5000,-5.2500,2.5254,20.1460,0.0643,fallback_beacon,0.8298,0.3914,0.0289,0.0879,false,0.0000,0.0000,0.0000,0.0000,0.0000
31.067,15.6300,-2.3697,-5.3143,-0.0136,3,3,TRANSIT,3,exit,18.0000,-1.5000,-5.2500,2.5254,20.1648,0.0643,vision,0.1600,-0.1321,0.0000,-0.0425,true,0.6522,-0.4719,-0.0208,0.0081,0.0000
