time,x,y,z,yaw_deg,onboard_gate_id,onboard_active_gate_id,onboard_phase,referee_active_gate_id,target_name,target_x,target_y,target_z,distance_to_gate,bearing_error,vertical_error,command_surge,command_sway,command_heave,command_yaw
0.000,-5.0000,-0.0000,-5.0000,-0.0000,1,1,TRACK,1,sonar,0.0000,0.0000,-5.2500,5.0062,0.0000,-0.2500,1.0000,0.0000,-0.1125,0.0000
0.033,-4.9968,-0.0000,-5.0003,-0.0000,1,1,TRACK,1,sonar,0.0000,0.0000,-5.2500,5.0031,0.0000,-0.2497,1.0000,0.0000,-0.1123,0.0000
0.067,-4.9906,-0.0000,-5.0010,-0.0000,1,1,TRACK,1,sonar,0.0000,0.0000,-5.2500,4.9968,0.0000,-0.2490,1.0000,0.0000,-0.1121,0.0000
0.100,-4.9814,-0.0000,-5.0020,-0.0000,1,1,TRACK,1,sonar,0.0000,0.0000,-5.2500,4.9876,0.0000,-0.2480,1.0000,0.0000,-0.1116,0.0000
0.133,-4.9694,-0.0000,-5.0032,-0.0000,1,1,TRACK,1,sonar,0.0000,0.0000,-5.2500,4.9755,0.0000,-0.2468,1.0000,0.0000,-0.1110,0.0000
0.167,-4.9546,-0.0000,-5.0048,-0.0000,1,1,TRACK,1,sonar,0.0000,0.0000,-5.2500,4.9606,0.0000,-0.2452,1.0000,0.0000,-0.1103,0.0000
0.200,-4.9372,-0.0000,-5.0066,-0.0000,1,1,TRACK,1,sonar,0.0000,0.0000,-5.2500,4.9431,0.0000,-0.2434,1.0000,0.0000,-0.1095,0.0000
0.233,-4.9172,-0.0000,-5.0087,-0.0000,1,1,TRACK,1,sonar,0.0000,0.0000,-5.2500,4.9231,0.0000,-0.2413,1.0000,0.0000,-0.1086,0.0000
0.267,-4.8948,-0.0000,-5.0111,-0.0000,1,1,TRACK,1,sonar,0.0000,0.0000,-5.2500,4.9006,0.0000,-0.2389,1.0000,0.0000,-0.1075,0.0000
0.300,-4.8700,-0.0000,-5.0137,-0.0000,1,1,TRACK,1,sonar,0.0000,0.0000,-5.2500,4.8757,0.0000,-0.2363,1.0000,0.0000,-0.1064,0.0000
0.333,-4.8430,-0.0000,-5.0165,-0.0000,1,1,TRACK,1,sonar,0.0000,0.0000,-5.2500,4.8486,0.0000,-0.2335,1.0000,0.0000,-0.1051,0.0000
0.367,-4.8138,-0.0000,-5.0195,-0.0000,1,1,TRACK,1,sonar,0.0000,0.0000,-5.2500,4.8193,0.0000,-0.2305,1.0000,0.0000,-0.1037,0.0000
0.400,-4.7826,-0.0000,-5.0227,-0.0000,1,1,TRACK,1,sonar,0.0000,0.0000,-5.2500,4.7880,0.0000,-0.2273,1.0000,0.0000,-0.1023,0.0000
0.433,-4.7493,-0.0000,-5.0261,-0.0000,1,1,TRACK,1,sonar,0.0000,0.0000,-5.2500,4.7546,0.0000,-0.2239,1.0000,0.0000,-0.1008,0.0000
0.467,-4.7142,-0.0000,-5.0296,-0.0000,1,1,TRACK,1,sonar,0.0000,0.0000,-5.2500,4.7194,0.0000,-0.2204,1.0000,0.0000,-0.0992,0.0000
0.500,-4.6773,-0.0000,-5.0333,-0.0000,1,1,TRACK,1,sonar,0.0000,0.0000,-5.2500,4.6823,0.0000,-0.2167,1.0000,0.0000,-0.0975,0.0000
0.533,-4.6386,-0.0000,-5.0372,-0.0000,1,1,TRACK,1,sonar,0.0000,0.0000,-5.2500,4.6435,0.0000,-0.2128,1.0000,0.0000,-0.0958,0.0000
0.567,-4.5983,-0.0000,-5.0412,-0.0000,1,1,TRACK,1,sonar,0.0000,0.0000,-5.2500,4.6030,0.0000,-0.2088,1.0000,0.0000,-0.0940,0.0000
0.600,-4.5564,-0.0000,-5.0453,-0.0000,1,1,TRACK,1,sonar,0.0000,0.0000,-5.2500,4.5610,0.0000,-0.2047,1.0000,0.0000,-0.0921,0.0000
0.633,-4.5130,-0.0000,-5.0496,-0.0000,1,1,TRACK,1,sonar,0.0000,0.0000,-5.2500,4.5175,0.0000,-0.2004,1.0000,0.0000,-0.0902,0.0000
0.667,-4.4682,-0.0000,-5.0539,-0.0000,1,1,TRACK,1,sonar,0.0000,0.0000,-5.2500,4.4725,0.0000,-0.1961,1.0000,0.0000,-0.0882,0.0000
0.700,-4.4220,-0.0000,-5.0583,-0.0000,1,1,TRACK,1,sonar,0.0000,0.0000,-5.2500,4.4261,0.0000,-0.1917,1.0000,0.0000,-0.0862,0.0000
0.733,-4.3744,-0.0000,-5.0628,-0.0000,1,1,TRACK,1,sonar,0.0000,0.0000,-5.2500,4.3784,0.0000,-0.1872,1.0000,0.0000,-0.0842,0.0000
0.767,-4.3257,-0.0000,-5.0674,-0.0000,1,1,TRACK,1,sonar,0.0000,0.0000,-5.2500,4.3295,0.0000,-0.1826,1.0000,0.0000,-0.0822,0.0000
0.800,-4.2757,-0.0000,-5.0720,-0.0000,1,1,TRACK,1,sonar,0.0000,0.0000,-5.2500,4.2794,0.0000,-0.1780,1.0000,0.0000,-0.0801,0.0000
0.833,-4.2246,-0.0000,-5.0767,-0.0000,1,1,TRACK,1,sonar,0.0000,0.0000,-5.2500,4.2282,0.0000,-0.1733,1.0000,0.0000,-0.0780,0.0000
0.867,-4.1725,-0.0000,-5.0815,-0.0000,1,1,TRACK,1,sonar,0.0000,0.0000,-5.2500,4.1759,0.0000,-0.1685,1.0000,0.0000,-0.0758,0.0000
0.900,-4.1193,-0.0000,-5.0862,-0.0000,1,1,TRACK,1,sonar,0.0000,0.0000,-5.2500,4.1226,0.0000,-0.1638,1.0000,0.0000,-0.0737,0.0000
0.933,-4.0652,-0.0000,-5.0910,-0.0000,1,1,TRACK,1,sonar,0.0000,0.0000,-5.2500,4.0683,0.0000,-0.1590,1.0000,0.0000,-0.0716,0.0000
0.967,-4.0101,-0.0000,-5.0958,-0.0000,1,1,TRACK,1,sonar,0.0000,0.0000,-5.2500,4.0131,0.0000,-0.1542,1.0000,0.0000,-0.0694,0.0000
1.000,-3.9542,-0.0000,-5.1006,-0.0000,1,1,TRACK,1,sonar,0.0000,0.0000,-5.2500,3.9570,0.0000,-0.1494,1.0000,0.0000,-0.0672,0.0000
1.033,-3.8974,-0.0000,-5.1054,-0.0000,1,1,TRACK,1,sonar,0.0000,0.0000,-5.2500,3.9001,0.0000,-0.1446,1.0000,0.0000,-0.0651,0.0000
1.067,-3.8399,-0.0000,-5.1102,-0.0000,1,1,TRACK,1,sonar,0.0000,0.0000,-5.2500,3.8424,0.0000,-0.1398,1.0000,0.0000,-0.0629,0.0000
1.100,-3.7816,-0.0000,-5.1150,-0.0000,1,1,TRACK,1,sonar,0.0000,0.0000,-5.2500,3.7840,0.0000,-0.1350,1.0000,0.0000,-0.0608,0.0000
1.133,-3.7226,-0.0000,-5.1197,-0.0000,1,1,TRACK,1,sonar,0.0000,0.0000,-5.2500,3.7248,0.0000,-0.1303,1.0000,0.0000,-0.0586,0.0000
1.167,-3.6629,-0.0000,-5.1245,-0.0000,1,1,TRACK,1,sonar,0.0000,0.0000,-5.2500,3.6650,0.0000,-0.1255,1.0000,0.0000,-0.0565,0.0000
1.200,-3.6025,-0.0000,-5.1292,-0.0000,1,1,TRACK,1,sonar,0.0000,0.0000,-5.2500,3.6046,0.0000,-0.1208,1.0000,0.0000,-0.0544,0.0000
1.233,-3.5416,-0.0000,-5.1338,-0.0000,1,1,TRACK,1,sonar,0.0000,0.0000,-5.2500,3.5435,0.0000,-0.1162,1.0000,0.0000,-0.0523,0.0000
1.267,-3.4801,-0.0000,-5.1385,-0.0000,1,1,TRACK,1,sonar,0.0000,0.0000,-5.2500,3.4819,0.0000,-0.1115,1.0000,0.0000,-0.0502,0.0000
1.300,-3.4180,-0.0000,-5.1430,-0.0000,1,1,TRACK,1,sonar,0.0000,0.0000,-5.2500,3.4197,0.0000,-0.1070,1.0000,0.0000,-0.0481,0.0000
1.333,-3.3554,-0.0000,-5.1476,-0.0000,1,1,TRACK,1,sonar,0.0000,0.0000,-5.2500,3.3570,0.0000,-0.1024,1.0000,0.0000,-0.0461,0.0000
1.367,-3.2923,-0.0000,-5.1520,-0.0000,1,1,TRACK,1,sonar,0.0000,0.0000,-5.2500,3.2938,0.0000,-0.0980,1.0000,0.0000,-0.0441,0.0000
1.400,-3.2288,-0.0000,-5.1564,-0.0000,1,1,TRACK,1,sonar,0.0000,0.0000,-5.2500,3.2302,0.0000,-0.0936,1.0000,0.0000,-0.0421,0.0000
1.433,-3.1648,-0.0000,-5.1608,-0.0000,1,1,TRACK,1,sonar,0.0000,0.0000,-5.2500,3.1661,0.0000,-0.0892,1.0000,0.0000,-0.0401,0.0000
1.467,-3.1004,-0.0000,-5.1651,-0.0000,1,1,TRACK,1,sonar,0.0000,0.0000,-5.2500,3.1016,0.0000,-0.0849,1.0000,0.0000,-0.0382,0.0000
1.500,-3.0356,-0.0000,-5.1693,-0.0000,1,1,TRACK,1,sonar,0.0000,0.0000,-5.2500,3.0367,0.0000,-0.0807,1.0000,0.0000,-0.0363,0.0000
1.533,-2.9704,-0.0000,-5.1734,-0.0000,1,1,TRACK,1,sonar,0.0000,0.0000,-5.2500,2.9714,0.0000,-0.0766,1.0000,0.0000,-0.0345,0.0000
1.567,-2.9049,-0.0000,-5.1775,-0.0000,1,1,TRACK,1,sonar,0.0000,0.0000,-5.2500,2.9058,0.0000,-0.0725,1.0000,0.0000,-0.0326,0.0000
1.600,-2.8391,-0.0000,-5.1815,-0.0000,1,1,TRACK,1,sonar,0.0000,0.0000,-5.2500,2.8399,0.0000,-0.0685,0.9940,0.0000,-0.0308,0.0000
1.633,-2.7729,-0.0000,-5.1854,-0.0000,1,1,TRACK,1,sonar,0.0000,0.0000,-5.2500,2.7736,0.0000,-0.0646,0.9708,0.0000,-0.0291,0.0000
1.667,-2.7065,-0.0000,-5.1892,-0.0000,1,1,TRACK,1,sonar,0.0000,0.0000,-5.2500,2.7072,0.0000,-0.0608,0.9475,0.0000,-0.0274,0.0000
1.700,-2.6400,-0.0000,-5.1929,-0.0000,1,1,TRACK,1,sonar,0.0000,0.0000,-5.2500,2.6406,0.0000,-0.0571,0.9242,0.0000,-0.0257,0.0000
1.733,-2.5735,-0.0000,-5.1966,-0.0000,1,1,TRACK,1,sonar,0.0000,0.0000,-5.2500,2.5740,0.0000,-0.0534,0.9009,0.0000,-0.0240,0.0000
1.767,-2.5070,-0.0000,-5.2001,-0.0000,1,1,TRACK,1,sonar,0.0000,0.0000,-5.2500,2.5074,0.0000,-0.0499,0.8776,0.0000,-0.0224,0.0000
1.800,-2.4405,-0.0000,-5.2036,-0.0000,1,1,TRACK,1,sonar,0.0000,0.0000,-5.2500,2.4410,0.0000,-0.0464,0.8543,0.0000,-0.0209,0.0000
1.833,-2.3743,-0.0000,-5.2070,-0.0000,1,1,TRACK,1,sonar,0.0000,0.0000,-5.2500,2.3747,0.0000,-0.0430,0.8311,0.0000,-0.0193,0.0000
1.867,-2.3083,-0.0000,-5.2103,-0.0000,1,1,TRACK,1,sonar,0.0000,0.0000,-5.2500,2.3086,0.0000,-0.0397,0.8080,0.0000,-0.0179,0.0000
1.900,-2.2426,-0.0000,-5.2135,-0.0000,1,1,TRACK,1,sonar,0.0000,0.0000,-5.2500,2.2429,0.0000,-0.0365,0.7850,0.0000,-0.0164,0.0000
1.933,-2.1772,-0.0000,-5.2166,-0.0000,1,1,TRACK,1,sonar,0.0000,0.0000,-5.2500,2.1775,0.0000,-0.0334,0.7621,0.0000,-0.0150,0.0000
1.967,-2.1123,-0.0000,-5.2197,-0.0000,1,1,TRACK,1,sonar,0.0000,0.0000,-5.2500,2.1125,0.0000,-0.0303,0.7394,0.0000,-0.0137,0.0000
2.000,-2.0478,-0.0000,-5.2226,-0.0000,1,1,TRACK,1,sonar,0.0000,0.0000,-5.2500,2.0480,0.0000,-0.0274,0.7168,0.0000,-0.0123,0.0000
2.033,-1.9838,-0.0000,-5.2255,-0.0000,1,1,TRACK,1,sonar,0.0000,0.0000,-5.2500,1.9840,0.0000,-0.0245,0.6944,0.0000,-0.0110,0.0000
2.067,-1.9204,-0.0000,-5.2282,-0.0000,1,1,TRACK,1,sonar,0.0000,0.0000,-5.2500,1.9205,0.0000,-0.0218,0.6722,0.0000,-0.0098,0.0000
2.100,-1.8575,-0.0000,-5.2309,-0.0000,1,1,TRACK,1,sonar,0.0000,0.0000,-5.2500,1.8576,0.0000,-0.0191,0.6502,0.0000,-0.0086,0.0000
2.133,-1.7953,-0.0000,-5.2335,-0.0000,1,1,TRACK,1,sonar,0.0000,0.0000,-5.2500,1.7954,0.0000,-0.0165,0.6284,0.0000,-0.0074,0.0000
2.167,-1.7338,-0.0000,-5.2360,-0.0000,1,1,TRACK,1,sonar,0.0000,0.0000,-5.2500,1.7338,0.0000,-0.0140,0.6068,0.0000,-0.0063,0.0000
2.200,-1.6729,-0.0000,-5.2384,-0.0000,1,1,TRACK,1,sonar,0.0000,0.0000,-5.2500,1.6730,0.0000,-0.0116,0.5855,0.0000,-0.0052,0.0000
2.233,-1.6128,-0.0000,-5.2407,-0.0000,1,1,TRACK,1,sonar,0.0000,0.0000,-5.2500,1.6129,0.0000,-0.0093,0.5645,0.0000,-0.0042,0.0000
2.267,-1.5535,-0.0000,-5.2429,-0.0000,1,1,TRACK,1,sonar,0.0000,0.0000,-5.2500,1.5535,0.0000,-0.0071,0.5437,0.0000,-0.0032,0.0000
2.300,-1.4949,-0.0000,-5.2451,-0.0000,1,1,TRACK,1,sonar,0.0000,0.0000,-5.2500,1.4949,0.0000,-0.0049,0.5232,0.0000,-0.0022,0.0000
2.333,-1.4372,-0.0000,-5.2471,-0.0000,1,1,TRACK,1,sonar,0.0000,0.0000,-5.2500,1.4372,0.0000,-0.0029,0.5030,0.0000,-0.0013,0.0000
2.367,-1.3802,-0.0000,-5.2491,-0.0000,1,1,TRACK,1,sonar,0.0000,0.0000,-5.2500,1.3802,0.0000,-0.0009,0.4831,0.0000,-0.0004,0.0000
2.400,-1.3242,-0.0000,-5.2510,-0.0000,1,1,TRACK,1,sonar,0.0000,0.0000,-5.2500,1.3242,0.0000,0.0010,0.4635,0.0000,0.0005,0.0000
2.433,-1.2690,-0.0000,-5.2528,-0.0000,1,1,TRACK,1,sonar,0.0000,0.0000,-5.2500,1.2690,0.0000,0.0028,0.4441,0.0000,0.0013,0.0000
2.467,-1.2147,-0.0000,-5.2546,-0.0000,1,1,TRACK,1,sonar,0.0000,0.0000,-5.2500,1.2147,0.0000,0.0046,0.4251,0.0000,0.0021,0.0000
2.500,-1.1613,-0.0000,-5.2563,-0.0000,1,1,TRACK,1,sonar,0.0000,0.0000,-5.2500,1.1613,0.0000,0.0063,0.4065,0.0000,0.0028,0.0000
2.533,-1.1088,-0.0000,-5.2578,-0.0000,1,1,TRACK,1,sonar,0.0000,0.0000,-5.2500,1.1088,0.0000,0.0078,0.3881,0.0000,0.0035,0.0000
2.567,-1.0573,-0.0000,-5.2593,-0.0000,1,1,TRACK,1,sonar,0.0000,0.0000,-5.2500,1.0573,0.0000,0.0093,0.3701,0.0000,0.0042,0.0000
2.600,-1.0067,-0.0000,-5.2608,-0.0000,1,1,TRACK,1,sonar,0.0000,0.0000,-5.2500,1.0067,0.0000,0.0108,0.3524,0.0000,0.0049,0.0000
2.633,-0.9570,-0.0000,-5.2621,-0.0000,1,1,TRACK,1,sonar,0.0000,0.0000,-5.2500,0.9571,0.0000,0.0121,0.3350,0.0000,0.0055,0.0000
2.667,-0.9084,-0.0000,-5.2634,-0.0000,1,1,TRACK,1,sonar,0.0000,0.0000,-5.2500,0.9085,0.0000,0.0134,0.3180,0.0000,0.0060,0.0000
2.700,-0.8607,-0.0000,-5.2646,-0.0000,1,1,TRACK,1,sonar,0.0000,0.0000,-5.2500,0.8608,0.0000,0.0146,0.3013,0.0000,0.0066,0.0000
2.733,-0.8139,-0.0000,-5.2658,-0.0000,1,1,TRACK,1,sonar,0.0000,0.0000,-5.2500,0.8141,0.0000,0.0158,0.2849,0.0000,0.0071,0.0000
2.767,-0.7682,-0.0000,-5.2669,-0.0000,1,1,TRACK,1,sonar,0.0000,0.0000,-5.2500,0.7684,0.0000,0.0169,0.2583,0.0000,0.0076,0.0000
2.800,-0.7235,-0.0000,-5.2679,-0.0000,1,1,TRACK,1,sonar,0.0000,0.0000,-5.2500,0.7237,0.0000,0.0179,0.2291,0.0000,0.0081,0.0000
2.833,-0.6798,-0.0000,-5.2688,-0.0000,1,1,REACHED,1,sonar,0.0000,0.0000,-5.2500,0.6801,0.0000,0.0188,0.2024,0.0000,0.0085,0.0000
2.867,-0.6373,-0.0000,-5.2697,-0.0000,1,1,REACHED,1,sonar,0.0000,0.0000,-5.2500,0.6376,0.0000,0.0197,0.2000,0.0000,0.0089,0.0000
2.900,-0.5958,-0.0000,-5.2706,-0.0000,1,1,REACHED,1,sonar,0.0000,0.0000,-5.2500,0.5961,0.0000,0.0206,0.2000,0.0000,0.0093,0.0000
2.933,-0.5553,-0.0000,-5.2713,-0.0000,1,1,REACHED,1,sonar,0.0000,0.0000,-5.2500,0.5557,0.0000,0.0213,0.2000,0.0000,0.0096,0.0000
2.967,-0.5158,-0.0000,-5.2720,-0.0000,1,1,REACHED,1,sonar,0.0000,0.0000,-5.2500,0.5163,0.0000,0.0220,0.2000,0.0000,0.0099,0.0000
3.000,-0.4772,-0.0000,-5.2727,-0.0000,1,1,REACHED,1,sonar,0.0000,0.0000,-5.2500,0.4777,0.0000,0.0227,0.2000,0.0000,0.0102,0.0000
3.033,-0.4395,-0.0000,-5.2733,-0.0000,1,1,REACHED,1,sonar,0.0000,0.0000,-5.2500,0.4401,0.0000,0.0233,0.2000,0.0000,0.0105,0.0000
3.067,-0.4026,-0.0000,-5.2738,-0.0000,1,1,REACHED,1,sonar,0.0000,0.0000,-5.2500,0.4033,0.0000,0.0238,0.2000,0.0000,0.0107,0.0000
3.100,-0.3665,-0.0000,-5.2743,-0.0000,1,1,REACHED,1,sonar,0.0000,0.0000,-5.2500,0.3673,0.0000,0.0243,0.2000,0.0000,0.0109,0.0000
3.133,-0.3312,-0.0000,-5.2747,-0.0000,1,1,REACHED,1,sonar,0.0000,0.0000,-5.2500,0.3321,0.0000,0.0247,0.2000,0.0000,0.0111,0.0000
3.167,-0.2966,-0.0000,-5.2751,-0.0000,1,1,REACHED,1,sonar,0.0000,0.0000,-5.2500,0.2976,0.0000,0.0251,0.2000,0.0000,0.0113,0.0000
3.200,-0.2627,-0.0000,-5.2755,-0.0000,1,1,REACHED,1,sonar,0.0000,0.0000,-5.2500,0.2639,0.0000,0.0255,0.2000,0.0000,0.0115,0.0000
3.233,-0.2295,-0.0000,-5.2757,-0.0000,1,1,REACHED,1,sonar,0.0000,0.0000,-5.2500,0.2309,0.0000,0.0257,0.2000,0.0000,0.0116,0.0000
3.267,-0.1969,-0.0000,-5.2760,-0.0000,1,1,REACHED,1,sonar,0.0000,0.0000,-5.2500,0.1986,0.0000,0.0260,0.2000,0.0000,0.0117,0.0000
3.300,-0.1649,-0.0000,-5.2762,-0.0000,1,1,REACHED,1,sonar,0.0000,0.0000,-5.2500,0.1670,0.0000,0.0262,0.2000,0.0000,0.0118,0.0000
3.333,-0.1335,-0.0000,-5.2763,-0.0000,1,1,REACHED,1,sonar,0.0000,0.0000,-5.2500,0.1361,0.0000,0.0263,0.2000,0.0000,0.0119,0.0000
3.367,-0.1027,-0.0000,-5.2765,-0.0000,1,1,REACHED,1,sonar,0.0000,0.0000,-5.2500,0.1061,0.0000,0.0265,0.2000,0.0000,0.0119,0.0000
3.400,-0.0724,-0.0000,-5.2765,-0.0000,1,1,REACHED,1,sonar,0.0000,0.0000,-5.2500,0.0771,0.0000,0.0265,0.2000,0.0000,0.0119,0.0000
3.433,-0.0427,-0.0000,-5.2766,-0.0000,1,1,REACHED,1,sonar,0.0000,0.0000,-5.2500,0.0502,0.0000,0.0266,0.2000,0.0000,0.0120,0.0000
3.467,-0.0134,-0.0000,-5.2766,-0.0000,1,1,REACHED,1,sonar,0.0000,0.0000,-5.2500,0.0297,0.0000,0.0266,0.2000,0.0000,0.0120,0.0000
3.500,0.0154,-0.0000,-5.2765,-0.0000,1,1,REACHED,2,sonar,0.0000,0.0000,-5.2500,0.0307,-180.0000,0.0265,0.2000,-0.0000,0.0119,0.0000
3.533,0.0438,-0.0000,-5.2765,-0.0000,1,1,REACHED,2,sonar,0.0000,0.0000,-5.2500,0.0512,-180.0000,0.0265,0.2000,-0.0000,0.0119,0.0000
3.567,0.0717,-0.0000,-5.2763,-0.0000,1,1,REACHED,2,sonar,0.0000,0.0000,-5.2500,0.0764,-180.0000,0.0263,0.2000,-0.0000,0.0119,0.0000
3.600,0.0992,-0.0000,-5.2762,-0.0000,1,1,REACHED,2,sonar,0.0000,0.0000,-5.2500,0.1026,-180.0000,0.0262,0.2000,-0.0000,0.0118,0.0000
3.633,0.1263,-0.0000,-5.2760,-0.0000,1,1,REACHED,2,sonar,0.0000,0.0000,-5.2500,0.1290,-180.0000,0.0260,0.2000,-0.0000,0.0117,0.0000
3.667,0.1531,-0.0000,-5.2759,-0.0000,1,1,REACHED,2,sonar,0.0000,0.0000,-5.2500,0.1552,-180.0000,0.0259,0.2000,-0.0000,0.0116,0.0000
3.700,0.1794,-0.0000,-5.2756,-0.0000,1,1,REACHED,2,sonar,0.0000,0.0000,-5.2500,0.1813,-180.0000,0.0256,0.2000,-0.0000,0.0115,0.0000
3.733,0.2055,-0.0000,-5.2754,-0.0000,1,1,REACHED,2,sonar,0.0000,0.0000,-5.2500,0.2070,-180.0000,0.0254,0.2000,-0.0000,0.0114,0.0000
3.767,0.2311,-0.0000,-5.2751,-0.0000,1,1,REACHED,2,sonar,0.0000,0.0000,-5.2500,0.2325,-180.0000,0.0251,0.2000,-0.0000,0.0113,0.0000
3.800,0.2565,-0.0000,-5.2748,-0.0000,1,1,REACHED,2,sonar,0.0000,0.0000,-5.2500,0.2577,-180.0000,0.0248,0.2000,-0.0000,0.0112,0.0000
3.833,0.2815,-0.0000,-5.2745,-0.0000,1,1,REACHED,2,sonar,0.0000,0.0000,-5.2500,0.2826,-180.0000,0.0245,0.2000,-0.0000,0.0110,0.0000
3.867,0.3063,-0.0000,-5.2742,-0.0000,1,1,REACHED,2,sonar,0.0000,0.0000,-5.2500,0.3073,-180.0000,0.0242,0.2000,-0.0000,0.0109,0.0000
3.900,0.3308,-0.0000,-5.2738,-0.0000,1,1,REACHED,2,sonar,0.0000,0.0000,-5.2500,0.3316,-180.0000,0.0238,0.2000,-0.0000,0.0107,0.0000
3.933,0.3550,-0.0000,-5.2734,-0.0000,1,1,REACHED,2,sonar,0.0000,0.0000,-5.2500,0.3557,-180.0000,0.0234,0.2000,-0.0000,0.0105,0.0000
3.967,0.3789,-0.0000,-5.2730,-0.0000,1,1,REACHED,2,sonar,0.0000,0.0000,-5.2500,0.3796,-180.0000,0.0230,0.2000,-0.0000,0.0104,0.0000
4.000,0.4026,-0.0000,-5.2726,-0.0000,1,1,REACHED,2,sonar,0.0000,0.0000,-5.2500,0.4032,-180.0000,0.0226,0.2000,-0.0000,0.0102,0.0000
4.033,0.4261,-0.0000,-5.2722,-0.0000,1,1,REACHED,2,sonar,0.0000,0.0000,-5.2500,0.4266,-180.0000,0.0222,0.2000,-0.0000,0.0100,0.0000
4.067,0.4493,-0.0000,-5.2717,-0.0000,2,2,TRACK,2,sonar,6.0000,2.0000,-5.2500,5.9001,19.8147,0.0217,1.0000,0.5500,0.0098,0.0300
4.100,0.4742,0.0006,-5.2713,0.0048,2,2,TRACK,2,sonar,6.0000,2.0000,-5.2500,5.8764,19.8871,0.0213,1.0000,0.5500,0.0096,0.0600
4.133,0.5008,0.0017,-5.2708,0.0189,2,2,TRACK,2,sonar,6.0000,2.0000,-5.2500,5.8510,19.9511,0.0208,1.0000,0.5500,0.0094,0.0871
4.167,0.5290,0.0034,-5.2703,0.0465,2,2,TRACK,2,sonar,6.0000,2.0000,-5.2500,5.8239,20.0027,0.0203,1.0000,0.5500,0.0092,0.0873
4.200,0.5588,0.0056,-5.2699,0.0872,2,2,TRACK,2,sonar,6.0000,2.0000,-5.2500,5.7952,20.0423,0.0199,1.0000,0.5500,0.0089,0.0875
4.233,0.5900,0.0083,-5.2694,0.1408,2,2,TRACK,2,sonar,6.0000,2.0000,-5.2500,5.7650,20.0702,0.0194,1.0000,0.5500,0.0087,0.0876
4.267,0.6226,0.0115,-5.2689,0.2069,2,2,TRACK,2,sonar,6.0000,2.0000,-5.2500,5.7333,20.0866,0.0189,1.0000,0.5500,0.0085,0.0876
4.300,0.6565,0.0152,-5.2683,0.2853,2,2,TRACK,2,sonar,6.0000,2.0000,-5.2500,5.7002,20.0920,0.0183,1.0000,0.5500,0.0083,0.0877
4.333,0.6917,0.0193,-5.2678,0.3756,2,2,TRACK,2,sonar,6.0000,2.0000,-5.2500,5.6658,20.0867,0.0178,1.0000,0.5500,0.0080,0.0876
4.367,0.7282,0.0239,-5.2673,0.4775,2,2,TRACK,2,sonar,6.0000,2.0000,-5.2500,5.6301,20.0709,0.0173,1.0000,0.5500,0.0078,0.0876
4.400,0.7658,0.0288,-5.2668,0.5908,2,2,TRACK,2,sonar,6.0000,2.0000,-5.2500,5.5931,20.0450,0.0168,1.0000,0.5500,0.0076,0.0875
4.433,0.8045,0.0343,-5.2663,0.7151,2,2,TRACK,2,sonar,6.0000,2.0000,-5.2500,5.5550,20.0094,0.0163,1.0000,0.5500,0.0073,0.0873
4.467,0.8443,0.0401,-5.2657,0.8501,2,2,TRACK,2,sonar,6.0000,2.0000,-5.2500,5.5157,19.9642,0.0157,1.0000,0.5500,0.0071,0.0871
4.500,0.8851,0.0463,-5.2652,0.9956,2,2,TRACK,2,sonar,6.0000,2.0000,-5.2500,5.4754,19.9098,0.0152,1.0000,0.5500,0.0069,0.0869
4.533,0.9269,0.0528,-5.2647,1.1512,2,2,TRACK,2,sonar,6.0000,2.0000,-5.2500,5.4340,19.8465,0.0147,1.0000,0.5500,0.0066,0.0866
4.567,0.9695,0.0598,-5.2642,1.3166,2,2,TRACK,2,sonar,6.0000,2.0000,-5.2500,5.3917,19.7745,0.0142,1.0000,0.5500,0.0064,0.0863
4.600,1.0131,0.0671,-5.2637,1.4916,2,2,TRACK,2,sonar,6.0000,2.0000,-5.2500,5.3484,19.6943,0.0137,1.0000,0.5500,0.0061,0.0859
4.633,1.0575,0.0748,-5.2631,1.6758,2,2,TRACK,2,sonar,6.0000,2.0000,-5.2500,5.3043,19.6060,0.0131,1.0000,0.5500,0.0059,0.0855
4.667,1.1026,0.0828,-5.2626,1.8690,2,2,TRACK,2,sonar,6.0000,2.0000,-5.2500,5.2593,19.5099,0.0126,1.0000,0.5500,0.0057,0.0851
4.700,1.1486,0.0912,-5.2621,2.0709,2,2,TRACK,2,sonar,6.0000,2.0000,-5.2500,5.2135,19.4064,0.0121,1.0000,0.5500,0.0054,0.0847
4.733,1.1952,0.0999,-5.2616,2.2811,2,2,TRACK,2,sonar,6.0000,2.0000,-5.2500,5.1669,19.2956,0.0116,1.0000,0.5500,0.0052,0.0842
4.767,1.2425,0.1089,-5.2611,2.4994,2,2,TRACK,2,sonar,6.0000,2.0000,-5.2500,5.1196,19.1779,0.0111,1.0000,0.5500,0.0050,0.0837
4.800,1.2905,0.1183,-5.2606,2.7255,2,2,TRACK,2,sonar,6.0000,2.0000,-5.2500,5.0716,19.0535,0.0106,1.0000,0.5500,0.0048,0.0831
4.833,1.3390,0.1280,-5.2601,2.9592,2,2,TRACK,2,sonar,6.0000,2.0000,-5.2500,5.0229,18.9227,0.0101,1.0000,0.5500,0.0045,0.0826
4.867,1.3881,0.1380,-5.2596,3.2000,2,2,TRACK,2,sonar,6.0000,2.0000,-5.2500,4.9736,18.7856,0.0096,1.0000,0.5500,0.0043,0.0820
4.900,1.4378,0.1484,-5.2591,3.4479,2,2,TRACK,2,sonar,6.0000,2.0000,-5.2500,4.9236,18.6427,0.0091,1.0000,0.5500,0.0041,0.0813
4.933,1.4880,0.1590,-5.2587,3.7025,2,2,TRACK,2,sonar,6.0000,2.0000,-5.2500,4.8731,18.4940,0.0087,1.0000,0.5500,0.0039,0.0807
4.967,1.5387,0.1700,-5.2582,3.9634,2,2,TRACK,2,sonar,6.0000,2.0000,-5.2500,4.8221,18.3399,0.0082,1.0000,0.5500,0.0037,0.0800
5.000,1.5898,0.1812,-5.2578,4.2306,2,2,TRACK,2,sonar,6.0000,2.0000,-5.2500,4.7705,18.1806,0.0078,1.0000,0.5500,0.0035,0.0793
5.033,1.6414,0.1928,-5.2573,4.5036,2,2,TRACK,2,sonar,6.0000,2.0000,-5.2500,4.7184,18.0163,0.0073,1.0000,0.5500,0.0033,0.0786
5.067,1.6933,0.2047,-5.2569,4.7823,2,2,TRACK,2,sonar,6.0000,2.0000,-5.2500,4.6659,17.8472,0.0069,1.0000,0.5500,0.0031,0.0779
5.100,1.7457,0.2169,-5.2564,5.0664,2,2,TRACK,2,sonar,6.0000,2.0000,-5.2500,4.6129,17.6736,0.0064,1.0000,0.5500,0.0029,0.0771
5.133,1.7984,0.2294,-5.2560,5.3555,2,2,TRACK,2,sonar,6.0000,2.0000,-5.2500,4.5595,17.4956,0.0060,1.0000,0.5500,0.0027,0.0763
5.167,1.8514,0.2422,-5.2556,5.6496,2,2,TRACK,2,sonar,6.0000,2.0000,-5.2500,4.5056,17.3135,0.0056,1.0000,0.5500,0.0025,0.0755
5.200,1.9048,0.2553,-5.2552,5.9482,2,2,TRACK,2,sonar,6.0000,2.0000,-5.2500,4.4514,17.1275,0.0052,1.0000,0.5500,0.0023,0.0747
5.233,1.9584,0.2687,-5.2548,6.2513,2,2,TRACK,2,sonar,6.0000,2.0000,-5.2500,4.3968,16.9377,0.0048,1.0000,0.5500,0.0022,0.0739
5.267,2.0123,0.2824,-5.2544,6.5585,2,2,TRACK,2,sonar,6.0000,2.0000,-5.2500,4.3419,16.7445,0.0044,1.0000,0.5500,0.0020,0.0731
5.300,2.0665,0.2964,-5.2541,6.8696,2,2,TRACK,2,sonar,6.0000,2.0000,-5.2500,4.2866,16.5479,0.0041,1.0000,0.5494,0.0018,0.0722
5.333,2.1209,0.3107,-5.2537,7.1843,2,2,TRACK,2,sonar,6.0000,2.0000,-5.2500,4.2310,16.3481,0.0037,1.0000,0.5359,0.0017,0.0713
5.367,2.1756,0.3253,-5.2534,7.5025,2,2,TRACK,2,sonar,6.0000,2.0000,-5.2500,4.1750,16.1456,0.0034,1.0000,0.5224,0.0015,0.0704
5.400,2.2304,0.3402,-5.2530,7.8239,2,2,TRACK,2,sonar,6.0000,2.0000,-5.2500,4.1188,15.9408,0.0030,1.0000,0.5090,0.0014,0.0696
5.433,2.2856,0.3554,-5.2527,8.1483,2,2,TRACK,2,sonar,6.0000,2.0000,-5.2500,4.0623,15.7341,0.0027,1.0000,0.4957,0.0012,0.0687
5.467,2.3409,0.3708,-5.2524,8.4755,2,2,TRACK,2,sonar,6.0000,2.0000,-5.2500,4.0054,15.5259,0.0024,1.0000,0.4825,0.0011,0.0677
5.500,2.3965,0.3864,-5.2521,8.8052,2,2,TRACK,2,sonar,6.0000,2.0000,-5.2500,3.9483,15.3166,0.0021,1.0000,0.4693,0.0009,0.0668
5.533,2.4523,0.4023,-5.2518,9.1373,2,2,TRACK,2,sonar,6.0000,2.0000,-5.2500,3.8909,15.1066,0.0018,1.0000,0.4563,0.0008,0.0659
5.567,2.5083,0.4185,-5.2515,9.4715,2,2,TRACK,2,sonar,6.0000,2.0000,-5.2500,3.8331,14.8963,0.0015,1.0000,0.4434,0.0007,0.0650
5.600,2.5646,0.4348,-5.2512,9.8077,2,2,TRACK,2,sonar,6.0000,2.0000,-5.2500,3.7751,14.6862,0.0012,1.0000,0.4307,0.0005,0.0641
5.633,2.6211,0.4514,-5.2509,10.1456,2,2,TRACK,2,sonar,6.0000,2.0000,-5.2500,3.7169,14.4765,0.0009,1.0000,0.4181,0.0004,0.0632
5.667,2.6778,0.4682,-5.2507,10.4851,2,2,TRACK,2,sonar,6.0000,2.0000,-5.2500,3.6583,14.2678,0.0007,1.0000,0.4057,0.0003,0.0623
5.700,2.7347,0.4853,-5.2504,10.8260,2,2,TRACK,2,sonar,6.0000,2.0000,-5.2500,3.5995,14.0603,0.0004,1.0000,0.3935,0.0002,0.0613
5.733,2.7919,0.5025,-5.2502,11.1681,2,2,TRACK,2,sonar,6.0000,2.0000,-5.2500,3.5404,13.8545,0.0002,1.0000,0.3815,0.0001,0.0605
5.767,2.8492,0.5199,-5.2499,11.5112,2,2,TRACK,2,sonar,6.0000,2.0000,-5.2500,3.4811,13.6508,-0.0001,1.0000,0.3697,-0.0000,0.0596
5.800,2.9068,0.5376,-5.2497,11.8551,2,2,TRACK,2,sonar,6.0000,2.0000,-5.2500,3.4215,13.4495,-0.0003,1.0000,0.3581,-0.0001,0.0587
5.833,2.9646,0.5554,-5.2495,12.1998,2,2,TRACK,2,sonar,6.0000,2.0000,-5.2500,3.3616,13.2511,-0.0005,1.0000,0.3467,-0.0002,0.0578
5.867,3.0226,0.5734,-5.2493,12.5450,2,2,TRACK,2,sonar,6.0000,2.0000,-5.2500,3.3015,13.0560,-0.0007,1.0000,0.3356,-0.0003,0.0570
5.900,3.0808,0.5916,-5.2491,12.8906,2,2,TRACK,2,sonar,6.0000,2.0000,-5.2500,3.2412,12.8645,-0.0009,1.0000,0.3247,-0.0004,0.0561
5.933,3.1392,0.6100,-5.2489,13.2365,2,2,TRACK,2,sonar,6.0000,2.0000,-5.2500,3.1806,12.6771,-0.0011,1.0000,0.3141,-0.0005,0.0553
5.967,3.1978,0.6286,-5.2488,13.5825,2,2,TRACK,2,sonar,6.0000,2.0000,-5.2500,3.1197,12.4942,-0.0012,1.0000,0.3037,-0.0006,0.0545
6.000,3.2566,0.6474,-5.2486,13.9285,2,2,TRACK,2,sonar,6.0000,2.0000,-5.2500,3.0587,12.3163,-0.0014,1.0000,0.2936,-0.0006,0.0537
6.033,3.3156,0.6664,-5.2484,14.2744,2,2,TRACK,2,sonar,6.0000,2.0000,-5.2500,2.9974,12.1437,-0.0016,1.0000,0.2837,-0.0007,0.0530
6.067,3.3748,0.6856,-5.2483,14.6200,2,2,TRACK,2,sonar,6.0000,2.0000,-5.2500,2.9359,11.9769,-0.0017,1.0000,0.2742,-0.0008,0.0523
6.100,3.4342,0.7049,-5.2482,14.9652,2,2,TRACK,2,sonar,6.0000,2.0000,-5.2500,2.8741,11.8164,-0.0018,0.9846,0.2648,-0.0008,0.0516
6.133,3.4937,0.7245,-5.2480,15.3100,2,2,TRACK,2,sonar,6.0000,2.0000,-5.2500,2.8122,11.6621,-0.0020,0.9639,0.2558,-0.0009,0.0509
6.167,3.5533,0.7443,-5.2479,15.6543,2,2,TRACK,2,sonar,6.0000,2.0000,-5.2500,2.7501,11.5137,-0.0021,0.9432,0.2470,-0.0009,0.0502
6.200,3.6130,0.7644,-5.2478,15.9979,2,2,TRACK,2,sonar,6.0000,2.0000,-5.2500,2.6878,11.3709,-0.0022,0.9223,0.2385,-0.0010,0.0496
6.233,3.6728,0.7847,-5.2477,16.3407,2,2,TRACK,2,sonar,6.0000,2.0000,-5.2500,2.6255,11.2332,-0.0023,0.9013,0.2302,-0.0010,0.0490
6.267,3.7325,0.8053,-5.2476,16.6828,2,2,TRACK,2,sonar,6.0000,2.0000,-5.2500,2.5630,11.1004,-0.0024,0.8803,0.2221,-0.0011,0.0484
6.300,3.7921,0.8262,-5.2475,17.0240,2,2,TRACK,2,sonar,6.0000,2.0000,-5.2500,2.5005,10.9720,-0.0025,0.8592,0.2142,-0.0011,0.0479
6.333,3.8517,0.8475,-5.2474,17.3674,2,2,TRACK,2,sonar,6.0000,2.0000,-5.2500,2.4379,10.8447,-0.0026,0.8380,0.2064,-0.0012,0.0473
6.367,3.9111,0.8690,-5.2473,17.7173,2,2,TRACK,2,sonar,6.0000,2.0000,-5.2500,2.3754,10.7142,-0.0027,0.8169,0.1987,-0.0012,0.0467
6.400,3.9703,0.8909,-5.2473,18.0732,2,2,TRACK,2,sonar,6.0000,2.0000,-5.2500,2.3130,10.5812,-0.0027,0.7958,0.1911,-0.0012,0.0462
6.433,4.0292,0.9129,-5.2472,18.4349,2,2,TRACK,2,sonar,6.0000,2.0000,-5.2500,2.2507,10.4463,-0.0028,0.7747,0.1836,-0.0013,0.0456
6.467,4.0879,0.9352,-5.2472,18.8019,2,2,TRACK,2,sonar,6.0000,2.0000,-5.2500,2.1886,10.3103,-0.0028,0.7537,0.1763,-0.0013,0.0450
6.500,4.1461,0.9576,-5.2471,19.1741,2,2,TRACK,2,sonar,6.0000,2.0000,-5.2500,2.1269,10.1737,-0.0029,0.7327,0.1691,-0.0013,0.0444
6.533,4.2039,0.9802,-5.2471,19.5510,2,2,TRACK,2,sonar,6.0000,2.0000,-5.2500,2.0654,10.0373,-0.0029,0.7118,0.1620,-0.0013,0.0438
6.567,4.2613,1.0029,-5.2470,19.9324,2,2,TRACK,2,sonar,6.0000,2.0000,-5.2500,2.0043,9.9019,-0.0030,0.6911,0.1551,-0.0013,0.0432
6.600,4.3182,1.0256,-5.2470,20.3179,2,2,TRACK,2,sonar,6.0000,2.0000,-5.2500,1.9437,9.7680,-0.0030,0.6704,0.1484,-0.0014,0.0426
6.633,4.3745,1.0485,-5.2470,20.7074,2,2,TRACK,2,sonar,6.0000,2.0000,-5.2500,1.8835,9.6364,-0.0030,0.6499,0.1419,-0.0014,0.0420
6.667,4.4303,1.0714,-5.2470,21.1004,2,2,TRACK,2,sonar,6.0000,2.0000,-5.2500,1.8238,9.5081,-0.0030,0.6296,0.1356,-0.0014,0.0415
6.700,4.4855,1.0943,-5.2469,21.4967,2,2,TRACK,2,sonar,6.0000,2.0000,-5.2500,1.7647,9.3836,-0.0031,0.6094,0.1295,-0.0014,0.0409
6.733,4.5400,1.1172,-5.2469,21.8961,2,2,TRACK,2,sonar,6.0000,2.0000,-5.2500,1.7062,9.2640,-0.0031,0.5894,0.1236,-0.0014,0.0404
6.767,4.5938,1.1400,-5.2469,22.2984,2,2,TRACK,2,sonar,6.0000,2.0000,-5.2500,1.6483,9.1501,-0.0031,0.5696,0.1180,-0.0014,0.0399
6.800,4.6470,1.1629,-5.2469,22.7032,2,2,TRACK,2,sonar,6.0000,2.0000,-5.2500,1.5911,9.0427,-0.0031,0.5500,0.1125,-0.0014,0.0395
6.833,4.6994,1.1856,-5.2469,23.1104,2,2,TRACK,2,sonar,6.0000,2.0000,-5.2500,1.5345,8.9430,-0.0031,0.5306,0.1073,-0.0014,0.0390
6.867,4.7511,1.2083,-5.2469,23.5199,2,2,TRACK,2,sonar,6.0000,2.0000,-5.2500,1.4787,8.8519,-0.0031,0.5114,0.1024,-0.0014,0.0386
6.900,4.8020,1.2309,-5.2469,23.9313,2,2,TRACK,2,sonar,6.0000,2.0000,-5.2500,1.4236,8.7706,-0.0031,0.4924,0.0977,-0.0014,0.0383
6.933,4.8522,1.2533,-5.2469,24.3446,2,2,TRACK,2,sonar,6.0000,2.0000,-5.2500,1.3693,8.7003,-0.0031,0.4738,0.0932,-0.0014,0.0380
6.967,4.9015,1.2756,-5.2470,24.7596,2,2,TRACK,2,sonar,6.0000,2.0000,-5.2500,1.3158,8.6422,-0.0030,0.4553,0.0890,-0.0014,0.0377
7.000,4.9500,1.2978,-5.2470,25.1761,2,2,TRACK,2,sonar,6.0000,2.0000,-5.2500,1.2632,8.5978,-0.0030,0.4371,0.0850,-0.0014,0.0375
7.033,4.9977,1.3198,-5.2470,25.5942,2,2,TRACK,2,sonar,6.0000,2.0000,-5.2500,1.2113,8.5686,-0.0030,0.4192,0.0812,-0.0013,0.0374
7.067,5.0446,1.3416,-5.2470,26.0136,2,2,TRACK,2,sonar,6.0000,2.0000,-5.2500,1.1603,8.5563,-0.0030,0.4016,0.0777,-0.0013,0.0373
7.100,5.0905,1.3633,-5.2471,26.4344,2,2,TRACK,2,sonar,6.0000,2.0000,-5.2500,1.1102,8.5627,-0.0029,0.3842,0.0744,-0.0013,0.0374
7.133,5.1357,1.3847,-5.2471,26.8565,2,2,TRACK,2,sonar,6.0000,2.0000,-5.2500,1.0610,8.5899,-0.0029,0.3672,0.0713,-0.0013,0.0375
7.167,5.1799,1.4059,-5.2471,27.2799,2,2,TRACK,2,sonar,6.0000,2.0000,-5.2500,1.0127,8.6402,-0.0029,0.3504,0.0685,-0.0013,0.0377
7.200,5.2233,1.4269,-5.2472,27.7048,2,2,TRACK,2,sonar,6.0000,2.0000,-5.2500,0.9653,8.7162,-0.0028,0.3339,0.0658,-0.0013,0.0380
7.233,5.2658,1.4477,-5.2472,28.1310,2,2,TRACK,2,sonar,6.0000,2.0000,-5.2500,0.9188,8.8208,-0.0028,0.3178,0.0634,-0.0013,0.0385
7.267,5.3073,1.4682,-5.2472,28.5588,2,2,TRACK,2,sonar,6.0000,2.0000,-5.2500,0.8733,8.9573,-0.0028,0.3019,0.0612,-0.0012,0.0391
7.300,5.3480,1.4885,-5.2473,28.9883,2,2,TRACK,2,sonar,6.0000,2.0000,-5.2500,0.8287,9.1296,-0.0027,0.2864,0.0592,-0.0012,0.0398
7.333,5.3878,1.5085,-5.2473,29.4197,2,2,TRACK,2,sonar,6.0000,2.0000,-5.2500,0.7851,9.3420,-0.0027,0.2661,0.0563,-0.0012,0.0408
7.367,5.4267,1.5282,-5.2474,29.8532,2,2,TRACK,2,sonar,6.0000,2.0000,-5.2500,0.7425,9.5995,-0.0026,0.2378,0.0517,-0.0012,0.0419
7.400,5.4646,1.5476,-5.2474,30.2891,2,2,REACHED,2,sonar,6.0000,2.0000,-5.2500,0.7010,9.9078,-0.0026,0.2118,0.0476,-0.0012,0.0432
7.433,5.5015,1.5666,-5.2475,30.7279,2,2,REACHED,2,sonar,6.0000,2.0000,-5.2500,0.6605,10.2738,-0.0025,0.2000,0.0438,-0.0011,0.0448
7.467,5.5375,1.5853,-5.2475,31.1699,2,2,REACHED,2,sonar,6.0000,2.0000,-5.2500,0.6212,10.7057,-0.0025,0.2000,0.0403,-0.0011,0.0467
7.500,5.5725,1.6037,-5.2476,31.6157,2,2,REACHED,2,sonar,6.0000,2.0000,-5.2500,0.5829,11.2142,-0.0024,0.2000,0.0372,-0.0011,0.0489
7.533,5.6067,1.6218,-5.2476,32.0658,2,2,REACHED,2,sonar,6.0000,2.0000,-5.2500,0.5457,11.8123,-0.0024,0.2000,0.0343,-0.0011,0.0515
7.567,5.6400,1.6395,-5.2477,32.5210,2,2,REACHED,2,sonar,6.0000,2.0000,-5.2500,0.5095,12.5157,-0.0023,0.2000,0.0316,-0.0010,0.0546
7.600,5.6725,1.6570,-5.2478,32.9822,2,2,REACHED,2,sonar,6.0000,2.0000,-5.2500,0.4743,13.3441,-0.0022,0.2000,0.0292,-0.0010,0.0582
7.633,5.7042,1.6741,-5.2478,33.4503,2,2,REACHED,2,sonar,6.0000,2.0000,-5.2500,0.4401,14.3217,-0.0022,0.2000,0.0269,-0.0010,0.0000
7.667,5.7352,1.6910,-5.2479,33.9066,2,2,REACHED,2,sonar,6.0000,2.0000,-5.2500,0.4069,15.4994,-0.0021,0.2000,0.0249,-0.0010,0.0000
7.700,5.7656,1.7077,-5.2479,34.3516,2,2,REACHED,2,sonar,6.0000,2.0000,-5.2500,0.3747,16.9174,-0.0021,0.2000,0.0230,-0.0009,0.0000
7.733,5.7952,1.7241,-5.2480,34.7855,2,2,REACHED,2,sonar,6.0000,2.0000,-5.2500,0.3436,18.6276,-0.0020,0.2000,0.0212,-0.0009,0.0000
7.767,5.8242,1.7403,-5.2480,35.2085,2,2,REACHED,2,sonar,6.0000,2.0000,-5.2500,0.3136,20.6969,-0.0020,0.2000,0.0196,-0.0009,0.0000
7.800,5.8526,1.7562,-5.2481,35.6209,2,2,REACHED,2,sonar,6.0000,2.0000,-5.2500,0.2849,23.2125,-0.0019,0.2000,0.0180,-0.0009,0.0000
7.833,5.8803,1.7720,-5.2482,36.0230,2,2,REACHED,2,sonar,6.0000,2.0000,-5.2500,0.2575,26.2885,-0.0018,0.2000,0.0165,-0.0008,0.0000
7.867,5.9075,1.7875,-5.2482,36.4151,2,2,REACHED,2,sonar,6.0000,2.0000,-5.2500,0.2317,30.0721,-0.0018,0.2000,0.0151,-0.0008,0.0000
7.900,5.9342,1.8029,-5.2483,36.7973,2,2,REACHED,2,sonar,6.0000,2.0000,-5.2500,0.2078,34.7491,-0.0017,0.2000,0.0138,-0.0008,0.0000
7.933,5.9604,1.8180,-5.2483,37.1700,2,2,REACHED,2,sonar,6.0000,2.0000,-5.2500,0.1862,40.5402,-0.0017,0.2000,0.0127,-0.0007,0.0000
7.967,5.9860,1.8330,-5.2484,37.5334,2,2,REACHED,2,sonar,6.0000,2.0000,-5.2500,0.1676,47.6737,-0.0016,0.2000,0.0117,-0.0007,0.0000
8.000,6.0112,1.8479,-5.2485,37.8877,2,2,REACHED,3,sonar,6.0000,2.0000,-5.2500,0.1525,56.3083,-0.0015,0.2000,0.0109,-0.0007,0.0000
8.033,6.0359,1.8626,-5.2485,38.2332,2,2,REACHED,3,sonar,6.0000,2.0000,-5.2500,0.1420,66.3897,-0.0015,0.2000,0.0104,-0.0007,0.0000
8.067,6.0601,1.8771,-5.2486,38.5700,2,2,REACHED,3,sonar,6.0000,2.0000,-5.2500,0.1368,77.4950,-0.0014,0.2000,0.0103,-0.0006,0.0000
8.100,6.0839,1.8915,-5.2486,38.8984,2,2,REACHED,3,sonar,6.0000,2.0000,-5.2500,0.1371,88.8320,-0.0014,0.2000,0.0106,-0.0006,0.0000
8.133,6.1073,1.9058,-5.2487,39.2185,2,2,REACHED,3,sonar,6.0000,2.0000,-5.2500,0.1428,99.5150,-0.0013,0.2000,0.0113,-0.0006,0.0000
8.167,6.1303,1.9200,-5.2488,39.5307,2,2,REACHED,3,sonar,6.0000,2.0000,-5.2500,0.1529,108.9246,-0.0012,0.2000,0.0124,-0.0006,0.0000
8.200,6.1529,1.9341,-5.2488,39.8351,2,2,REACHED,3,sonar,6.0000,2.0000,-5.2500,0.1666,116.8420,-0.0012,0.2000,0.0139,-0.0005,0.0000
8.233,6.1752,1.9480,-5.2489,40.1319,2,2,REACHED,3,sonar,6.0000,2.0000,-5.2500,0.1827,123.3440,-0.0011,0.2000,0.0157,-0.0005,0.0000
8.267,6.1970,1.9619,-5.2489,40.4212,2,2,REACHED,3,sonar,6.0000,2.0000,-5.2500,0.2007,128.6388,-0.0011,0.2000,0.0177,-0.0005,0.0000
8.300,6.2186,1.9757,-5.2490,40.7033,2,2,REACHED,3,sonar,6.0000,2.0000,-5.2500,0.2199,132.9569,-0.0010,0.2000,0.0199,-0.0005,0.0000
8.333,6.2397,1.9895,-5.2490,40.9784,2,2,REACHED,3,sonar,6.0000,2.0000,-5.2500,0.2400,136.5028,-0.0010,0.2000,0.0223,-0.0004,0.0000
8.367,6.2606,2.0031,-5.2491,41.2465,2,2,REACHED,3,sonar,6.0000,2.0000,-5.2500,0.2606,139.4424,-0.0009,0.2000,0.0248,-0.0004,0.0000
8.400,6.2811,2.0168,-5.2492,41.5080,2,2,REACHED,3,sonar,6.0000,2.0000,-5.2500,0.2816,141.9050,-0.0008,0.2000,0.0275,-0.0004,0.0000
8.433,6.3012,2.0303,-5.2492,41.7630,2,2,REACHED,3,sonar,6.0000,2.0000,-5.2500,0.3028,143.9904,-0.0008,0.2000,0.0303,-0.0004,0.0000
8.467,6.3211,2.0439,-5.2493,42.0115,2,2,REACHED,3,sonar,6.0000,2.0000,-5.2500,0.3241,145.7749,-0.0007,0.2000,0.0332,-0.0003,0.0000
8.500,6.3406,2.0574,-5.2493,42.2539,2,2,REACHED,3,sonar,6.0000,2.0000,-5.2500,0.3454,147.3172,-0.0007,0.2000,0.0362,-0.0003,0.0000
8.533,6.3599,2.0710,-5.2494,42.4902,2,2,REACHED,3,sonar,6.0000,2.0000,-5.2500,0.3668,148.6630,-0.0006,0.2000,0.0394,-0.0003,0.0000
8.567,6.3788,2.0845,-5.2494,42.7205,2,2,REACHED,3,sonar,6.0000,2.0000,-5.2500,0.3881,149.8479,-0.0006,0.2000,0.0426,-0.0003,0.0000
8.600,6.3975,2.0980,-5.2495,42.9452,2,2,REACHED,3,sonar,6.0000,2.0000,-5.2500,0.4094,150.9003,-0.0005,0.2000,0.0458,-0.0002,0.0000
8.633,6.4158,2.1115,-5.2495,43.1642,2,2,REACHED,3,sonar,6.0000,2.0000,-5.2500,0.4305,151.8424,-0.0005,0.2000,0.0492,-0.0002,0.0000
8.667,6.4339,2.1250,-5.2496,43.3777,2,2,REACHED,3,sonar,6.0000,2.0000,-5.2500,0.4515,152.6924,-0.0004,-0.0793,0.0526,-0.0002,0.0300
8.700,6.4511,2.1379,-5.2496,43.5954,2,2,REACHED,3,sonar,6.0000,2.0000,-5.2500,0.4717,153.4079,-0.0004,-0.0870,0.0560,-0.0002,0.0600
8.733,6.4673,2.1503,-5.2496,43.8267,2,2,REACHED,3,sonar,6.0000,2.0000,-5.2500,0.4909,154.0019,-0.0004,-0.0947,0.0594,-0.0002,0.0900
8.767,6.4826,2.1621,-5.2497,44.0807,2,2,REACHED,3,sonar,6.0000,2.0000,-5.2500,0.5091,154.4828,-0.0003,-0.1023,0.0628,-0.0001,0.1200
8.800,6.4971,2.1733,-5.2497,44.3665,2,2,REACHED,3,sonar,6.0000,2.0000,-5.2500,0.5265,154.8558,-0.0003,-0.1098,0.0662,-0.0001,0.1500
8.833,6.5107,2.1840,-5.2498,44.6926,3,3,TRACK,3,sonar,12.0000,-2.0000,-5.2500,6.9021,-82.0077,-0.0002,0.3359,-0.5500,-0.0001,0.1200
8.867,6.5254,2.1943,-5.2498,45.0486,3,3,TRACK,3,sonar,12.0000,-2.0000,-5.2500,6.8966,-82.5052,-0.0002,0.3148,-0.5500,-0.0001,0.0900
8.900,6.5410,2.2040,-5.2498,45.4243,3,3,TRACK,3,sonar,12.0000,-2.0000,-5.2500,6.8902,-83.0245,-0.0002,0.2929,-0.5500,-0.0001,0.0600
8.933,6.5576,2.2133,-5.2499,45.8096,3,3,TRACK,3,sonar,12.0000,-2.0000,-5.2500,6.8827,-83.5550,-0.0001,0.2704,-0.5500,-0.0001,0.0300
8.967,6.5750,2.2220,-5.2499,46.1947,3,3,TRACK,3,sonar,12.0000,-2.0000,-5.2500,6.8743,-84.0864,-0.0001,0.2479,-0.5500,-0.0000,0.0000
9.000,6.5932,2.2302,-5.2499,46.5703,3,3,TRACK,3,sonar,12.0000,-2.0000,-5.2500,6.8650,-84.6088,-0.0001,0.2257,-0.5500,-0.0000,-0.0300
9.033,6.6120,2.2377,-5.2500,46.9269,3,3,TRACK,3,sonar,12.0000,-2.0000,-5.2500,6.8549,-85.1124,-0.0000,0.2044,-0.5500,-0.0000,-0.0600
9.067,6.6314,2.2447,-5.2500,47.2556,3,3,TRACK,3,sonar,12.0000,-2.0000,-5.2500,6.8439,-85.5878,0.0000,0.2000,-0.5500,0.0000,-0.0900
9.100,6.6514,2.2511,-5.2500,47.5476,3,3,TRACK,3,sonar,12.0000,-2.0000,-5.2500,6.8322,-86.0260,0.0000,0.2000,-0.5500,0.0000,-0.1200
9.133,6.6720,2.2570,-5.2501,47.7942,3,3,TRACK,3,sonar,12.0000,-2.0000,-5.2500,6.8198,-86.4187,0.0001,0.2000,-0.5500,0.0000,-0.1500
9.167,6.6931,2.2623,-5.2501,47.9871,3,3,TRACK,3,sonar,12.0000,-2.0000,-5.2500,6.8066,-86.7576,0.0001,0.2000,-0.5500,0.0000,-0.1800
9.200,6.7148,2.2672,-5.2501,48.1181,3,3,TRACK,3,sonar,12.0000,-2.0000,-5.2500,6.7928,-87.0346,0.0001,0.2000,-0.5500,0.0001,-0.2100
9.233,6.7369,2.2715,-5.2502,48.1792,3,3,TRACK,3,sonar,12.0000,-2.0000,-5.2500,6.7783,-87.2418,0.0002,0.2000,-0.5500,0.0001,-0.2400
9.267,6.7595,2.2754,-5.2502,48.1628,3,3,TRACK,3,sonar,12.0000,-2.0000,-5.2500,6.7632,-87.3715,0.0002,0.2000,-0.5500,0.0001,-0.2500
9.300,6.7826,2.2788,-5.2502,48.0675,3,3,TRACK,3,sonar,12.0000,-2.0000,-5.2500,6.7475,-87.4226,0.0002,0.2000,-0.5500,0.0001,-0.2500
9.333,6.8061,2.2818,-5.2502,47.8953,3,3,TRACK,3,sonar,12.0000,-2.0000,-5.2500,6.7313,-87.3971,0.0002,0.2000,-0.5500,0.0001,-0.2500
9.367,6.8301,2.2843,-5.2502,47.6482,3,3,TRACK,3,sonar,12.0000,-2.0000,-5.2500,6.7144,-87.2968,0.0002,0.2000,-0.5500,0.0001,-0.2500
9.400,6.8544,2.2865,-5.2503,47.3280,3,3,TRACK,3,sonar,12.0000,-2.0000,-5.2500,6.6970,-87.1236,0.0003,0.2000,-0.5500,0.0001,-0.2500
9.433,6.8792,2.2882,-5.2503,46.9365,3,3,TRACK,3,sonar,12.0000,-2.0000,-5.2500,6.6792,-86.8795,0.0003,0.2000,-0.5500,0.0001,-0.2500
9.467,6.9043,2.2895,-5.2503,46.4756,3,3,TRACK,3,sonar,12.0000,-2.0000,-5.2500,6.6608,-86.5661,0.0003,0.2000,-0.5500,0.0001,-0.2500
9.500,6.9298,2.2905,-5.2503,45.9469,3,3,TRACK,3,sonar,12.0000,-2.0000,-5.2500,6.6419,-86.1851,0.0003,0.2000,-0.5500,0.0001,-0.2500
9.533,6.9556,2.2910,-5.2503,45.3522,3,3,TRACK,3,sonar,12.0000,-2.0000,-5.2500,6.6226,-85.7382,0.0003,0.2000,-0.5500,0.0002,-0.2500
9.567,6.9817,2.2911,-5.2504,44.6931,3,3,TRACK,3,sonar,12.0000,-2.0000,-5.2500,6.6028,-85.2270,0.0004,0.2000,-0.5500,0.0002,-0.2500
9.600,7.0082,2.2909,-5.2504,43.9712,3,3,TRACK,3,sonar,12.0000,-2.0000,-5.2500,6.5826,-84.6531,0.0004,0.2147,-0.5500,0.0002,-0.2500
9.633,7.0349,2.2903,-5.2504,43.1882,3,3,TRACK,3,sonar,12.0000,-2.0000,-5.2500,6.5619,-84.0182,0.0004,0.2393,-0.5500,0.0002,-0.2500
9.667,7.0620,2.2894,-5.2504,42.3454,3,3,TRACK,3,sonar,12.0000,-2.0000,-5.2500,6.5408,-83.3246,0.0004,0.2661,-0.5500,0.0002,-0.2500
9.700,7.0895,2.2882,-5.2504,41.4445,3,3,TRACK,3,sonar,12.0000,-2.0000,-5.2500,6.5193,-82.5743,0.0004,0.2949,-0.5500,0.0002,-0.2500
9.733,7.1175,2.2868,-5.2504,40.4868,3,3,TRACK,3,sonar,12.0000,-2.0000,-5.2500,6.4973,-81.7694,0.0004,0.3255,-0.5500,0.0002,-0.2500
9.767,7.1459,2.2852,-5.2504,39.4739,3,3,TRACK,3,sonar,12.0000,-2.0000,-5.2500,6.4749,-80.9120,0.0004,0.3580,-0.5500,0.0002,-0.2500
9.800,7.1749,2.2835,-5.2504,38.4070,3,3,TRACK,3,sonar,12.0000,-2.0000,-5.2500,6.4521,-80.0042,0.0004,0.3920,-0.5500,0.0002,-0.2500
9.833,7.2045,2.2817,-5.2504,37.2875,3,3,TRACK,3,sonar,12.0000,-2.0000,-5.2500,6.4288,-79.0480,0.0004,0.4275,-0.5500,0.0002,-0.2500
9.867,7.2348,2.2799,-5.2505,36.1167,3,3,TRACK,3,sonar,12.0000,-2.0000,-5.2500,6.4050,-78.0453,0.0005,0.4644,-0.5500,0.0002,-0.2500
9.900,7.2658,2.2780,-5.2505,34.8960,3,3,TRACK,3,sonar,12.0000,-2.0000,-5.2500,6.3807,-76.9983,0.0005,0.5024,-0.5500,0.0002,-0.2500
9.933,7.2976,2.2762,-5.2505,33.6266,3,3,TRACK,3,sonar,12.0000,-2.0000,-5.2500,6.3559,-75.9088,0.0005,0.5416,-0.5500,0.0002,-0.2500
9.967,7.3303,2.2744,-5.2505,32.3096,3,3,TRACK,3,sonar,12.0000,-2.0000,-5.2500,6.3306,-74.7788,0.0005,0.5817,-0.5500,0.0002,-0.2500
10.000,7.3639,2.2727,-5.2505,30.9498,3,3,TRACK,3,sonar,12.0000,-2.0000,-5.2500,6.3047,-73.6135,0.0005,0.6225,-0.5500,0.0002,-0.2500
10.033,7.3984,2.2710,-5.2505,29.5611,3,3,TRACK,3,sonar,12.0000,-2.0000,-5.2500,6.2782,-72.4274,0.0005,0.6634,-0.5500,0.0002,-0.2500
10.067,7.4339,2.2695,-5.2505,28.1572,3,3,TRACK,3,sonar,12.0000,-2.0000,-5.2500,6.2512,-71.2346,0.0005,0.7038,-0.5500,0.0002,-0.2500
10.100,7.4704,2.2681,-5.2505,26.7488,3,3,TRACK,3,sonar,12.0000,-2.0000,-5.2500,6.2236,-70.0462,0.0005,0.7434,-0.5500,0.0002,-0.2500
10.133,7.5079,2.2668,-5.2505,25.3359,3,3,TRACK,3,sonar,12.0000,-2.0000,-5.2500,6.1956,-68.8626,0.0005,0.7820,-0.5500,0.0002,-0.2500
10.167,7.5463,2.2657,-5.2505,23.9188,3,3,TRACK,3,sonar,12.0000,-2.0000,-5.2500,6.1670,-67.6840,0.0005,0.8196,-0.5500,0.0002,-0.2500
10.200,7.5857,2.2648,-5.2505,22.4975,3,3,TRACK,3,sonar,12.0000,-2.0000,-5.2500,6.1380,-66.5108,0.0005,0.8563,-0.5500,0.0002,-0.2500
10.233,7.6261,2.2641,-5.2505,21.0720,3,3,TRACK,3,sonar,12.0000,-2.0000,-5.2500,6.1085,-65.3433,0.0005,0.8919,-0.5500,0.0002,-0.2500
10.267,7.6673,2.2635,-5.2505,19.6426,3,3,TRACK,3,sonar,12.0000,-2.0000,-5.2500,6.0786,-64.1817,0.0005,0.9266,-0.5500,0.0002,-0.2500
10.300,7.7095,2.2632,-5.2505,18.2093,3,3,TRACK,3,sonar,12.0000,-2.0000,-5.2500,6.0484,-63.0264,0.0005,0.9602,-0.5500,0.0002,-0.2500
10.333,7.7526,2.2630,-5.2505,16.7722,3,3,TRACK,3,sonar,12.0000,-2.0000,-5.2500,6.0177,-61.8775,0.0005,0.9928,-0.5500,0.0002,-0.2500
10.367,7.7967,2.2630,-5.2505,15.3314,3,3,TRACK,3,sonar,12.0000,-2.0000,-5.2500,5.9867,-60.7353,0.0005,1.0000,-0.5500,0.0002,-0.2500
10.400,7.8416,2.2631,-5.2505,13.8870,3,3,TRACK,3,sonar,12.0000,-2.0000,-5.2500,5.9553,-59.5995,0.0005,1.0000,-0.5500,0.0002,-0.2500
10.433,7.8874,2.2633,-5.2505,12.4391,3,3,TRACK,3,sonar,12.0000,-2.0000,-5.2500,5.9236,-58.4696,0.0005,1.0000,-0.5500,0.0002,-0.2500
10.467,7.9340,2.2634,-5.2505,10.9878,3,3,TRACK,3,sonar,12.0000,-2.0000,-5.2500,5.8914,-57.3452,0.0005,1.0000,-0.5500,0.0002,-0.2500
10.500,7.9813,2.2634,-5.2505,9.5331,3,3,TRACK,3,sonar,12.0000,-2.0000,-5.2500,5.8589,-56.2260,0.0005,1.0000,-0.5500,0.0002,-0.2453
10.533,8.0294,2.2633,-5.2505,8.0759,3,3,TRACK,3,sonar,12.0000,-2.0000,-5.2500,5.8259,-55.1122,0.0005,1.0000,-0.5500,0.0002,-0.2405
10.567,8.0782,2.2630,-5.2505,6.6170,3,3,TRACK,3,sonar,12.0000,-2.0000,-5.2500,5.7925,-54.0042,0.0005,1.0000,-0.5500,0.0002,-0.2356
10.600,8.1276,2.2624,-5.2505,5.1572,3,3,TRACK,3,sonar,12.0000,-2.0000,-5.2500,5.7588,-52.9023,0.0005,1.0000,-0.5500,0.0002,-0.2308
10.633,8.1777,2.2615,-5.2504,3.6973,3,3,TRACK,3,sonar,12.0000,-2.0000,-5.2500,5.7245,-51.8069,0.0004,1.0000,-0.5500,0.0002,-0.2261
10.667,8.2283,2.2602,-5.2504,2.2381,3,3,TRACK,3,sonar,12.0000,-2.0000,-5.2500,5.6899,-50.7182,0.0004,1.0000,-0.5500,0.0002,-0.2213
10.700,8.2794,2.2584,-5.2504,0.7803,3,3,TRACK,3,sonar,12.0000,-2.0000,-5.2500,5.6548,-49.6367,0.0004,1.0000,-0.5500,0.0002,-0.2166
10.733,8.3311,2.2562,-5.2504,-0.6753,3,3,TRACK,3,sonar,12.0000,-2.0000,-5.2500,5.6193,-48.5626,0.0004,1.0000,-0.5500,0.0002,-0.2119
10.767,8.3832,2.2534,-5.2504,-2.1282,3,3,TRACK,3,sonar,12.0000,-2.0000,-5.2500,5.5833,-47.4962,0.0004,1.0000,-0.5500,0.0002,-0.2072
10.800,8.4357,2.2501,-5.2504,-3.5776,3,3,TRACK,3,sonar,12.0000,-2.0000,-5.2500,5.5469,-46.4377,0.0004,1.0000,-0.5500,0.0002,-0.2026
10.833,8.4886,2.2462,-5.2504,-5.0229,3,3,TRACK,3,sonar,12.0000,-2.0000,-5.2500,5.5100,-45.3875,0.0004,1.0000,-0.5500,0.0002,-0.1980
10.867,8.5418,2.2416,-5.2504,-6.4634,3,3,TRACK,3,sonar,12.0000,-2.0000,-5.2500,5.4727,-44.3457,0.0004,1.0000,-0.5500,0.0002,-0.1935
10.900,8.5953,2.2363,-5.2504,-7.8986,3,3,TRACK,3,sonar,12.0000,-2.0000,-5.2500,5.4349,-43.3127,0.0004,1.0000,-0.5500,0.0002,-0.1890
10.933,8.6491,2.2303,-5.2504,-9.3279,3,3,TRACK,3,sonar,12.0000,-2.0000,-5.2500,5.3967,-42.2887,0.0004,1.0000,-0.5500,0.0002,-0.1845
10.967,8.7031,2.2236,-5.2504,-10.7507,3,3,TRACK,3,sonar,12.0000,-2.0000,-5.2500,5.3580,-41.2739,0.0004,1.0000,-0.5500,0.0002,-0.1801
11.000,8.7573,2.2161,-5.2504,-12.1665,3,3,TRACK,3,sonar,12.0000,-2.0000,-5.2500,5.3189,-40.2684,0.0004,1.0000,-0.5500,0.0002,-0.1757
11.033,8.8116,2.2078,-5.2503,-13.5747,3,3,TRACK,3,sonar,12.0000,-2.0000,-5.2500,5.2793,-39.2726,0.0003,1.0000,-0.5500,0.0002,-0.1714
11.067,8.8661,2.1986,-5.2503,-14.9749,3,3,TRACK,3,sonar,12.0000,-2.0000,-5.2500,5.2393,-38.2866,0.0003,1.0000,-0.5500,0.0002,-0.1671
11.100,8.9206,2.1886,-5.2503,-16.3665,3,3,TRACK,3,sonar,12.0000,-2.0000,-5.2500,5.1988,-37.3106,0.0003,1.0000,-0.5500,0.0001,-0.1628
11.133,8.9752,2.1777,-5.2503,-17.7492,3,3,TRACK,3,sonar,12.0000,-2.0000,-5.2500,5.1578,-36.3447,0.0003,1.0000,-0.5500,0.0001,-0.1586
11.167,9.0297,2.1659,-5.2503,-19.1224,3,3,TRACK,3,sonar,12.0000,-2.0000,-5.2500,5.1164,-35.3891,0.0003,1.0000,-0.5500,0.0001,-0.1544
11.200,9.0843,2.1532,-5.2503,-20.4858,3,3,TRACK,3,sonar,12.0000,-2.0000,-5.2500,5.0745,-34.4441,0.0003,1.0000,-0.5500,0.0001,-0.1503
11.233,9.1388,2.1396,-5.2503,-21.8389,3,3,TRACK,3,sonar,12.0000,-2.0000,-5.2500,5.0322,-33.5097,0.0003,1.0000,-0.5500,0.0001,-0.1462
11.267,9.1932,2.1251,-5.2503,-23.1814,3,3,TRACK,3,sonar,12.0000,-2.0000,-5.2500,4.9895,-32.5860,0.0003,1.0000,-0.5500,0.0001,-0.1422
11.300,9.2474,2.1096,-5.2503,-24.5129,3,3,TRACK,3,sonar,12.0000,-2.0000,-5.2500,4.9463,-31.6732,0.0003,1.0000,-0.5500,0.0001,-0.1382
11.333,9.3015,2.0931,-5.2503,-25.8329,3,3,TRACK,3,sonar,12.0000,-2.0000,-5.2500,4.9026,-30.7714,0.0003,1.0000,-0.5500,0.0001,-0.1343
11.367,9.3554,2.0757,-5.2503,-27.1413,3,3,TRACK,3,sonar,12.0000,-2.0000,-5.2500,4.8585,-29.8807,0.0003,1.0000,-0.5500,0.0001,-0.1304
11.400,9.4091,2.0573,-5.2502,-28.4376,3,3,TRACK,3,sonar,12.0000,-2.0000,-5.2500,4.8140,-29.0012,0.0002,1.0000,-0.5500,0.0001,-0.1265
11.433,9.4625,2.0380,-5.2502,-29.7216,3,3,TRACK,3,sonar,12.0000,-2.0000,-5.2500,4.7691,-28.1330,0.0002,1.0000,-0.5500,0.0001,-0.1228
11.467,9.5157,2.0176,-5.2502,-30.9929,3,3,TRACK,3,sonar,12.0000,-2.0000,-5.2500,4.7237,-27.2762,0.0002,1.0000,-0.5500,0.0001,-0.1190
11.500,9.5685,1.9963,-5.2502,-32.2513,3,3,TRACK,3,sonar,12.0000,-2.0000,-5.2500,4.6779,-26.4307,0.0002,1.0000,-0.5500,0.0001,-0.1153
11.533,9.6210,1.9740,-5.2502,-33.4965,3,3,TRACK,3,sonar,12.0000,-2.0000,-5.2500,4.6316,-25.5967,0.0002,1.0000,-0.5500,0.0001,-0.1117
11.567,9.6731,1.9507,-5.2502,-34.7283,3,3,TRACK,3,sonar,12.0000,-2.0000,-5.2500,4.5850,-24.7743,0.0002,1.0000,-0.5500,0.0001,-0.1081
11.600,9.7248,1.9264,-5.2502,-35.9464,3,3,TRACK,3,sonar,12.0000,-2.0000,-5.2500,4.5380,-23.9634,0.0002,1.0000,-0.5500,0.0001,-0.1046
11.633,9.7761,1.9012,-5.2502,-37.1507,3,3,TRACK,3,sonar,12.0000,-2.0000,-5.2500,4.4905,-23.1640,0.0002,1.0000,-0.5500,0.0001,-0.1011
11.667,9.8270,1.8750,-5.2502,-38.3409,3,3,TRACK,3,sonar,12.0000,-2.0000,-5.2500,4.4427,-22.3763,0.0002,1.0000,-0.5500,0.0001,-0.0976
11.700,9.8774,1.8478,-5.2502,-39.5168,3,3,TRACK,3,sonar,12.0000,-2.0000,-5.2500,4.3944,-21.6001,0.0002,1.0000,-0.5500,0.0001,-0.0942
11.733,9.9273,1.8197,-5.2502,-40.6782,3,3,TRACK,3,sonar,12.0000,-2.0000,-5.2500,4.3458,-20.8356,0.0002,1.0000,-0.5500,0.0001,-0.0909
11.767,9.9767,1.7906,-5.2502,-41.8250,3,3,TRACK,3,sonar,12.0000,-2.0000,-5.2500,4.2968,-20.0826,0.0002,1.0000,-0.5500,0.0001,-0.0876
11.800,10.0255,1.7606,-5.2502,-42.9570,3,3,TRACK,3,sonar,12.0000,-2.0000,-5.2500,4.2474,-19.3412,0.0002,1.0000,-0.5500,0.0001,-0.0844
11.833,10.0738,1.7296,-5.2501,-44.0741,3,3,TRACK,3,sonar,12.0000,-2.0000,-5.2500,4.1976,-18.6113,0.0001,1.0000,-0.5500,0.0001,-0.0812
11.867,10.1215,1.6977,-5.2501,-45.1762,3,3,TRACK,3,sonar,12.0000,-2.0000,-5.2500,4.1475,-17.8928,0.0001,1.0000,-0.5500,0.0001,-0.0781
11.900,10.1686,1.6650,-5.2501,-46.2631,3,3,TRACK,3,sonar,12.0000,-2.0000,-5.2500,4.0970,-17.1858,0.0001,1.0000,-0.5448,0.0001,-0.0750
11.933,10.2151,1.6313,-5.2501,-47.3347,3,3,TRACK,3,sonar,12.0000,-2.0000,-5.2500,4.0462,-16.4903,0.0001,1.0000,-0.5168,0.0001,-0.0720
11.967,10.2611,1.5967,-5.2501,-48.3909,3,3,TRACK,3,sonar,12.0000,-2.0000,-5.2500,3.9950,-15.8066,0.0001,1.0000,-0.4897,0.0001,-0.0690
12.000,10.3065,1.5613,-5.2501,-49.4316,3,3,TRACK,3,sonar,12.0000,-2.0000,-5.2500,3.9435,-15.1352,0.0001,1.0000,-0.4633,0.0000,-0.0660
12.033,10.3513,1.5250,-5.2501,-50.4568,3,3,TRACK,3,sonar,12.0000,-2.0000,-5.2500,3.8915,-14.4766,0.0001,1.0000,-0.4378,0.0000,-0.0632
12.067,10.3956,1.4878,-5.2501,-51.4664,3,3,TRACK,3,sonar,12.0000,-2.0000,-5.2500,3.8391,-13.8312,0.0001,1.0000,-0.4130,0.0000,-0.0603
12.100,10.4394,1.4498,-5.2501,-52.4603,3,3,TRACK,3,sonar,12.0000,-2.0000,-5.2500,3.7864,-13.1991,0.0001,1.0000,-0.3891,0.0000,-0.0576
12.133,10.4827,1.4110,-5.2501,-53.4385,3,3,TRACK,3,sonar,12.0000,-2.0000,-5.2500,3.7332,-12.5809,0.0001,1.0000,-0.3659,0.0000,-0.0549
12.167,10.5256,1.3713,-5.2501,-54.4009,3,3,TRACK,3,sonar,12.0000,-2.0000,-5.2500,3.6796,-11.9768,0.0001,1.0000,-0.3436,0.0000,-0.0523
12.200,10.5679,1.3308,-5.2501,-55.3476,3,3,TRACK,3,sonar,12.0000,-2.0000,-5.2500,3.6256,-11.3870,0.0001,1.0000,-0.3221,0.0000,-0.0497
12.233,10.6098,1.2895,-5.2501,-56.2784,3,3,TRACK,3,sonar,12.0000,-2.0000,-5.2500,3.5712,-10.8120,0.0001,1.0000,-0.3015,0.0000,-0.0472
12.267,10.6513,1.2474,-5.2501,-57.1935,3,3,TRACK,3,sonar,12.0000,-2.0000,-5.2500,3.5163,-10.2519,0.0001,1.0000,-0.2816,0.0000,-0.0447
12.300,10.6923,1.2044,-5.2500,-58.0928,3,3,TRACK,3,sonar,12.0000,-2.0000,-5.2500,3.4610,-9.7069,0.0000,1.0000,-0.2626,0.0000,-0.0424
12.333,10.7328,1.1607,-5.2500,-58.9763,3,3,TRACK,3,sonar,12.0000,-2.0000,-5.2500,3.4053,-9.1774,0.0000,1.0000,-0.2444,0.0000,-0.0400
12.367,10.7729,1.1163,-5.2500,-59.8441,3,3,TRACK,3,sonar,12.0000,-2.0000,-5.2500,3.3491,-8.6634,0.0000,1.0000,-0.2270,0.0000,-0.0378
12.400,10.8126,1.0710,-5.2500,-60.6961,3,3,TRACK,3,sonar,12.0000,-2.0000,-5.2500,3.2926,-8.1653,0.0000,1.0000,-0.2104,0.0000,-0.0356
12.433,10.8519,1.0250,-5.2500,-61.5326,3,3,TRACK,3,sonar,12.0000,-2.0000,-5.2500,3.2356,-7.6832,0.0000,1.0000,-0.1947,0.0000,-0.0335
12.467,10.8907,0.9782,-5.2500,-62.3534,3,3,TRACK,3,sonar,12.0000,-2.0000,-5.2500,3.1781,-7.2173,0.0000,1.0000,-0.1797,0.0000,-0.0315
12.500,10.9290,0.9307,-5.2500,-63.1587,3,3,TRACK,3,sonar,12.0000,-2.0000,-5.2500,3.1203,-6.7678,0.0000,1.0000,-0.1655,0.0000,-0.0295
12.533,10.9670,0.8825,-5.2500,-63.9485,3,3,TRACK,3,sonar,12.0000,-2.0000,-5.2500,3.0620,-6.3348,0.0000,1.0000,-0.1520,0.0000,-0.0276
12.567,11.0045,0.8336,-5.2500,-64.7230,3,3,TRACK,3,sonar,12.0000,-2.0000,-5.2500,3.0034,-5.9185,0.0000,1.0000,-0.1394,0.0000,-0.0258
12.600,11.0415,0.7839,-5.2500,-65.4822,3,3,TRACK,3,sonar,12.0000,-2.0000,-5.2500,2.9443,-5.5191,0.0000,1.0000,-0.1274,0.0000,-0.0241
12.633,11.0781,0.7335,-5.2500,-66.2263,3,3,TRACK,3,sonar,12.0000,-2.0000,-5.2500,2.8848,-5.1367,0.0000,1.0000,-0.1162,0.0000,-0.0224
12.667,11.1142,0.6825,-5.2500,-66.9553,3,3,TRACK,3,sonar,12.0000,-2.0000,-5.2500,2.8250,-4.7716,-0.0000,0.9853,-0.1057,-0.0000,0.0000
12.700,11.1499,0.6308,-5.2500,-67.6661,3,3,TRACK,3,sonar,12.0000,-2.0000,-5.2500,2.7647,-4.4266,-0.0000,0.9648,-0.0960,-0.0000,0.0000
12.733,11.1850,0.5785,-5.2500,-68.3591,3,3,TRACK,3,sonar,12.0000,-2.0000,-5.2500,2.7042,-4.1010,-0.0000,0.9440,-0.0870,-0.0000,0.0000
12.767,11.2196,0.5255,-5.2500,-69.0347,3,3,TRACK,3,sonar,12.0000,-2.0000,-5.2500,2.6433,-3.7938,-0.0000,0.9231,-0.0787,-0.0000,0.0000
12.800,11.2536,0.4721,-5.2500,-69.6935,3,3,TRACK,3,sonar,12.0000,-2.0000,-5.2500,2.5823,-3.5050,-0.0000,0.9021,-0.0710,-0.0000,0.0000
12.833,11.2869,0.4181,-5.2500,-70.3359,3,3,TRACK,3,sonar,12.0000,-2.0000,-5.2500,2.5211,-3.2344,-0.0000,0.8810,-0.0640,-0.0000,0.0000
12.867,11.3197,0.3639,-5.2500,-70.9621,3,3,TRACK,3,sonar,12.0000,-2.0000,-5.2500,2.4598,-2.9822,-0.0000,0.8598,-0.0576,-0.0000,0.0000
12.900,11.3518,0.3093,-5.2500,-71.5727,3,3,TRACK,3,sonar,12.0000,-2.0000,-5.2500,2.3986,-2.7483,-0.0000,0.8385,-0.0518,-0.0000,0.0000
12.933,11.3833,0.2546,-5.2500,-72.1681,3,3,TRACK,3,sonar,12.0000,-2.0000,-5.2500,2.3374,-2.5328,-0.0000,0.8173,-0.0465,-0.0000,0.0000
12.967,11.4141,0.1996,-5.2500,-72.7485,3,3,TRACK,3,sonar,12.0000,-2.0000,-5.2500,2.2763,-2.3358,-0.0000,0.7961,-0.0417,-0.0000,0.0000
13.000,11.4442,0.1446,-5.2500,-73.3145,3,3,TRACK,3,sonar,12.0000,-2.0000,-5.2500,2.2155,-2.1574,-0.0000,0.7749,-0.0375,-0.0000,0.0000
13.033,11.4737,0.0896,-5.2500,-73.8663,3,3,TRACK,3,sonar,12.0000,-2.0000,-5.2500,2.1549,-1.9979,-0.0000,0.7537,-0.0338,-0.0000,0.0000
13.067,11.5026,0.0346,-5.2500,-74.4043,3,3,TRACK,3,sonar,12.0000,-2.0000,-5.2500,2.0945,-1.8573,-0.0000,0.7327,-0.0305,-0.0000,0.0000
13.100,11.5307,-0.0203,-5.2500,-74.9289,3,3,TRACK,3,sonar,12.0000,-2.0000,-5.2500,2.0346,-1.7360,-0.0000,0.7118,-0.0277,-0.0000,0.0000
13.133,11.5582,-0.0750,-5.2500,-75.4403,3,3,TRACK,3,sonar,12.0000,-2.0000,-5.2500,1.9750,-1.6342,-0.0000,0.6910,-0.0253,-0.0000,0.0000
13.167,11.5850,-0.1296,-5.2500,-75.9389,3,3,TRACK,3,sonar,12.0000,-2.0000,-5.2500,1.9159,-1.5523,-0.0000,0.6703,-0.0234,-0.0000,0.0000
13.200,11.6112,-0.1839,-5.2500,-76.4251,3,3,TRACK,3,sonar,12.0000,-2.0000,-5.2500,1.8573,-1.4906,-0.0000,0.6498,-0.0217,-0.0000,0.0000
13.233,11.6367,-0.2379,-5.2500,-76.8992,3,3,TRACK,3,sonar,12.0000,-2.0000,-5.2500,1.7992,-1.4497,-0.0000,0.6295,-0.0205,-0.0000,0.0000
13.267,11.6615,-0.2916,-5.2500,-77.3614,3,3,TRACK,3,sonar,12.0000,-2.0000,-5.2500,1.7417,-1.4300,-0.0000,0.6094,-0.0196,-0.0000,0.0000
13.300,11.6856,-0.3449,-5.2500,-77.8120,3,3,TRACK,3,sonar,12.0000,-2.0000,-5.2500,1.6847,-1.4322,-0.0000,0.5895,-0.0189,-0.0000,0.0000
13.333,11.7091,-0.3978,-5.2500,-78.2514,3,3,TRACK,3,sonar,12.0000,-2.0000,-5.2500,1.6284,-1.4569,-0.0000,0.5698,-0.0186,-0.0000,0.0000
13.367,11.7319,-0.4502,-5.2500,-78.6797,3,3,TRACK,3,sonar,12.0000,-2.0000,-5.2500,1.5728,-1.5049,-0.0000,0.5503,-0.0186,-0.0000,0.0000
13.400,11.7540,-0.5022,-5.2500,-79.0974,3,3,TRACK,3,sonar,12.0000,-2.0000,-5.2500,1.5179,-1.5771,-0.0000,0.5311,-0.0188,-0.0000,0.0000
13.433,11.7755,-0.5536,-5.2500,-79.5046,3,3,TRACK,3,sonar,12.0000,-2.0000,-5.2500,1.4637,-1.6744,-0.0000,0.5121,-0.0192,-0.0000,0.0000
13.467,11.7964,-0.6045,-5.2500,-79.9017,3,3,TRACK,3,sonar,12.0000,-2.0000,-5.2500,1.4103,-1.7980,-0.0000,0.4933,-0.0199,-0.0000,0.0000
13.500,11.8166,-0.6548,-5.2500,-80.2888,3,3,TRACK,3,sonar,12.0000,-2.0000,-5.2500,1.3576,-1.9491,-0.0000,0.4749,-0.0208,-0.0000,0.0000
13.533,11.8362,-0.7046,-5.2500,-80.6662,3,3,TRACK,3,sonar,12.0000,-2.0000,-5.2500,1.3057,-2.1292,-0.0000,0.4567,-0.0218,-0.0000,0.0000
13.567,11.8552,-0.7537,-5.2500,-81.0343,3,3,TRACK,3,sonar,12.0000,-2.0000,-5.2500,1.2547,-2.3397,-0.0000,0.4388,-0.0230,-0.0000,0.0000
13.600,11.8683,-0.7768,-5.2500,-83.6071,3,3,TRACK,3,sonar,12.0000,-2.0000,-5.2500,1.2303,-0.2485,-0.0000,0.4306,-0.0024,-0.0000,0.0000
13.633,11.8759,-0.7693,-5.2499,-90.3141,3,3,TRACK,3,sonar,12.0000,-2.0000,-5.2500,1.2369,6.0733,-0.0001,0.4305,0.0589,-0.0000,0.0265
13.667,11.8853,-0.7608,-5.2500,-95.5961,3,3,TRACK,3,sonar,12.0000,-2.0000,-5.2500,1.2445,10.8853,0.0000,0.4277,0.1058,0.0000,0.0475
13.700,11.8947,-0.7501,-5.2501,-98.1878,3,3,TRACK,3,sonar,12.0000,-2.0000,-5.2500,1.2543,13.0019,0.0001,0.4278,0.1270,0.0001,0.0567
13.733,11.9039,-0.7412,-5.2502,-100.6961,3,3,TRACK,3,sonar,12.0000,-2.0000,-5.2500,1.2625,15.0605,0.0002,0.4267,0.1476,0.0001,0.0657
13.767,11.9129,-0.7340,-5.2503,-103.1203,3,3,TRACK,3,sonar,12.0000,-2.0000,-5.2500,1.2690,17.0581,0.0003,0.4246,0.1675,0.0001,0.0744
13.800,11.9215,-0.7284,-5.2503,-105.4600,3,3,TRACK,3,sonar,12.0000,-2.0000,-5.2500,1.2741,18.9923,0.0003,0.4216,0.1866,0.0002,0.0829
13.833,11.9299,-0.7243,-5.2504,-107.7147,3,3,TRACK,3,sonar,12.0000,-2.0000,-5.2500,1.2776,20.8611,0.0004,0.4178,0.2047,0.0002,0.0910
13.867,11.9380,-0.7219,-5.2504,-109.8840,3,3,TRACK,3,sonar,12.0000,-2.0000,-5.2500,1.2797,22.6625,0.0004,0.4133,0.2219,0.0002,0.0989
13.900,11.9462,-0.7202,-5.2505,-111.7052,3,3,TRACK,3,sonar,12.0000,-2.0000,-5.2500,1.2809,24.1104,0.0005,0.4092,0.2355,0.0002,0.1052
13.933,11.9528,-0.7178,-5.2507,-113.0372,3,3,TRACK,3,sonar,12.0000,-2.0000,-5.2500,1.2831,25.1474,0.0007,0.4065,0.2454,0.0003,0.1097
13.967,11.9590,-0.7161,-5.2511,-113.8816,3,3,TRACK,3,sonar,12.0000,-2.0000,-5.2500,1.2845,25.7115,0.0011,0.4051,0.2508,0.0005,0.1122
14.000,11.9635,-0.7148,-5.2517,-114.9031,3,3,TRACK,3,sonar,12.0000,-2.0000,-5.2500,1.2857,26.5314,0.0017,0.4026,0.2584,0.0008,0.1158
14.033,11.9678,-0.7137,-5.2523,-115.4357,3,3,TRACK,3,sonar,12.0000,-2.0000,-5.2500,1.2867,26.8709,0.0023,0.4017,0.2617,0.0010,0.1172
14.067,11.9708,-0.7127,-5.2530,-116.0726,3,3,TRACK,3,sonar,12.0000,-2.0000,-5.2500,1.2876,27.3728,0.0030,0.4002,0.2664,0.0014,0.1194
14.100,11.9738,-0.7123,-5.2536,-116.3649,3,3,TRACK,3,sonar,12.0000,-2.0000,-5.2500,1.2880,27.5325,0.0036,0.3997,0.2679,0.0016,0.1201
14.133,11.9755,-0.7117,-5.2541,-116.7742,3,3,TRACK,3,sonar,12.0000,-2.0000,-5.2500,1.2886,27.8626,0.0041,0.3987,0.2710,0.0019,0.1216
14.167,11.9773,-0.7115,-5.2545,-116.8869,3,3,TRACK,3,sonar,12.0000,-2.0000,-5.2500,1.2887,27.8961,0.0045,0.3986,0.2713,0.0020,0.1217
14.200,11.9781,-0.7112,-5.2548,-117.0841,3,3,TRACK,3,sonar,12.0000,-2.0000,-5.2500,1.2890,28.0555,0.0048,0.3981,0.2728,0.0022,0.1224
14.233,11.9790,-0.7113,-5.2550,-117.0476,3,3,TRACK,3,sonar,12.0000,-2.0000,-5.2500,1.2889,27.9814,0.0050,0.3984,0.2721,0.0023,0.1221
14.267,11.9790,-0.7111,-5.2552,-117.1061,3,3,TRACK,3,sonar,12.0000,-2.0000,-5.2500,1.2890,28.0402,0.0052,0.3982,0.2727,0.0023,0.1223
14.300,11.9790,-0.7114,-5.2552,-116.9701,3,3,TRACK,3,sonar,12.0000,-2.0000,-5.2500,1.2888,27.9032,0.0052,0.3986,0.2714,0.0024,0.1218
14.333,11.9783,-0.7114,-5.2553,-116.9143,3,3,TRACK,3,sonar,12.0000,-2.0000,-5.2500,1.2888,27.8796,0.0053,0.3987,0.2712,0.0024,0.1216
14.367,11.9776,-0.7118,-5.2552,-116.6866,3,3,TRACK,3,sonar,12.0000,-2.0000,-5.2500,1.2884,27.6807,0.0052,0.3993,0.2693,0.0024,0.1208
14.400,11.9763,-0.7120,-5.2552,-116.5658,3,3,TRACK,3,sonar,12.0000,-2.0000,-5.2500,1.2883,27.6205,0.0052,0.3995,0.2688,0.0024,0.1205
14.433,11.9751,-0.7124,-5.2551,-116.2623,3,3,TRACK,3,sonar,12.0000,-2.0000,-5.2500,1.2878,27.3717,0.0051,0.4003,0.2664,0.0023,0.1194
14.467,11.9732,-0.7127,-5.2550,-116.0607,3,3,TRACK,3,sonar,12.0000,-2.0000,-5.2500,1.2876,27.2517,0.0050,0.4006,0.2653,0.0023,0.1189
14.500,11.9715,-0.7133,-5.2548,-115.7093,3,3,TRACK,3,sonar,12.0000,-2.0000,-5.2500,1.2870,26.9774,0.0048,0.4015,0.2627,0.0022,0.1177
14.533,11.9694,-0.7137,-5.2547,-115.4220,3,3,TRACK,3,sonar,12.0000,-2.0000,-5.2500,1.2866,26.7870,0.0047,0.4020,0.2609,0.0021,0.1169
14.567,11.9672,-0.7144,-5.2544,-115.0293,3,3,TRACK,3,sonar,12.0000,-2.0000,-5.2500,1.2861,26.4890,0.0044,0.4029,0.2581,0.0020,0.1156
14.600,11.9648,-0.7150,-5.2542,-114.6665,3,3,TRACK,3,sonar,12.0000,-2.0000,-5.2500,1.2855,26.2343,0.0042,0.4036,0.2557,0.0019,0.1145
14.633,11.9625,-0.7157,-5.2539,-114.2271,3,3,TRACK,3,sonar,12.0000,-2.0000,-5.2500,1.2849,25.9017,0.0039,0.4045,0.2526,0.0018,0.1130
14.667,11.9598,-0.7164,-5.2537,-113.8118,3,3,TRACK,3,sonar,12.0000,-2.0000,-5.2500,1.2842,25.6040,0.0037,0.4053,0.2497,0.0016,0.1117
14.700,11.9573,-0.7172,-5.2534,-113.3312,3,3,TRACK,3,sonar,12.0000,-2.0000,-5.2500,1.2835,25.2388,0.0034,0.4063,0.2463,0.0015,0.1101
14.733,11.9545,-0.7180,-5.2532,-112.8796,3,3,TRACK,3,sonar,12.0000,-2.0000,-5.2500,1.2828,24.9125,0.0032,0.4072,0.2432,0.0014,0.1087
14.767,11.9518,-0.7190,-5.2530,-112.3681,3,3,TRACK,3,sonar,12.0000,-2.0000,-5.2500,1.2819,24.5232,0.0030,0.4082,0.2394,0.0013,0.1070
14.800,11.9489,-0.7199,-5.2528,-111.8846,3,3,TRACK,3,sonar,12.0000,-2.0000,-5.2500,1.2812,24.1708,0.0028,0.4091,0.2361,0.0012,0.1055
14.833,11.9461,-0.7209,-5.2526,-111.3460,3,3,TRACK,3,sonar,12.0000,-2.0000,-5.2500,1.2802,23.7592,0.0026,0.4101,0.2321,0.0012,0.1037
14.867,11.9431,-0.7219,-5.2524,-110.8365,3,3,TRACK,3,sonar,12.0000,-2.0000,-5.2500,1.2794,23.3851,0.0024,0.4110,0.2285,0.0011,0.1020
14.900,11.9404,-0.7231,-5.2521,-110.2356,3,3,TRACK,3,sonar,12.0000,-2.0000,-5.2500,1.2783,22.9098,0.0021,0.4121,0.2239,0.0009,0.1000
14.933,11.9376,-0.7243,-5.2518,-109.6300,3,3,TRACK,3,sonar,12.0000,-2.0000,-5.2500,1.2773,22.4294,0.0018,0.4132,0.2193,0.0008,0.0979
14.967,11.9349,-0.7255,-5.2515,-109.0271,3,3,TRACK,3,sonar,12.0000,-2.0000,-5.2500,1.2762,21.9533,0.0015,0.4143,0.2147,0.0007,0.0958
15.000,11.9322,-0.7268,-5.2512,-108.4081,3,3,TRACK,3,sonar,12.0000,-2.0000,-5.2500,1.2750,21.4574,0.0012,0.4153,0.2099,0.0005,0.0936
15.033,11.9294,-0.7281,-5.2508,-107.7966,3,3,TRACK,3,sonar,12.0000,-2.0000,-5.2500,1.2739,20.9718,0.0008,0.4163,0.2052,0.0004,0.0915
15.067,11.9268,-0.7295,-5.2504,-107.1684,3,3,TRACK,3,sonar,12.0000,-2.0000,-5.2500,1.2727,20.4656,0.0004,0.4173,0.2002,0.0002,0.0893
15.100,11.9241,-0.7308,-5.2500,-106.5494,3,3,TRACK,3,sonar,12.0000,-2.0000,-5.2500,1.2715,19.9717,0.0000,0.4183,0.1954,0.0000,0.0871
15.133,11.9215,-0.7323,-5.2496,-105.9153,3,3,TRACK,3,sonar,12.0000,-2.0000,-5.2500,1.2702,19.4585,-0.0004,0.4192,0.1904,-0.0002,0.0849
15.167,11.9188,-0.7337,-5.2491,-105.2918,3,3,TRACK,3,sonar,12.0000,-2.0000,-5.2500,1.2689,18.9593,-0.0009,0.4200,0.1855,-0.0004,0.0827
15.200,11.9163,-0.7352,-5.2487,-104.6583,3,3,TRACK,3,sonar,12.0000,-2.0000,-5.2500,1.2675,18.4467,-0.0013,0.4208,0.1805,-0.0006,0.0805
15.233,11.9134,-0.7369,-5.2481,-103.9901,3,3,TRACK,3,sonar,12.0000,-2.0000,-5.2500,1.2661,17.9108,-0.0019,0.4217,0.1752,-0.0009,0.0782
15.267,11.9107,-0.7386,-5.2475,-103.3242,3,3,TRACK,3,sonar,12.0000,-2.0000,-5.2500,1.2646,17.3758,-0.0025,0.4224,0.1699,-0.0011,0.0758
15.300,11.9077,-0.7404,-5.2468,-102.6250,3,3,TRACK,3,sonar,12.0000,-2.0000,-5.2500,1.2630,16.8175,-0.0032,0.4231,0.1644,-0.0014,0.0734
15.333,11.9048,-0.7423,-5.2462,-101.9306,3,3,TRACK,3,sonar,12.0000,-2.0000,-5.2500,1.2613,16.2613,-0.0038,0.4238,0.1589,-0.0017,0.0710
15.367,11.9017,-0.7443,-5.2454,-101.1991,3,3,TRACK,3,sonar,12.0000,-2.0000,-5.2500,1.2596,15.6770,-0.0046,0.4244,0.1532,-0.0020,0.0684
15.400,11.8986,-0.7463,-5.2448,-100.4797,3,3,TRACK,3,sonar,12.0000,-2.0000,-5.2500,1.2578,15.1019,-0.0052,0.4250,0.1475,-0.0023,0.0659
15.433,11.8957,-0.7484,-5.2444,-99.7549,3,3,TRACK,3,sonar,12.0000,-2.0000,-5.2500,1.2559,14.5173,-0.0056,0.4255,0.1417,-0.0025,0.0633
15.467,11.8927,-0.7507,-5.2439,-99.0029,3,3,TRACK,3,sonar,12.0000,-2.0000,-5.2500,1.2539,13.9127,-0.0061,0.4260,0.1357,-0.0028,0.0607
15.500,11.8894,-0.7530,-5.2433,-98.2247,3,3,TRACK,3,sonar,12.0000,-2.0000,-5.2500,1.2519,13.2912,-0.0067,0.4264,0.1295,-0.0030,0.0580
15.533,11.8861,-0.7555,-5.2427,-97.4203,3,3,TRACK,3,sonar,12.0000,-2.0000,-5.2500,1.2497,12.6509,-0.0073,0.4268,0.1232,-0.0033,0.0552
15.567,11.8825,-0.7580,-5.2422,-96.5990,3,3,TRACK,3,sonar,12.0000,-2.0000,-5.2500,1.2475,12.0034,-0.0078,0.4271,0.1168,-0.0035,0.0524
15.600,11.8789,-0.7607,-5.2419,-95.7399,3,3,TRACK,3,sonar,12.0000,-2.0000,-5.2500,1.2452,11.3215,-0.0081,0.4273,0.1100,-0.0036,0.0494
15.633,11.8752,-0.7636,-5.2418,-94.8504,3,3,TRACK,3,sonar,12.0000,-2.0000,-5.2500,1.2427,10.6141,-0.0082,0.4275,0.1030,-0.0037,0.0463
15.667,11.8714,-0.7665,-5.2418,-93.9359,3,3,TRACK,3,sonar,12.0000,-2.0000,-5.2500,1.2402,9.8860,-0.0082,0.4276,0.0958,-0.0037,0.0431
15.700,11.8677,-0.7696,-5.2418,-92.9956,3,3,TRACK,3,sonar,12.0000,-2.0000,-5.2500,1.2375,9.1348,-0.0082,0.4276,0.0884,-0.0037,0.0399
15.733,11.8639,-0.7729,-5.2419,-92.0200,3,3,TRACK,3,sonar,12.0000,-2.0000,-5.2500,1.2346,8.3478,-0.0081,0.4275,0.0807,-0.0036,0.0364
15.767,11.8602,-0.7763,-5.2419,-91.0066,3,3,TRACK,3,sonar,12.0000,-2.0000,-5.2500,1.2317,7.5230,-0.0081,0.4274,0.0726,-0.0036,0.0328
15.800,11.8562,-0.7798,-5.2419,-90.0626,3,3,TRACK,3,sonar,12.0000,-2.0000,-5.2500,1.2287,6.7815,-0.0081,0.4270,0.0653,-0.0036,0.0296
15.833,11.8532,-0.7800,-5.2416,-89.3987,3,3,TRACK,3,sonar,12.0000,-2.0000,-5.2500,1.2288,6.2580,-0.0084,0.4275,0.0603,-0.0038,0.0273
15.867,11.8506,-0.7799,-5.2415,-88.7017,3,3,TRACK,3,sonar,12.0000,-2.0000,-5.2500,1.2292,5.6812,-0.0085,0.4281,0.0548,-0.0038,0.0248
15.900,11.8482,-0.7799,-5.2414,-88.0399,3,3,TRACK,3,sonar,12.0000,-2.0000,-5.2500,1.2295,5.1336,-0.0086,0.4286,0.0495,-0.0039,0.0224
15.933,11.8458,-0.7800,-5.2415,-87.4262,3,3,TRACK,3,sonar,12.0000,-2.0000,-5.2500,1.2298,4.6304,-0.0085,0.4290,0.0447,-0.0038,0.0000
15.967,11.8435,-0.7800,-5.2415,-86.8424,3,3,TRACK,3,sonar,12.0000,-2.0000,-5.2500,1.2300,4.1505,-0.0085,0.4294,0.0401,-0.0038,0.0000
16.000,11.8414,-0.7801,-5.2415,-86.2918,3,3,TRACK,3,sonar,12.0000,-2.0000,-5.2500,1.2302,3.6984,-0.0085,0.4297,0.0357,-0.0038,0.0000
16.033,11.8394,-0.7802,-5.2415,-85.7718,3,3,TRACK,3,sonar,12.0000,-2.0000,-5.2500,1.2304,3.2716,-0.0085,0.4299,0.0316,-0.0038,0.0000
16.067,11.8375,-0.7803,-5.2415,-85.2797,3,3,TRACK,3,sonar,12.0000,-2.0000,-5.2500,1.2305,2.8676,-0.0085,0.4301,0.0277,-0.0038,0.0000
16.100,11.8357,-0.7804,-5.2415,-84.8130,3,3,TRACK,3,sonar,12.0000,-2.0000,-5.2500,1.2306,2.4843,-0.0085,0.4303,0.0240,-0.0038,0.0000
16.133,11.8340,-0.7805,-5.2415,-84.3699,3,3,TRACK,3,sonar,12.0000,-2.0000,-5.2500,1.2307,2.1203,-0.0085,0.4305,0.0205,-0.0038,0.0000
16.167,11.8324,-0.7806,-5.2415,-83.9493,3,3,TRACK,3,sonar,12.0000,-2.0000,-5.2500,1.2308,1.7745,-0.0085,0.4306,0.0172,-0.0038,0.0000
16.200,11.8309,-0.7808,-5.2415,-83.5496,3,3,TRACK,3,sonar,12.0000,-2.0000,-5.2500,1.2309,1.4460,-0.0085,0.4307,0.0140,-0.0038,0.0000
16.233,11.8294,-0.7809,-5.2415,-83.1696,3,3,TRACK,3,sonar,12.0000,-2.0000,-5.2500,1.2310,1.1337,-0.0085,0.4308,0.0110,-0.0038,0.0000
16.267,11.8281,-0.7810,-5.2415,-82.8078,3,3,TRACK,3,sonar,12.0000,-2.0000,-5.2500,1.2311,0.8366,-0.0085,0.4308,0.0081,-0.0038,0.0000
16.300,11.8267,-0.7812,-5.2415,-82.4628,3,3,TRACK,3,sonar,12.0000,-2.0000,-5.2500,1.2311,0.5531,-0.0085,0.4309,0.0053,-0.0038,0.0000
16.333,11.8255,-0.7813,-5.2415,-82.1336,3,3,TRACK,3,sonar,12.0000,-2.0000,-5.2500,1.2311,0.2828,-0.0085,0.4309,0.0027,-0.0038,0.0000
16.367,11.8243,-0.7815,-5.2415,-81.8186,3,3,TRACK,3,sonar,12.0000,-2.0000,-5.2500,1.2312,0.0241,-0.0085,0.4309,0.0002,-0.0038,0.0000
16.400,11.8231,-0.7816,-5.2415,-81.5169,3,3,TRACK,3,sonar,12.0000,-2.0000,-5.2500,1.2312,-0.2236,-0.0085,0.4309,-0.0022,-0.0038,0.0000
16.433,11.8220,-0.7817,-5.2415,-81.2273,3,3,TRACK,3,sonar,12.0000,-2.0000,-5.2500,1.2312,-0.4615,-0.0085,0.4309,-0.0045,-0.0038,0.0000
16.467,11.8210,-0.7819,-5.2415,-80.9487,3,3,TRACK,3,sonar,12.0000,-2.0000,-5.2500,1.2312,-0.6904,-0.0085,0.4309,-0.0067,-0.0038,0.0000
16.500,11.8199,-0.7820,-5.2415,-80.6799,3,3,TRACK,3,sonar,12.0000,-2.0000,-5.2500,1.2313,-0.9113,-0.0085,0.4309,-0.0088,-0.0038,0.0000
16.533,11.8190,-0.7821,-5.2415,-80.4207,3,3,TRACK,3,sonar,12.0000,-2.0000,-5.2500,1.2313,-1.1241,-0.0085,0.4309,-0.0109,-0.0038,0.0000
16.567,11.8180,-0.7823,-5.2415,-80.1698,3,3,TRACK,3,sonar,12.0000,-2.0000,-5.2500,1.2313,-1.3302,-0.0085,0.4308,-0.0129,-0.0038,0.0000
16.600,11.8171,-0.7824,-5.2415,-79.9267,3,3,TRACK,3,sonar,12.0000,-2.0000,-5.2500,1.2313,-1.5298,-0.0085,0.4308,-0.0148,-0.0038,0.0000
16.633,11.8162,-0.7826,-5.2415,-79.6904,3,3,TRACK,3,sonar,12.0000,-2.0000,-5.2500,1.2313,-1.7239,-0.0085,0.4307,-0.0167,-0.0038,0.0000
16.667,11.8153,-0.7827,-5.2415,-79.4602,3,3,TRACK,3,sonar,12.0000,-2.0000,-5.2500,1.2313,-1.9129,-0.0085,0.4307,-0.0185,-0.0038,0.0000
16.700,11.8145,-0.7828,-5.2415,-79.2354,3,3,TRACK,3,sonar,12.0000,-2.0000,-5.2500,1.2313,-2.0976,-0.0085,0.4307,-0.0203,-0.0038,0.0000
16.733,11.8136,-0.7830,-5.2415,-79.0150,3,3,TRACK,3,sonar,12.0000,-2.0000,-5.2500,1.2312,-2.2787,-0.0085,0.4306,-0.0220,-0.0038,0.0000
16.767,11.8128,-0.7831,-5.2415,-78.7988,3,3,TRACK,3,sonar,12.0000,-2.0000,-5.2500,1.2312,-2.4563,-0.0085,0.4305,-0.0237,-0.0038,0.0000
16.800,11.8120,-0.7832,-5.2415,-78.5862,3,3,TRACK,3,sonar,12.0000,-2.0000,-5.2500,1.2312,-2.6309,-0.0085,0.4305,-0.0254,-0.0038,0.0000
16.833,11.8112,-0.7834,-5.2415,-78.3765,3,3,TRACK,3,sonar,12.0000,-2.0000,-5.2500,1.2312,-2.8031,-0.0085,0.4304,-0.0271,-0.0038,0.0000
16.867,11.8104,-0.7835,-5.2415,-78.1689,3,3,TRACK,3,sonar,12.0000,-2.0000,-5.2500,1.2312,-2.9736,-0.0085,0.4303,-0.0287,-0.0038,0.0000
16.900,11.8097,-0.7837,-5.2415,-77.9632,3,3,TRACK,3,sonar,12.0000,-2.0000,-5.2500,1.2312,-3.1425,-0.0085,0.4303,-0.0304,-0.0038,0.0000
16.933,11.8089,-0.7838,-5.2415,-77.7586,3,3,TRACK,3,sonar,12.0000,-2.0000,-5.2500,1.2311,-3.3107,-0.0085,0.4302,-0.0320,-0.0038,0.0000
16.967,11.8081,-0.7840,-5.2415,-77.5547,3,3,TRACK,3,sonar,12.0000,-2.0000,-5.2500,1.2311,-3.4781,-0.0085,0.4301,-0.0336,-0.0038,0.0000
17.000,11.8073,-0.7841,-5.2415,-77.3506,3,3,TRACK,3,sonar,12.0000,-2.0000,-5.2500,1.2311,-3.6458,-0.0085,0.4300,-0.0352,-0.0038,0.0000
17.033,11.8066,-0.7843,-5.2415,-77.1466,3,3,TRACK,3,sonar,12.0000,-2.0000,-5.2500,1.2311,-3.8134,-0.0085,0.4299,-0.0368,-0.0038,0.0000
17.067,11.8058,-0.7844,-5.2415,-76.9419,3,3,TRACK,3,sonar,12.0000,-2.0000,-5.2500,1.2310,-3.9816,-0.0085,0.4298,-0.0385,-0.0038,0.0000
17.100,11.8050,-0.7846,-5.2415,-76.7360,3,3,TRACK,3,sonar,12.0000,-2.0000,-5.2500,1.2310,-4.1507,-0.0085,0.4297,-0.0401,-0.0038,0.0000
17.133,11.8043,-0.7848,-5.2415,-76.5283,3,3,TRACK,3,sonar,12.0000,-2.0000,-5.2500,1.2309,-4.3213,-0.0085,0.4296,-0.0417,-0.0038,0.0000
17.167,11.8035,-0.7849,-5.2415,-76.3186,3,3,TRACK,3,sonar,12.0000,-2.0000,-5.2500,1.2309,-4.4936,-0.0085,0.4295,-0.0434,-0.0038,0.0000
17.200,11.8027,-0.7851,-5.2415,-76.1063,3,3,TRACK,3,sonar,12.0000,-2.0000,-5.2500,1.2309,-4.6679,-0.0085,0.4294,-0.0451,-0.0038,0.0000
17.233,11.8019,-0.7853,-5.2415,-75.8910,3,3,TRACK,3,sonar,12.0000,-2.0000,-5.2500,1.2308,-4.8448,-0.0085,0.4292,-0.0468,-0.0038,0.0000
17.267,11.8010,-0.7855,-5.2415,-75.6718,3,3,TRACK,3,sonar,12.0000,-2.0000,-5.2500,1.2308,-5.0251,-0.0085,0.4291,-0.0485,-0.0038,-0.0219
17.300,11.8002,-0.7856,-5.2415,-75.4524,3,3,TRACK,3,sonar,12.0000,-2.0000,-5.2500,1.2307,-5.2053,-0.0085,0.4290,-0.0502,-0.0038,-0.0227
17.333,11.7994,-0.7858,-5.2415,-75.2318,3,3,TRACK,3,sonar,12.0000,-2.0000,-5.2500,1.2306,-5.3865,-0.0085,0.4288,-0.0520,-0.0038,-0.0235
17.367,11.7986,-0.7860,-5.2415,-75.0099,3,3,TRACK,3,sonar,12.0000,-2.0000,-5.2500,1.2306,-5.5689,-0.0085,0.4287,-0.0537,-0.0038,-0.0243
17.400,11.7977,-0.7862,-5.2415,-74.7861,3,3,TRACK,3,sonar,12.0000,-2.0000,-5.2500,1.2305,-5.7528,-0.0085,0.4285,-0.0555,-0.0038,-0.0251
17.433,11.7969,-0.7864,-5.2415,-74.5601,3,3,TRACK,3,sonar,12.0000,-2.0000,-5.2500,1.2305,-5.9385,-0.0085,0.4283,-0.0573,-0.0038,-0.0259
17.467,11.7960,-0.7867,-5.2415,-74.3315,3,3,TRACK,3,sonar,12.0000,-2.0000,-5.2500,1.2304,-6.1263,-0.0085,0.4282,-0.0591,-0.0038,-0.0267
17.500,11.7952,-0.7869,-5.2415,-74.1002,3,3,TRACK,3,sonar,12.0000,-2.0000,-5.2500,1.2303,-6.3164,-0.0085,0.4280,-0.0609,-0.0038,-0.0276
17.533,11.7943,-0.7871,-5.2415,-73.8648,3,3,TRACK,3,sonar,12.0000,-2.0000,-5.2500,1.2302,-6.5100,-0.0085,0.4278,-0.0628,-0.0038,-0.0284
17.567,11.7934,-0.7873,-5.2415,-73.6264,3,3,TRACK,3,sonar,12.0000,-2.0000,-5.2500,1.2302,-6.7059,-0.0085,0.4276,-0.0646,-0.0038,-0.0293
17.600,11.7925,-0.7876,-5.2415,-73.3841,3,3,TRACK,3,sonar,12.0000,-2.0000,-5.2500,1.2301,-6.9051,-0.0085,0.4274,-0.0665,-0.0038,-0.0301
17.633,11.7916,-0.7878,-5.2415,-73.1376,3,3,TRACK,3,sonar,12.0000,-2.0000,-5.2500,1.2300,-7.1077,-0.0085,0.4272,-0.0685,-0.0038,-0.0310
17.667,11.7907,-0.7881,-5.2415,-72.8863,3,3,TRACK,3,sonar,12.0000,-2.0000,-5.2500,1.2299,-7.3142,-0.0085,0.4270,-0.0705,-0.0038,-0.0319
17.700,11.7897,-0.7884,-5.2415,-72.6301,3,3,TRACK,3,sonar,12.0000,-2.0000,-5.2500,1.2298,-7.5248,-0.0085,0.4267,-0.0725,-0.0038,-0.0328
17.733,11.7888,-0.7886,-5.2415,-72.3686,3,3,TRACK,3,sonar,12.0000,-2.0000,-5.2500,1.2297,-7.7398,-0.0085,0.4265,-0.0745,-0.0038,-0.0338
17.767,11.7878,-0.7889,-5.2415,-72.1009,3,3,TRACK,3,sonar,12.0000,-2.0000,-5.2500,1.2296,-7.9601,-0.0085,0.4262,-0.0766,-0.0038,-0.0347
17.800,11.7868,-0.7892,-5.2415,-71.8277,3,3,TRACK,3,sonar,12.0000,-2.0000,-5.2500,1.2294,-8.1847,-0.0085,0.4259,-0.0788,-0.0038,-0.0357
17.833,11.7858,-0.7895,-5.2415,-71.5483,3,3,TRACK,3,sonar,12.0000,-2.0000,-5.2500,1.2293,-8.4145,-0.0085,0.4256,-0.0809,-0.0038,-0.0367
17.867,11.7847,-0.7899,-5.2415,-71.2622,3,3,TRACK,3,sonar,12.0000,-2.0000,-5.2500,1.2292,-8.6497,-0.0085,0.4253,-0.0832,-0.0038,-0.0377
17.900,11.7836,-0.7902,-5.2415,-70.9691,3,3,TRACK,3,sonar,12.0000,-2.0000,-5.2500,1.2290,-8.8908,-0.0085,0.4250,-0.0855,-0.0038,-0.0388
17.933,11.7825,-0.7905,-5.2415,-70.6687,3,3,TRACK,3,sonar,12.0000,-2.0000,-5.2500,1.2289,-9.1379,-0.0085,0.4246,-0.0878,-0.0038,-0.0399
17.967,11.7814,-0.7909,-5.2415,-70.3599,3,3,TRACK,3,sonar,12.0000,-2.0000,-5.2500,1.2287,-9.3921,-0.0085,0.4243,-0.0902,-0.0038,-0.0410
18.000,11.7803,-0.7913,-5.2415,-70.0438,3,3,TRACK,3,sonar,12.0000,-2.0000,-5.2500,1.2286,-9.6522,-0.0085,0.4239,-0.0927,-0.0038,-0.0421
18.033,11.7791,-0.7917,-5.2415,-69.7192,3,3,TRACK,3,sonar,12.0000,-2.0000,-5.2500,1.2284,-9.9192,-0.0085,0.4235,-0.0952,-0.0038,-0.0433
18.067,11.7779,-0.7921,-5.2415,-69.3859,3,3,TRACK,3,sonar,12.0000,-2.0000,-5.2500,1.2282,-10.1935,-0.0085,0.4231,-0.0978,-0.0038,-0.0445
18.100,11.7766,-0.7925,-5.2415,-69.0435,3,3,TRACK,3,sonar,12.0000,-2.0000,-5.2500,1.2280,-10.4752,-0.0085,0.4226,-0.1005,-0.0038,-0.0457
18.133,11.7753,-0.7930,-5.2415,-68.6908,3,3,TRACK,3,sonar,12.0000,-2.0000,-5.2500,1.2278,-10.7657,-0.0085,0.4222,-0.1032,-0.0038,-0.0470
18.167,11.7740,-0.7935,-5.2415,-68.3291,3,3,TRACK,3,sonar,12.0000,-2.0000,-5.2500,1.2275,-11.0634,-0.0085,0.4217,-0.1060,-0.0038,-0.0483
18.200,11.7727,-0.7940,-5.2415,-67.9569,3,3,TRACK,3,sonar,12.0000,-2.0000,-5.2500,1.2273,-11.3699,-0.0085,0.4211,-0.1089,-0.0038,-0.0496
18.233,11.7713,-0.7945,-5.2415,-67.5742,3,3,TRACK,3,sonar,12.0000,-2.0000,-5.2500,1.2270,-11.6850,-0.0085,0.4206,-0.1118,-0.0038,-0.0510
18.267,11.7699,-0.7950,-5.2415,-67.1803,3,3,TRACK,3,sonar,12.0000,-2.0000,-5.2500,1.2268,-12.0095,-0.0085,0.4200,-0.1149,-0.0038,-0.0524
18.300,11.7685,-0.7956,-5.2415,-66.7743,3,3,TRACK,3,sonar,12.0000,-2.0000,-5.2500,1.2265,-12.3441,-0.0085,0.4193,-0.1180,-0.0038,-0.0539
18.333,11.7670,-0.7962,-5.2415,-66.3571,3,3,TRACK,3,sonar,12.0000,-2.0000,-5.2500,1.2262,-12.6878,-0.0085,0.4187,-0.1212,-0.0038,-0.0554
18.367,11.7655,-0.7968,-5.2415,-65.9276,3,3,TRACK,3,sonar,12.0000,-2.0000,-5.2500,1.2258,-13.0418,-0.0085,0.4180,-0.1245,-0.0038,-0.0569
18.400,11.7639,-0.7975,-5.2415,-65.4854,3,3,TRACK,3,sonar,12.0000,-2.0000,-5.2500,1.2255,-13.4063,-0.0085,0.4172,-0.1279,-0.0038,-0.0585
18.433,11.7623,-0.7982,-5.2415,-65.0292,3,3,TRACK,3,sonar,12.0000,-2.0000,-5.2500,1.2251,-13.7826,-0.0085,0.4165,-0.1313,-0.0038,-0.0601
18.467,11.7606,-0.7989,-5.2415,-64.5602,3,3,TRACK,3,sonar,12.0000,-2.0000,-5.2500,1.2247,-14.1694,-0.0085,0.4156,-0.1349,-0.0038,-0.0618
18.500,11.7590,-0.7997,-5.2415,-64.0772,3,3,TRACK,3,sonar,12.0000,-2.0000,-5.2500,1.2243,-14.5678,-0.0085,0.4147,-0.1386,-0.0038,-0.0636
18.533,11.7572,-0.8005,-5.2415,-63.5796,3,3,TRACK,3,sonar,12.0000,-2.0000,-5.2500,1.2239,-14.9784,-0.0085,0.4138,-0.1423,-0.0038,-0.0654
18.567,11.7554,-0.8013,-5.2415,-63.0659,3,3,TRACK,3,sonar,12.0000,-2.0000,-5.2500,1.2234,-15.4025,-0.0085,0.4128,-0.1462,-0.0038,-0.0672
18.600,11.7536,-0.8022,-5.2415,-62.5378,3,3,TRACK,3,sonar,12.0000,-2.0000,-5.2500,1.2229,-15.8385,-0.0085,0.4118,-0.1502,-0.0038,-0.0691
18.633,11.7517,-0.8031,-5.2415,-61.9936,3,3,TRACK,3,sonar,12.0000,-2.0000,-5.2500,1.2224,-16.2880,-0.0085,0.4107,-0.1543,-0.0038,-0.0711
18.667,11.7498,-0.8041,-5.2415,-61.4321,3,3,TRACK,3,sonar,12.0000,-2.0000,-5.2500,1.2218,-16.7520,-0.0085,0.4095,-0.1585,-0.0038,-0.0731
18.700,11.7478,-0.8051,-5.2415,-60.8544,3,3,TRACK,3,sonar,12.0000,-2.0000,-5.2500,1.2213,-17.2295,-0.0085,0.4083,-0.1628,-0.0038,-0.0752
18.733,11.7458,-0.8062,-5.2415,-60.2592,3,3,TRACK,3,sonar,12.0000,-2.0000,-5.2500,1.2206,-17.7216,-0.0085,0.4069,-0.1672,-0.0038,-0.0773
18.767,11.7438,-0.8073,-5.2415,-59.6449,3,3,TRACK,3,sonar,12.0000,-2.0000,-5.2500,1.2200,-18.2299,-0.0085,0.4056,-0.1717,-0.0038,-0.0795
18.800,11.7416,-0.8085,-5.2415,-59.0129,3,3,TRACK,3,sonar,12.0000,-2.0000,-5.2500,1.2192,-18.7530,-0.0085,0.4041,-0.1764,-0.0038,-0.0818
18.833,11.7395,-0.8097,-5.2415,-58.3617,3,3,TRACK,3,sonar,12.0000,-2.0000,-5.2500,1.2185,-19.2921,-0.0085,0.4025,-0.1812,-0.0038,-0.0842
18.867,11.7372,-0.8110,-5.2415,-57.6896,3,3,TRACK,3,sonar,12.0000,-2.0000,-5.2500,1.2177,-19.8490,-0.0085,0.4009,-0.1861,-0.0038,-0.0866
18.900,11.7350,-0.8124,-5.2415,-56.9983,3,3,TRACK,3,sonar,12.0000,-2.0000,-5.2500,1.2168,-20.4220,-0.0085,0.3991,-0.1911,-0.0038,-0.0891
18.933,11.7327,-0.8138,-5.2415,-56.2862,3,3,TRACK,3,sonar,12.0000,-2.0000,-5.2500,1.2159,-21.0125,-0.0085,0.3973,-0.1962,-0.0038,-0.0917
18.967,11.7303,-0.8154,-5.2415,-55.5510,3,3,TRACK,3,sonar,12.0000,-2.0000,-5.2500,1.2150,-21.6227,-0.0085,0.3953,-0.2015,-0.0038,-0.0943
19.000,11.7279,-0.8170,-5.2415,-54.7951,3,3,TRACK,3,sonar,12.0000,-2.0000,-5.2500,1.2140,-22.2504,-0.0085,0.3933,-0.2069,-0.0038,-0.0971
19.033,11.7254,-0.8186,-5.2415,-54.0166,3,3,TRACK,3,sonar,12.0000,-2.0000,-5.2500,1.2129,-22.8973,-0.0085,0.3911,-0.2124,-0.0038,-0.0999
19.067,11.7229,-0.8204,-5.2415,-53.2130,3,3,TRACK,3,sonar,12.0000,-2.0000,-5.2500,1.2118,-23.5656,-0.0085,0.3887,-0.2180,-0.0038,-0.1028
19.100,11.7203,-0.8222,-5.2415,-52.3870,3,3,TRACK,3,sonar,12.0000,-2.0000,-5.2500,1.2105,-24.2531,-0.0085,0.3863,-0.2238,-0.0038,-0.1058
19.133,11.7177,-0.8242,-5.2415,-51.5352,3,3,TRACK,3,sonar,12.0000,-2.0000,-5.2500,1.2093,-24.9626,-0.0085,0.3837,-0.2297,-0.0038,-0.1089
19.167,11.7150,-0.8262,-5.2415,-50.6594,3,3,TRACK,3,sonar,12.0000,-2.0000,-5.2500,1.2079,-25.6927,-0.0085,0.3810,-0.2357,-0.0038,-0.1121
19.200,11.7123,-0.8284,-5.2415,-49.7563,3,3,TRACK,3,sonar,12.0000,-2.0000,-5.2500,1.2065,-26.4462,-0.0085,0.3781,-0.2418,-0.0038,-0.1154
19.233,11.7095,-0.8306,-5.2415,-48.8281,3,3,TRACK,3,sonar,12.0000,-2.0000,-5.2500,1.2049,-27.2215,-0.0085,0.3750,-0.2480,-0.0038,-0.1188
19.267,11.7067,-0.8330,-5.2415,-47.8712,3,3,TRACK,3,sonar,12.0000,-2.0000,-5.2500,1.2033,-28.0217,-0.0085,0.3718,-0.2544,-0.0038,-0.1223
19.300,11.7039,-0.8355,-5.2415,-46.8878,3,3,TRACK,3,sonar,12.0000,-2.0000,-5.2500,1.2016,-28.8448,-0.0085,0.3684,-0.2609,-0.0038,-0.1259
19.333,11.7010,-0.8381,-5.2415,-45.8745,3,3,TRACK,3,sonar,12.0000,-2.0000,-5.2500,1.1998,-29.6940,-0.0085,0.3648,-0.2675,-0.0038,-0.1296
19.367,11.6981,-0.8408,-5.2415,-44.8336,3,3,TRACK,3,sonar,12.0000,-2.0000,-5.2500,1.1979,-30.5675,-0.0085,0.3610,-0.2741,-0.0038,-0.1334
19.400,11.6951,-0.8437,-5.2415,-43.7611,3,3,TRACK,3,sonar,12.0000,-2.0000,-5.2500,1.1959,-31.4685,-0.0085,0.3570,-0.2809,-0.0038,-0.1373
19.433,11.6922,-0.8467,-5.2415,-42.6601,3,3,TRACK,3,sonar,12.0000,-2.0000,-5.2500,1.1937,-32.3951,-0.0085,0.3528,-0.2878,-0.0038,-0.1414
19.467,11.6892,-0.8498,-5.2415,-41.5260,3,3,TRACK,3,sonar,12.0000,-2.0000,-5.2500,1.1915,-33.3507,-0.0085,0.3483,-0.2948,-0.0038,-0.1455
19.500,11.6861,-0.8531,-5.2415,-40.3622,3,3,TRACK,3,sonar,12.0000,-2.0000,-5.2500,1.1891,-34.3331,-0.0085,0.3437,-0.3018,-0.0038,-0.1498
19.533,11.6831,-0.8566,-5.2415,-39.1641,3,3,TRACK,3,sonar,12.0000,-2.0000,-5.2500,1.1866,-35.3459,-0.0085,0.3387,-0.3089,-0.0038,-0.1542
19.567,11.6801,-0.8602,-5.2415,-37.9353,3,3,TRACK,3,sonar,12.0000,-2.0000,-5.2500,1.1839,-36.3868,-0.0085,0.3336,-0.3160,-0.0038,-0.1588
19.600,11.6770,-0.8640,-5.2415,-36.6850,3,3,TRACK,3,sonar,12.0000,-2.0000,-5.2500,1.1811,-37.4436,-0.0085,0.3282,-0.3231,-0.0038,-0.1634
19.633,11.6740,-0.8679,-5.2415,-35.3879,3,3,TRACK,3,sonar,12.0000,-2.0000,-5.2500,1.1781,-38.5469,-0.0085,0.3225,-0.3304,-0.0038,-0.1682
19.667,11.6710,-0.8720,-5.2415,-34.0499,3,3,TRACK,3,sonar,12.0000,-2.0000,-5.2500,1.1750,-39.6882,-0.0085,0.3165,-0.3377,-0.0038,-0.1732
19.700,11.6680,-0.8763,-5.2415,-32.6824,3,3,TRACK,3,sonar,12.0000,-2.0000,-5.2500,1.1717,-40.8571,-0.0085,0.3102,-0.3449,-0.0038,-0.1783
19.733,11.6650,-0.8808,-5.2415,-31.2769,3,3,TRACK,3,sonar,12.0000,-2.0000,-5.2500,1.1683,-42.0607,-0.0085,0.3036,-0.3522,-0.0038,-0.1835
19.767,11.6621,-0.8855,-5.2415,-29.8472,3,3,TRACK,3,sonar,12.0000,-2.0000,-5.2500,1.1646,-43.2865,-0.0085,0.2967,-0.3593,-0.0038,-0.1889
19.800,11.6592,-0.8904,-5.2415,-28.3831,3,3,TRACK,3,sonar,12.0000,-2.0000,-5.2500,1.1608,-44.5432,-0.0085,0.2896,-0.3664,-0.0038,-0.1944
19.833,11.6564,-0.8954,-5.2415,-26.8775,3,3,TRACK,3,sonar,12.0000,-2.0000,-5.2500,1.1568,-45.8423,-0.0085,0.2821,-0.3735,-0.0038,-0.2000
19.867,11.6536,-0.9007,-5.2415,-25.3412,3,3,TRACK,3,sonar,12.0000,-2.0000,-5.2500,1.1526,-47.1689,-0.0085,0.2743,-0.3804,-0.0038,-0.2058
19.900,11.6510,-0.9062,-5.2415,-23.7694,3,3,TRACK,3,sonar,12.0000,-2.0000,-5.2500,1.1482,-48.5320,-0.0085,0.2661,-0.3872,-0.0038,-0.2118
19.933,11.6484,-0.9119,-5.2415,-22.1626,3,3,TRACK,3,sonar,12.0000,-2.0000,-5.2500,1.1436,-49.9281,-0.0085,0.2577,-0.3938,-0.0038,-0.2179
19.967,11.6459,-0.9178,-5.2414,-20.5205,3,3,TRACK,3,sonar,12.0000,-2.0000,-5.2500,1.1387,-51.3607,-0.0086,0.2489,-0.4002,-0.0039,-0.2241
20.000,11.6435,-0.9239,-5.2414,-18.8442,3,3,TRACK,3,sonar,12.0000,-2.0000,-5.2500,1.1337,-52.8282,-0.0086,0.2397,-0.4065,-0.0039,-0.2305
20.033,11.6413,-0.9302,-5.2414,-17.1377,3,3,TRACK,3,sonar,12.0000,-2.0000,-5.2500,1.1284,-54.3269,-0.0086,0.2303,-0.4125,-0.0039,-0.2370
20.067,11.6392,-0.9368,-5.2414,-15.4114,3,3,TRACK,3,sonar,12.0000,-2.0000,-5.2500,1.1228,-55.8460,-0.0086,0.2206,-0.4181,-0.0039,-0.2437
20.100,11.6373,-0.9436,-5.2414,-13.6761,3,3,TRACK,3,sonar,12.0000,-2.0000,-5.2500,1.1169,-57.3748,-0.0086,0.2108,-0.4233,-0.0039,-0.2500
20.133,11.6356,-0.9508,-5.2413,-11.9426,3,3,TRACK,3,sonar,12.0000,-2.0000,-5.2500,1.1107,-58.9024,-0.0087,0.2008,-0.4280,-0.0039,-0.2500
20.167,11.6340,-0.9583,-5.2413,-10.2200,3,3,TRACK,3,sonar,12.0000,-2.0000,-5.2500,1.1042,-60.4201,-0.0087,0.2000,-0.4321,-0.0039,-0.2500
20.200,11.6326,-0.9662,-5.2413,-8.5114,3,3,TRACK,3,sonar,12.0000,-2.0000,-5.2500,1.0972,-61.9256,-0.0087,0.2000,-0.4356,-0.0039,-0.2500
20.233,11.6315,-0.9744,-5.2413,-6.8197,3,3,TRACK,3,sonar,12.0000,-2.0000,-5.2500,1.0898,-63.4171,-0.0087,0.2000,-0.4386,-0.0039,-0.2500
20.267,11.6307,-0.9830,-5.2412,-5.1482,3,3,TRACK,3,sonar,12.0000,-2.0000,-5.2500,1.0820,-64.8923,-0.0088,0.2000,-0.4409,-0.0039,-0.2500
20.300,11.6301,-0.9919,-5.2412,-3.5010,3,3,TRACK,3,sonar,12.0000,-2.0000,-5.2500,1.0738,-66.3484,-0.0088,0.2000,-0.4426,-0.0039,-0.2500
20.333,11.6299,-1.0013,-5.2412,-1.8830,3,3,TRACK,3,sonar,12.0000,-2.0000,-5.2500,1.0652,-67.7815,-0.0088,0.2000,-0.4437,-0.0039,-0.2500
20.367,11.6299,-1.0109,-5.2412,-0.2770,3,3,TRACK,3,sonar,12.0000,-2.0000,-5.2500,1.0562,-69.2076,-0.0088,0.2000,-0.4443,-0.0039,-0.2500
20.400,11.6266,-1.0183,-5.2414,0.9809,3,3,TRACK,3,sonar,12.0000,-2.0000,-5.2500,1.0503,-70.1532,-0.0086,0.2000,-0.4446,-0.0039,-0.2500
20.433,11.6237,-1.0259,-5.2415,1.8974,3,3,TRACK,3,sonar,12.0000,-2.0000,-5.2500,1.0443,-70.7771,-0.0085,0.2000,-0.4437,-0.0038,-0.2500
20.467,11.6212,-1.0336,-5.2415,2.5397,3,3,TRACK,3,sonar,12.0000,-2.0000,-5.2500,1.0380,-71.1340,-0.0085,0.2000,-0.4420,-0.0038,-0.2500
20.500,11.6194,-1.0417,-5.2416,3.0728,3,3,TRACK,3,sonar,12.0000,-2.0000,-5.2500,1.0311,-71.4092,-0.0084,0.2000,-0.4398,-0.0038,-0.2500
20.533,11.6181,-1.0502,-5.2417,3.4522,3,3,TRACK,3,sonar,12.0000,-2.0000,-5.2500,1.0238,-71.5475,-0.0083,0.2000,-0.4370,-0.0037,-0.2500
20.567,11.6173,-1.0589,-5.2418,3.7000,3,3,TRACK,3,sonar,12.0000,-2.0000,-5.2500,1.0159,-71.5679,-0.0082,0.2000,-0.4337,-0.0037,-0.2500
20.600,11.6173,-1.0683,-5.2420,3.8430,3,3,TRACK,3,sonar,12.0000,-2.0000,-5.2500,1.0073,-71.5104,-0.0080,0.2000,-0.4299,-0.0036,-0.2500
20.633,11.6178,-1.0781,-5.2421,3.8959,3,3,TRACK,3,sonar,12.0000,-2.0000,-5.2500,0.9980,-71.3784,-0.0079,0.2000,-0.4256,-0.0036,-0.2500
20.667,11.6187,-1.0882,-5.2423,3.8435,3,3,TRACK,3,sonar,12.0000,-2.0000,-5.2500,0.9884,-71.1472,-0.0077,0.2000,-0.4209,-0.0035,-0.2500
20.700,11.6198,-1.0986,-5.2424,3.7057,3,3,TRACK,3,sonar,12.0000,-2.0000,-5.2500,0.9783,-70.8352,-0.0076,0.2000,-0.4158,-0.0034,-0.2500
20.733,11.6210,-1.1092,-5.2426,3.5069,3,3,TRACK,3,sonar,12.0000,-2.0000,-5.2500,0.9681,-70.4586,-0.0074,0.2000,-0.4106,-0.0033,-0.2500
20.767,11.6223,-1.1200,-5.2427,3.2510,3,3,TRACK,3,sonar,12.0000,-2.0000,-5.2500,0.9577,-70.0244,-0.0073,0.2000,-0.4050,-0.0033,-0.2500
20.800,11.6235,-1.1308,-5.2429,2.9715,3,3,TRACK,3,sonar,12.0000,-2.0000,-5.2500,0.9473,-69.5540,-0.0071,0.2000,-0.3994,-0.0032,-0.2500
20.833,11.6248,-1.1417,-5.2431,2.6594,3,3,TRACK,3,sonar,12.0000,-2.0000,-5.2500,0.9367,-69.0471,-0.0069,0.2000,-0.3937,-0.0031,-0.2500
20.867,11.6258,-1.1526,-5.2433,2.3617,3,3,TRACK,3,sonar,12.0000,-2.0000,-5.2500,0.9264,-68.5369,-0.0067,0.2000,-0.3880,-0.0030,-0.2500
20.900,11.6268,-1.1635,-5.2435,2.0513,3,3,TRACK,3,sonar,12.0000,-2.0000,-5.2500,0.9159,-68.0080,-0.0065,0.2000,-0.3822,-0.0029,-0.2500
20.933,11.6276,-1.1743,-5.2436,1.7843,3,3,TRACK,3,sonar,12.0000,-2.0000,-5.2500,0.9058,-67.5044,-0.0064,0.2000,-0.3766,-0.0029,-0.2500
20.967,11.6283,-1.1852,-5.2438,1.5206,3,3,TRACK,3,sonar,12.0000,-2.0000,-5.2500,0.8957,-66.9969,-0.0062,0.2000,-0.3710,-0.0028,-0.2500
21.000,11.6287,-1.1958,-5.2440,1.3148,3,3,TRACK,3,sonar,12.0000,-2.0000,-5.2500,0.8858,-66.5324,-0.0060,0.2000,-0.3656,-0.0027,-0.2500
21.033,11.6291,-1.2064,-5.2441,1.1266,3,3,TRACK,3,sonar,12.0000,-2.0000,-5.2500,0.8760,-66.0778,-0.0059,0.2000,-0.3603,-0.0026,-0.2500
21.067,11.6294,-1.2169,-5.2443,0.9989,3,3,TRACK,3,sonar,12.0000,-2.0000,-5.2500,0.8664,-65.6733,-0.0057,0.2000,-0.3553,-0.0026,-0.2500
21.100,11.6296,-1.2273,-5.2444,0.9021,3,3,TRACK,3,sonar,12.0000,-2.0000,-5.2500,0.8569,-65.2919,-0.0056,0.2000,-0.3503,-0.0025,-0.2500
21.133,11.6298,-1.2376,-5.2445,0.8615,3,3,TRACK,3,sonar,12.0000,-2.0000,-5.2500,0.8475,-64.9609,-0.0055,0.2000,-0.3455,-0.0025,-0.2500
21.167,11.6299,-1.2479,-5.2447,0.8701,3,3,TRACK,3,sonar,12.0000,-2.0000,-5.2500,0.8383,-64.6720,-0.0053,0.2000,-0.3410,-0.0024,-0.2500
21.200,11.6301,-1.2580,-5.2448,0.9303,3,3,TRACK,3,sonar,12.0000,-2.0000,-5.2500,0.8291,-64.4330,-0.0052,0.2000,-0.3365,-0.0024,-0.2500
21.233,11.6303,-1.2681,-5.2449,1.0527,3,3,TRACK,3,sonar,12.0000,-2.0000,-5.2500,0.8200,-64.2507,-0.0051,0.2000,-0.3324,-0.0023,-0.2500
21.267,11.6306,-1.2782,-5.2449,1.2169,3,3,TRACK,3,sonar,12.0000,-2.0000,-5.2500,0.8109,-64.1124,-0.0051,0.2000,-0.3283,-0.0023,-0.2500
21.300,11.6309,-1.2882,-5.2450,1.4477,3,3,TRACK,3,sonar,12.0000,-2.0000,-5.2500,0.8018,-64.0363,-0.0050,0.2000,-0.3244,-0.0022,-0.2500
21.333,11.6313,-1.2982,-5.2451,1.7051,3,3,TRACK,3,sonar,12.0000,-2.0000,-5.2500,0.7927,-63.9914,-0.0049,0.2000,-0.3177,-0.0022,-0.2500
21.367,11.6319,-1.3082,-5.2451,2.0177,3,3,TRACK,3,sonar,12.0000,-2.0000,-5.2500,0.7836,-64.0017,-0.0049,0.2000,-0.3105,-0.0022,-0.2500
21.400,11.6326,-1.3182,-5.2452,2.3628,3,3,TRACK,3,sonar,12.0000,-2.0000,-5.2500,0.7745,-64.0477,-0.0048,0.2000,-0.3034,-0.0022,-0.2500
21.433,11.6335,-1.3281,-5.2452,2.7448,3,3,TRACK,3,sonar,12.0000,-2.0000,-5.2500,0.7654,-64.1337,-0.0048,0.2000,-0.2965,-0.0022,-0.2500
21.467,11.6345,-1.3380,-5.2452,3.1385,3,3,TRACK,3,sonar,12.0000,-2.0000,-5.2500,0.7562,-64.2358,-0.0048,0.2000,-0.2897,-0.0022,-0.2500
21.500,11.6356,-1.3478,-5.2452,3.5588,3,3,TRACK,3,sonar,12.0000,-2.0000,-5.2500,0.7471,-64.3677,-0.0048,0.2000,-0.2830,-0.0021,-0.2500
21.533,11.6370,-1.3577,-5.2453,3.9775,3,3,TRACK,3,sonar,12.0000,-2.0000,-5.2500,0.7378,-64.5026,-0.0047,0.2000,-0.2764,-0.0021,-0.2500
21.567,11.6384,-1.3675,-5.2453,4.4228,3,3,TRACK,3,sonar,12.0000,-2.0000,-5.2500,0.7286,-64.6683,-0.0047,0.2000,-0.2699,-0.0021,-0.2500
21.600,11.6400,-1.3773,-5.2453,4.8572,3,3,TRACK,3,sonar,12.0000,-2.0000,-5.2500,0.7193,-64.8278,-0.0047,0.2000,-0.2634,-0.0021,-0.2500
21.633,11.6418,-1.3870,-5.2454,5.3181,3,3,TRACK,3,sonar,12.0000,-2.0000,-5.2500,0.7100,-65.0193,-0.0046,0.2000,-0.2571,-0.0021,-0.2500
21.667,11.6437,-1.3967,-5.2454,5.7459,3,3,TRACK,3,sonar,12.0000,-2.0000,-5.2500,0.7007,-65.1843,-0.0046,0.2000,-0.2506,-0.0021,-0.2500
21.700,11.6458,-1.4063,-5.2455,6.2314,3,3,TRACK,3,sonar,12.0000,-2.0000,-5.2500,0.6914,-65.4086,-0.0045,0.2000,-0.2445,-0.0020,-0.2500
21.733,11.6480,-1.4159,-5.2455,6.6690,3,3,TRACK,3,sonar,12.0000,-2.0000,-5.2500,0.6820,-65.5952,-0.0045,0.2000,-0.2383,-0.0020,-0.2500
21.767,11.6503,-1.4253,-5.2456,7.1632,3,3,TRACK,3,sonar,12.0000,-2.0000,-5.2500,0.6727,-65.8416,-0.0044,0.2000,-0.2323,-0.0020,-0.2500
21.800,11.6528,-1.4348,-5.2457,7.6110,3,3,TRACK,3,sonar,12.0000,-2.0000,-5.2500,0.6633,-66.0526,-0.0043,0.2000,-0.2262,-0.0019,-0.2500
21.833,11.6554,-1.4441,-5.2458,8.1149,3,3,TRACK,3,sonar,12.0000,-2.0000,-5.2500,0.6541,-66.3247,-0.0042,0.2000,-0.2204,-0.0019,-0.2500
21.867,11.6583,-1.4533,-5.2459,8.5740,3,3,TRACK,3,sonar,12.0000,-2.0000,-5.2500,0.6447,-66.5639,-0.0041,0.2000,-0.2145,-0.0019,-0.2500
21.900,11.6612,-1.4625,-5.2460,9.0886,3,3,TRACK,3,sonar,12.0000,-2.0000,-5.2500,0.6354,-66.8652,-0.0040,0.2000,-0.2088,-0.0018,-0.2500
21.933,11.6643,-1.4715,-5.2461,9.5601,3,3,TRACK,3,sonar,12.0000,-2.0000,-5.2500,0.6261,-67.1368,-0.0039,0.2000,-0.2032,-0.0018,-0.2500
21.967,11.6675,-1.4804,-5.2462,10.0864,3,3,TRACK,3,sonar,12.0000,-2.0000,-5.2500,0.6168,-67.4718,-0.0038,0.2000,-0.1977,-0.0017,-0.2500
22.000,11.6704,-1.4894,-5.2463,10.7118,3,3,TRACK,3,sonar,12.0000,-2.0000,-5.2500,0.6078,-67.8750,-0.0037,0.2000,-0.1925,-0.0017,-0.2500
22.033,11.6744,-1.4979,-5.2464,11.1730,3,3,TRACK,3,sonar,12.0000,-2.0000,-5.2500,0.5984,-68.2107,-0.0036,0.2000,-0.1870,-0.0016,-0.2500
22.067,11.6790,-1.5065,-5.2466,11.5434,3,3,TRACK,3,sonar,12.0000,-2.0000,-5.2500,0.5888,-68.4987,-0.0034,0.2000,-0.1814,-0.0016,-0.2500
22.100,11.6840,-1.5150,-5.2467,11.8253,3,3,TRACK,3,sonar,12.0000,-2.0000,-5.2500,0.5788,-68.7426,-0.0033,0.2000,-0.1756,-0.0015,-0.2500
22.133,11.6896,-1.5235,-5.2468,12.0209,3,3,TRACK,3,sonar,12.0000,-2.0000,-5.2500,0.5687,-68.9458,-0.0032,0.2000,-0.1698,-0.0014,-0.2500
22.167,11.6958,-1.5319,-5.2470,12.1323,3,3,TRACK,3,sonar,12.0000,-2.0000,-5.2500,0.5583,-69.1121,-0.0030,0.2000,-0.1638,-0.0014,-0.2500
22.200,11.7023,-1.5402,-5.2471,12.1616,3,3,TRACK,3,sonar,12.0000,-2.0000,-5.2500,0.5477,-69.2452,-0.0029,0.2000,-0.1578,-0.0013,-0.2500
22.233,11.7094,-1.5484,-5.2472,12.1108,3,3,TRACK,3,sonar,12.0000,-2.0000,-5.2500,0.5370,-69.3488,-0.0028,0.2000,-0.1518,-0.0012,-0.2500
22.267,11.7169,-1.5566,-5.2474,11.9819,3,3,TRACK,3,sonar,12.0000,-2.0000,-5.2500,0.5261,-69.4273,-0.0026,0.2000,-0.1458,-0.0012,-0.2500
22.300,11.7248,-1.5646,-5.2476,11.7768,3,3,TRACK,3,sonar,12.0000,-2.0000,-5.2500,0.5151,-69.4845,-0.0024,0.2000,-0.1398,-0.0011,-0.2500
22.333,11.7332,-1.5725,-5.2477,11.4976,3,3,TRACK,3,sonar,12.0000,-2.0000,-5.2500,0.5039,-69.5250,-0.0023,0.2000,-0.1338,-0.0010,-0.2500
22.367,11.7419,-1.5803,-5.2479,11.1460,3,3,TRACK,3,sonar,12.0000,-2.0000,-5.2500,0.4927,-69.5531,-0.0021,0.2000,-0.1280,-0.0009,-0.2500
22.400,11.7510,-1.5880,-5.2481,10.7239,3,3,TRACK,3,sonar,12.0000,-2.0000,-5.2500,0.4814,-69.5737,-0.0019,0.2000,-0.1222,-0.0009,-0.2500
22.433,11.7604,-1.5956,-5.2482,10.2331,3,3,TRACK,3,sonar,12.0000,-2.0000,-5.2500,0.4701,-69.5917,-0.0018,0.2000,-0.1165,-0.0008,-0.2500
22.467,11.7702,-1.6030,-5.2484,9.6753,3,3,TRACK,3,sonar,12.0000,-2.0000,-5.2500,0.4587,-69.6122,-0.0016,0.2000,-0.1109,-0.0007,-0.2500
22.500,11.7803,-1.6103,-5.2486,9.0523,3,3,TRACK,3,sonar,12.0000,-2.0000,-5.2500,0.4474,-69.6406,-0.0014,0.2000,-0.1055,-0.0006,0.0000
22.533,11.7907,-1.6175,-5.2487,8.4449,3,3,TRACK,3,sonar,12.0000,-2.0000,-5.2500,0.4360,-69.7623,-0.0013,0.2000,-0.1003,-0.0006,0.0000
22.567,11.8014,-1.6245,-5.2489,7.8527,3,3,TRACK,3,sonar,12.0000,-2.0000,-5.2500,0.4247,-69.9812,-0.0011,0.2000,-0.0954,-0.0005,0.0000
22.600,11.8124,-1.6314,-5.2491,7.2755,3,3,TRACK,3,sonar,12.0000,-2.0000,-5.2500,0.4136,-70.3018,-0.0009,0.2000,-0.0906,-0.0004,0.0000
22.633,11.8237,-1.6382,-5.2492,6.7127,3,3,TRACK,3,sonar,12.0000,-2.0000,-5.2500,0.4025,-70.7288,-0.0008,0.2000,-0.0860,-0.0003,0.0000
22.667,11.8352,-1.6448,-5.2494,6.1641,3,3,TRACK,3,sonar,12.0000,-2.0000,-5.2500,0.3915,-71.2674,-0.0006,0.2000,-0.0817,-0.0003,0.0000
22.700,11.8469,-1.6514,-5.2495,5.6292,3,3,TRACK,3,sonar,12.0000,-2.0000,-5.2500,0.3808,-71.9228,-0.0005,0.2000,-0.0775,-0.0002,0.0000
22.733,11.8589,-1.6577,-5.2497,5.1078,3,3,TRACK,3,sonar,12.0000,-2.0000,-5.2500,0.3702,-72.7010,-0.0003,0.2000,-0.0736,-0.0002,0.0000
22.767,11.8711,-1.6640,-5.2498,4.5994,3,3,TRACK,3,sonar,12.0000,-2.0000,-5.2500,0.3599,-73.6079,-0.0002,0.2000,-0.0699,-0.0001,0.0000
22.800,11.8835,-1.6701,-5.2499,4.1036,3,3,TRACK,3,sonar,12.0000,-2.0000,-5.2500,0.3499,-74.6495,-0.0001,0.2000,-0.0664,-0.0000,0.0000
22.833,11.8961,-1.6761,-5.2500,3.6203,3,3,TRACK,3,sonar,12.0000,-2.0000,-5.2500,0.3401,-75.8315,0.0000,0.2000,-0.0631,0.0000,0.0000
22.867,11.9089,-1.6820,-5.2501,3.1489,3,3,TRACK,3,sonar,12.0000,-2.0000,-5.2500,0.3308,-77.1600,0.0001,0.2000,-0.0600,0.0001,0.0000
22.900,11.9219,-1.6878,-5.2502,2.6893,3,3,TRACK,3,sonar,12.0000,-2.0000,-5.2500,0.3218,-78.6397,0.0002,0.2000,-0.0571,0.0001,0.0000
22.933,11.9350,-1.6934,-5.2503,2.2411,3,3,TRACK,3,sonar,12.0000,-2.0000,-5.2500,0.3134,-80.2751,0.0003,0.2000,-0.0544,0.0001,0.0000
22.967,11.9484,-1.6990,-5.2504,1.8041,3,3,TRACK,3,sonar,12.0000,-2.0000,-5.2500,0.3054,-82.0692,0.0004,0.2000,-0.0520,0.0002,0.0000
23.000,11.9618,-1.7044,-5.2505,1.3778,3,3,TRACK,3,sonar,12.0000,-2.0000,-5.2500,0.2980,-84.0233,0.0005,0.2000,-0.0497,0.0002,0.0000
23.033,11.9755,-1.7097,-5.2506,0.9622,3,3,TRACK,3,sonar,12.0000,-2.0000,-5.2500,0.2913,-86.1365,0.0006,0.2000,-0.0476,0.0003,0.0000
23.067,11.9893,-1.7150,-5.2506,0.5570,3,3,TRACK,3,sonar,12.0000,-2.0000,-5.2500,0.2852,-88.4053,0.0006,0.2000,-0.0457,0.0003,0.0000
23.100,12.0032,-1.7201,-5.2507,0.1618,3,3,TRACK,4,sonar,12.0000,-2.0000,-5.2500,0.2799,-90.8232,0.0007,-0.0005,-0.0441,0.0003,0.0000
23.133,12.0167,-1.7252,-5.2507,-0.2235,3,3,TRACK,4,sonar,12.0000,-2.0000,-5.2500,0.2753,-93.2479,0.0007,-0.0019,-0.0426,0.0003,0.0000
23.167,12.0296,-1.7301,-5.2508,-0.5991,3,3,TRACK,4,sonar,12.0000,-2.0000,-5.2500,0.2715,-95.6659,0.0008,-0.0032,-0.0413,0.0004,0.0000
23.200,12.0421,-1.7350,-5.2509,-0.9653,3,3,TRACK,4,sonar,12.0000,-2.0000,-5.2500,0.2683,-98.0643,0.0009,-0.0044,-0.0401,0.0004,0.0000
23.233,12.0541,-1.7398,-5.2509,-1.3224,3,3,TRACK,4,sonar,12.0000,-2.0000,-5.2500,0.2658,-100.4304,0.0009,-0.0056,-0.0391,0.0004,0.0000
23.267,12.0657,-1.7445,-5.2509,-1.6704,3,3,TRACK,4,sonar,12.0000,-2.0000,-5.2500,0.2639,-102.7536,0.0009,-0.0067,-0.0382,0.0004,0.0000
23.300,12.0769,-1.7491,-5.2510,-2.0097,3,3,TRACK,4,sonar,12.0000,-2.0000,-5.2500,0.2625,-105.0239,0.0010,-0.0078,-0.0374,0.0004,0.0000
23.333,12.0876,-1.7536,-5.2510,-2.3405,3,3,TRACK,4,sonar,12.0000,-2.0000,-5.2500,0.2615,-107.2324,0.0010,-0.0089,-0.0367,0.0005,0.0000
23.367,12.0979,-1.7580,-5.2511,-2.6630,3,3,TRACK,4,sonar,12.0000,-2.0000,-5.2500,0.2610,-109.3727,0.0011,-0.0099,-0.0362,0.0005,0.0000
23.400,12.1079,-1.7624,-5.2511,-2.9774,3,3,TRACK,4,sonar,12.0000,-2.0000,-5.2500,0.2610,-111.4391,0.0011,-0.0109,-0.0357,0.0005,0.0000
23.433,12.1174,-1.7667,-5.2511,-3.2839,3,3,TRACK,4,sonar,12.0000,-2.0000,-5.2500,0.2612,-113.4280,0.0011,-0.0119,-0.0352,0.0005,0.0000
23.467,12.1266,-1.7709,-5.2511,-3.5828,3,3,TRACK,4,sonar,12.0000,-2.0000,-5.2500,0.2618,-115.3365,0.0011,-0.0128,-0.0348,0.0005,0.0000
23.500,12.1354,-1.7750,-5.2512,-3.8741,3,3,TRACK,4,sonar,12.0000,-2.0000,-5.2500,0.2626,-117.1634,0.0012,-0.0138,-0.0345,0.0005,0.0000
23.533,12.1438,-1.7791,-5.2512,-4.1583,3,3,TRACK,4,sonar,12.0000,-2.0000,-5.2500,0.2636,-118.9084,0.0012,-0.0147,-0.0342,0.0005,0.0000
23.567,12.1519,-1.7831,-5.2512,-4.4353,3,3,TRACK,4,sonar,12.0000,-2.0000,-5.2500,0.2649,-120.5720,0.0012,-0.0156,-0.0340,0.0005,0.0000
23.600,12.1597,-1.7870,-5.2512,-4.7055,3,3,TRACK,4,sonar,12.0000,-2.0000,-5.2500,0.2662,-122.1558,0.0012,-0.0165,-0.0338,0.0006,0.0000
23.633,12.1672,-1.7908,-5.2512,-4.9689,3,3,TRACK,4,sonar,12.0000,-2.0000,-5.2500,0.2678,-123.6617,0.0012,-0.0174,-0.0336,0.0006,0.0000
23.667,12.1743,-1.7946,-5.2512,-5.2258,3,3,TRACK,4,sonar,12.0000,-2.0000,-5.2500,0.2694,-125.0920,0.0012,-0.0183,-0.0334,0.0006,0.0000
23.700,12.1811,-1.7983,-5.2512,-5.4763,3,3,TRACK,4,sonar,12.0000,-2.0000,-5.2500,0.2711,-126.4494,0.0012,-0.0191,-0.0332,0.0006,0.0000
23.733,12.1876,-1.8020,-5.2513,-5.7205,3,3,TRACK,4,sonar,12.0000,-2.0000,-5.2500,0.2728,-127.7368,0.0013,-0.0199,-0.0331,0.0006,0.0000
23.767,12.1938,-1.8056,-5.2513,-5.9587,3,3,TRACK,4,sonar,12.0000,-2.0000,-5.2500,0.2745,-128.9577,0.0013,-0.0207,-0.0330,0.0006,0.0000
23.800,12.1998,-1.8091,-5.2513,-6.1909,3,3,TRACK,4,sonar,12.0000,-2.0000,-5.2500,0.2763,-130.1149,0.0013,-0.0215,-0.0328,0.0006,0.0000
23.833,12.2054,-1.8126,-5.2512,-6.4173,3,3,TRACK,4,sonar,12.0000,-2.0000,-5.2500,0.2781,-131.2119,0.0012,-0.0223,-0.0327,0.0006,0.0000
23.867,12.2108,-1.8160,-5.2512,-6.6380,3,3,TRACK,4,sonar,12.0000,-2.0000,-5.2500,0.2798,-132.2516,0.0012,-0.0230,-0.0326,0.0006,0.0000
23.900,12.2159,-1.8194,-5.2512,-6.8532,3,3,TRACK,4,sonar,12.0000,-2.0000,-5.2500,0.2815,-133.2372,0.0012,-0.0238,-0.0325,0.0006,0.0000
23.933,12.2208,-1.8227,-5.2512,-7.0630,3,3,TRACK,4,sonar,12.0000,-2.0000,-5.2500,0.2832,-134.1720,0.0012,-0.0244,-0.0324,0.0006,0.0000
23.967,12.2254,-1.8259,-5.2512,-7.2675,3,3,TRACK,4,sonar,12.0000,-2.0000,-5.2500,0.2848,-135.0585,0.0012,-0.0251,-0.0322,0.0006,0.0000
24.000,12.2298,-1.8291,-5.2512,-7.4669,3,3,TRACK,4,sonar,12.0000,-2.0000,-5.2500,0.2863,-135.8998,0.0012,-0.0258,-0.0321,0.0005,0.0000
24.033,12.2339,-1.8323,-5.2512,-7.6612,3,3,TRACK,4,sonar,12.0000,-2.0000,-5.2500,0.2878,-136.6983,0.0012,-0.0264,-0.0320,0.0005,0.0000
24.067,12.2378,-1.8354,-5.2512,-7.8507,3,3,TRACK,4,sonar,12.0000,-2.0000,-5.2500,0.2892,-137.4567,0.0012,-0.0270,-0.0318,0.0005,0.0000
24.100,12.2415,-1.8384,-5.2512,-8.0354,3,3,TRACK,4,sonar,12.0000,-2.0000,-5.2500,0.2905,-138.1773,0.0012,-0.0275,-0.0317,0.0005,0.0000
24.133,12.2449,-1.8414,-5.2512,-8.2155,3,3,TRACK,4,sonar,12.0000,-2.0000,-5.2500,0.2918,-138.8623,0.0012,-0.0280,-0.0315,0.0005,0.0000
24.167,12.2481,-1.8444,-5.2512,-8.3911,3,3,TRACK,4,sonar,12.0000,-2.0000,-5.2500,0.2929,-139.5139,0.0012,-0.0285,-0.0313,0.0005,0.0000
24.200,12.2511,-1.8473,-5.2511,-8.5624,3,3,TRACK,4,sonar,12.0000,-2.0000,-5.2500,0.2939,-140.1341,0.0011,-0.0290,-0.0312,0.0005,0.0000
24.233,12.2540,-1.8501,-5.2511,-8.7293,3,3,TRACK,4,sonar,12.0000,-2.0000,-5.2500,0.2949,-140.7247,0.0011,-0.0294,-0.0310,0.0005,0.0000
24.267,12.2566,-1.8529,-5.2511,-8.8921,3,3,TRACK,4,sonar,12.0000,-2.0000,-5.2500,0.2957,-141.2875,0.0011,-0.0299,-0.0308,0.0005,0.0000
24.300,12.2590,-1.8557,-5.2511,-9.0509,3,3,TRACK,4,sonar,12.0000,-2.0000,-5.2500,0.2965,-141.8241,0.0011,-0.0302,-0.0306,0.0005,0.0000
24.333,12.2612,-1.8584,-5.2511,-9.2057,3,3,TRACK,4,sonar,12.0000,-2.0000,-5.2500,0.2971,-142.3362,0.0011,-0.0306,-0.0303,0.0005,0.0000
24.367,12.2633,-1.8611,-5.2511,-9.3567,3,3,TRACK,4,sonar,12.0000,-2.0000,-5.2500,0.2977,-142.8252,0.0011,-0.0309,-0.0301,0.0005,0.0000
24.400,12.2652,-1.8637,-5.2511,-9.5039,3,3,TRACK,4,sonar,12.0000,-2.0000,-5.2500,0.2981,-143.2925,0.0011,-0.0312,-0.0299,0.0005,0.0000
24.433,12.2669,-1.8663,-5.2511,-9.6474,3,3,TRACK,4,sonar,12.0000,-2.0000,-5.2500,0.2985,-143.7392,0.0011,-0.0314,-0.0296,0.0005,0.0000
24.467,12.2684,-1.8688,-5.2510,-9.7874,3,3,TRACK,4,sonar,12.0000,-2.0000,-5.2500,0.2987,-144.1667,0.0010,-0.0317,-0.0294,0.0005,0.0000
24.500,12.2698,-1.8713,-5.2510,-9.9239,3,3,TRACK,4,sonar,12.0000,-2.0000,-5.2500,0.2989,-144.5760,0.0010,-0.0318,-0.0291,0.0005,0.0000
24.533,12.2710,-1.8738,-5.2510,-10.0570,3,3,TRACK,4,sonar,12.0000,-2.0000,-5.2500,0.2989,-144.9682,0.0010,-0.0320,-0.0289,0.0005,0.0000
24.567,12.2721,-1.8762,-5.2510,-10.1867,3,3,TRACK,4,sonar,12.0000,-2.0000,-5.2500,0.2989,-145.3444,0.0010,-0.0322,-0.0286,0.0004,0.0000
24.600,12.2730,-1.8786,-5.2510,-10.3132,3,3,TRACK,4,sonar,12.0000,-2.0000,-5.2500,0.2988,-145.7054,0.0010,-0.0323,-0.0283,0.0004,0.0000
24.633,12.2738,-1.8809,-5.2510,-10.4365,3,3,TRACK,4,sonar,12.0000,-2.0000,-5.2500,0.2985,-146.0520,0.0010,-0.0323,-0.0280,0.0004,0.0000
24.667,12.2744,-1.8832,-5.2509,-10.5567,3,3,TRACK,4,sonar,12.0000,-2.0000,-5.2500,0.2982,-146.3852,0.0009,-0.0324,-0.0277,0.0004,0.0000
24.700,12.2749,-1.8855,-5.2509,-10.6739,3,3,TRACK,4,sonar,12.0000,-2.0000,-5.2500,0.2978,-146.7057,0.0009,-0.0324,-0.0274,0.0004,0.0000
24.733,12.2753,-1.8877,-5.2509,-10.7881,3,3,TRACK,4,sonar,12.0000,-2.0000,-5.2500,0.2973,-147.0140,0.0009,-0.0324,-0.0271,0.0004,0.0000
24.767,12.2755,-1.8899,-5.2509,-10.8995,3,3,TRACK,4,sonar,12.0000,-2.0000,-5.2500,0.2967,-147.3110,0.0009,-0.0324,-0.0267,0.0004,0.0000
24.800,12.2757,-1.8920,-5.2508,-11.0081,3,3,TRACK,4,sonar,12.0000,-2.0000,-5.2500,0.2961,-147.5973,0.0008,-0.0324,-0.0264,0.0004,0.0000
24.833,12.2757,-1.8941,-5.2508,-11.1140,3,3,TRACK,4,sonar,12.0000,-2.0000,-5.2500,0.2953,-147.8733,0.0008,-0.0323,-0.0261,0.0004,0.0000
24.867,12.2756,-1.8962,-5.2508,-11.2172,3,3,TRACK,4,sonar,12.0000,-2.0000,-5.2500,0.2945,-148.1397,0.0008,-0.0322,-0.0258,0.0004,0.0000
24.900,12.2754,-1.8982,-5.2508,-11.3178,3,3,TRACK,4,sonar,12.0000,-2.0000,-5.2500,0.2936,-148.3969,0.0008,-0.0321,-0.0254,0.0003,0.0000
24.933,12.2751,-1.9002,-5.2507,-11.4160,3,3,TRACK,4,sonar,12.0000,-2.0000,-5.2500,0.2926,-148.6454,0.0007,-0.0320,-0.0251,0.0003,0.0000
24.967,12.2747,-1.9022,-5.2507,-11.5117,3,3,TRACK,4,sonar,12.0000,-2.0000,-5.2500,0.2916,-148.8857,0.0007,-0.0318,-0.0247,0.0003,0.0000
25.000,12.2742,-1.9041,-5.2507,-11.6050,3,3,TRACK,4,sonar,12.0000,-2.0000,-5.2500,0.2905,-149.1181,0.0007,-0.0317,-0.0244,0.0003,0.0000
25.033,12.2736,-1.9060,-5.2506,-11.6960,3,3,TRACK,4,sonar,12.0000,-2.0000,-5.2500,0.2893,-149.3430,0.0006,-0.0315,-0.0240,0.0003,0.0000
25.067,12.2729,-1.9079,-5.2506,-11.7847,3,3,TRACK,4,sonar,12.0000,-2.0000,-5.2500,0.2881,-149.5609,0.0006,-0.0313,-0.0236,0.0003,0.0000
25.100,12.2722,-1.9097,-5.2506,-11.8712,3,3,TRACK,4,sonar,12.0000,-2.0000,-5.2500,0.2868,-149.7719,0.0006,-0.0311,-0.0233,0.0003,0.0000
25.133,12.2713,-1.9115,-5.2505,-11.9556,3,3,TRACK,4,sonar,12.0000,-2.0000,-5.2500,0.2854,-149.9766,0.0005,-0.0309,-0.0229,0.0002,0.0000
25.167,12.2704,-1.9132,-5.2505,-12.0379,3,3,TRACK,4,sonar,12.0000,-2.0000,-5.2500,0.2840,-150.1750,0.0005,-0.0306,-0.0226,0.0002,0.0000
25.200,12.2694,-1.9150,-5.2505,-12.1181,3,3,TRACK,4,sonar,12.0000,-2.0000,-5.2500,0.2825,-150.3675,0.0005,-0.0304,-0.0222,0.0002,0.0000
25.233,12.2684,-1.9167,-5.2504,-12.1962,3,3,TRACK,4,sonar,12.0000,-2.0000,-5.2500,0.2810,-150.5544,0.0004,-0.0301,-0.0218,0.0002,0.0000
25.267,12.2672,-1.9183,-5.2504,-12.2725,3,3,TRACK,4,sonar,12.0000,-2.0000,-5.2500,0.2794,-150.7359,0.0004,-0.0298,-0.0215,0.0002,0.0000
25.300,12.2660,-1.9200,-5.2504,-12.3468,3,3,TRACK,4,sonar,12.0000,-2.0000,-5.2500,0.2778,-150.9123,0.0004,-0.0295,-0.0211,0.0002,0.0000
25.333,12.2648,-1.9216,-5.2504,-12.4192,3,3,TRACK,4,sonar,12.0000,-2.0000,-5.2500,0.2761,-151.0836,0.0004,-0.0292,-0.0207,0.0002,0.0000
25.367,12.2635,-1.9232,-5.2503,-12.4898,3,3,TRACK,4,sonar,12.0000,-2.0000,-5.2500,0.2744,-151.2501,0.0003,-0.0289,-0.0204,0.0002,0.0000
25.400,12.2621,-1.9247,-5.2503,-12.5587,3,3,TRACK,4,sonar,12.0000,-2.0000,-5.2500,0.2727,-151.4121,0.0003,-0.0286,-0.0200,0.0001,0.0000
25.433,12.2607,-1.9262,-5.2503,-12.6258,3,3,TRACK,4,sonar,12.0000,-2.0000,-5.2500,0.2709,-151.5696,0.0003,-0.0282,-0.0197,0.0001,0.0000
25.467,12.2592,-1.9277,-5.2503,-12.6912,3,3,TRACK,4,sonar,12.0000,-2.0000,-5.2500,0.2691,-151.7229,0.0003,-0.0279,-0.0193,0.0001,0.0000
25.500,12.2577,-1.9292,-5.2502,-12.7550,3,3,TRACK,4,sonar,12.0000,-2.0000,-5.2500,0.2672,-151.8720,0.0002,-0.0276,-0.0189,0.0001,0.0000
25.533,12.2561,-1.9306,-5.2502,-12.8172,3,3,TRACK,4,sonar,12.0000,-2.0000,-5.2500,0.2654,-152.0173,0.0002,-0.0272,-0.0186,0.0001,0.0000
25.567,12.2545,-1.9320,-5.2502,-12.8778,3,3,TRACK,4,sonar,12.0000,-2.0000,-5.2500,0.2635,-152.1586,0.0002,-0.0269,-0.0182,0.0001,0.0000
25.600,12.2529,-1.9333,-5.2502,-12.9370,3,3,TRACK,4,sonar,12.0000,-2.0000,-5.2500,0.2615,-152.2962,0.0002,-0.0265,-0.0179,0.0001,0.0000
25.633,12.2512,-1.9347,-5.2502,-12.9946,3,3,TRACK,4,sonar,12.0000,-2.0000,-5.2500,0.2596,-152.4302,0.0002,-0.0261,-0.0175,0.0001,0.0000
25.667,12.2495,-1.9360,-5.2501,-13.0508,3,3,TRACK,4,sonar,12.0000,-2.0000,-5.2500,0.2576,-152.5608,0.0001,-0.0258,-0.0172,0.0001,0.0000
25.700,12.2478,-1.9373,-5.2501,-13.1056,3,3,TRACK,4,sonar,12.0000,-2.0000,-5.2500,0.2556,-152.6880,0.0001,-0.0254,-0.0169,0.0001,0.0000
25.733,12.2460,-1.9385,-5.2501,-13.1591,3,3,TRACK,4,sonar,12.0000,-2.0000,-5.2500,0.2536,-152.8119,0.0001,-0.0250,-0.0165,0.0000,0.0000
25.767,12.2442,-1.9398,-5.2501,-13.2112,3,3,TRACK,4,sonar,12.0000,-2.0000,-5.2500,0.2515,-152.9327,0.0001,-0.0246,-0.0162,0.0000,0.0000
25.800,12.2424,-1.9410,-5.2501,-13.2621,3,3,TRACK,4,sonar,12.0000,-2.0000,-5.2500,0.2495,-153.0505,0.0001,-0.0243,-0.0159,0.0000,0.0000
25.833,12.2406,-1.9421,-5.2501,-13.3117,3,3,TRACK,4,sonar,12.0000,-2.0000,-5.2500,0.2474,-153.1654,0.0001,-0.0239,-0.0155,0.0000,0.0000
25.867,12.2387,-1.9433,-5.2500,-13.3600,3,3,TRACK,4,sonar,12.0000,-2.0000,-5.2500,0.2453,-153.2774,0.0000,-0.0235,-0.0152,0.0000,0.0000
25.900,12.2368,-1.9444,-5.2500,-13.4071,3,3,TRACK,4,sonar,12.0000,-2.0000,-5.2500,0.2433,-153.3867,0.0000,-0.0231,-0.0149,0.0000,0.0000
25.933,12.2349,-1.9455,-5.2500,-13.4531,3,3,TRACK,4,sonar,12.0000,-2.0000,-5.2500,0.2412,-153.4933,0.0000,-0.0228,-0.0146,0.0000,0.0000
25.967,12.2330,-1.9466,-5.2500,-13.4979,3,3,TRACK,4,sonar,12.0000,-2.0000,-5.2500,0.2391,-153.5974,0.0000,-0.0224,-0.0143,0.0000,0.0000
26.000,12.2311,-1.9477,-5.2500,-13.5415,3,3,TRACK,4,sonar,12.0000,-2.0000,-5.2500,0.2370,-153.6990,-0.0000,-0.0220,-0.0140,-0.0000,0.0000
26.033,12.2292,-1.9487,-5.2500,-13.5841,3,3,TRACK,4,sonar,12.0000,-2.0000,-5.2500,0.2349,-153.7982,-0.0000,-0.0217,-0.0137,-0.0000,0.0000
26.067,12.2273,-1.9497,-5.2500,-13.6256,3,3,TRACK,4,sonar,12.0000,-2.0000,-5.2500,0.2328,-153.8952,-0.0000,-0.0213,-0.0134,-0.0000,0.0000
26.100,12.2253,-1.9507,-5.2500,-13.6661,3,3,TRACK,4,sonar,12.0000,-2.0000,-5.2500,0.2306,-153.9898,-0.0000,-0.0209,-0.0131,-0.0000,0.0000
26.133,12.2234,-1.9517,-5.2499,-13.7055,3,3,TRACK,4,sonar,12.0000,-2.0000,-5.2500,0.2285,-154.0823,-0.0001,-0.0206,-0.0128,-0.0000,0.0000
26.167,12.2214,-1.9526,-5.2499,-13.7440,3,3,TRACK,4,sonar,12.0000,-2.0000,-5.2500,0.2264,-154.1728,-0.0001,-0.0202,-0.0126,-0.0000,0.0000
26.200,12.2195,-1.9535,-5.2499,-13.7815,3,3,TRACK,4,sonar,12.0000,-2.0000,-5.2500,0.2243,-154.2611,-0.0001,-0.0198,-0.0123,-0.0000,0.0000
26.233,12.2175,-1.9544,-5.2499,-13.8181,3,3,TRACK,4,sonar,12.0000,-2.0000,-5.2500,0.2222,-154.3475,-0.0001,-0.0195,-0.0120,-0.0000,0.0000
26.267,12.2156,-1.9553,-5.2499,-13.8537,3,3,TRACK,4,sonar,12.0000,-2.0000,-5.2500,0.2201,-154.4321,-0.0001,-0.0191,-0.0118,-0.0000,0.0000
26.300,12.2136,-1.9562,-5.2499,-13.8885,3,3,TRACK,4,sonar,12.0000,-2.0000,-5.2500,0.2181,-154.5147,-0.0001,-0.0188,-0.0115,-0.0001,0.0000
26.333,12.2117,-1.9570,-5.2499,-13.9224,3,3,TRACK,4,sonar,12.0000,-2.0000,-5.2500,0.2160,-154.5955,-0.0001,-0.0184,-0.0113,-0.0001,0.0000
26.367,12.2097,-1.9578,-5.2499,-13.9554,3,3,TRACK,4,sonar,12.0000,-2.0000,-5.2500,0.2139,-154.6746,-0.0001,-0.0181,-0.0110,-0.0001,0.0000
26.400,12.2078,-1.9586,-5.2498,-13.9876,3,3,TRACK,4,sonar,12.0000,-2.0000,-5.2500,0.2119,-154.7519,-0.0002,-0.0178,-0.0108,-0.0001,0.0000
26.433,12.2058,-1.9594,-5.2498,-14.0191,3,3,TRACK,4,sonar,12.0000,-2.0000,-5.2500,0.2098,-154.8276,-0.0002,-0.0174,-0.0105,-0.0001,0.0000
26.467,12.2039,-1.9602,-5.2498,-14.0497,3,3,TRACK,4,sonar,12.0000,-2.0000,-5.2500,0.2078,-154.9016,-0.0002,-0.0171,-0.0103,-0.0001,0.0000
26.500,12.2020,-1.9609,-5.2498,-14.0796,3,3,TRACK,4,sonar,12.0000,-2.0000,-5.2500,0.2057,-154.9741,-0.0002,-0.0168,-0.0101,-0.0001,0.0000
26.533,12.2001,-1.9617,-5.2498,-14.1087,3,3,TRACK,4,sonar,12.0000,-2.0000,-5.2500,0.2037,-155.0450,-0.0002,-0.0165,-0.0098,-0.0001,0.0000
26.567,12.1982,-1.9624,-5.2498,-14.1371,3,3,TRACK,4,sonar,12.0000,-2.0000,-5.2500,0.2017,-155.1143,-0.0002,-0.0161,-0.0096,-0.0001,0.0000
26.600,12.1963,-1.9631,-5.2498,-14.1648,3,3,TRACK,4,sonar,12.0000,-2.0000,-5.2500,0.1997,-155.1821,-0.0002,-0.0158,-0.0094,-0.0001,0.0000
26.633,12.1944,-1.9638,-5.2498,-14.1918,3,3,TRACK,4,sonar,12.0000,-2.0000,-5.2500,0.1977,-155.2485,-0.0002,-0.0155,-0.0092,-0.0001,0.0000
26.667,12.1925,-1.9644,-5.2498,-14.2181,3,3,TRACK,4,sonar,12.0000,-2.0000,-5.2500,0.1958,-155.3134,-0.0002,-0.0152,-0.0090,-0.0001,0.0000
26.700,12.1906,-1.9651,-5.2498,-14.2438,3,3,TRACK,4,sonar,12.0000,-2.0000,-5.2500,0.1938,-155.3770,-0.0002,-0.0149,-0.0088,-0.0001,0.0000
26.733,12.1888,-1.9657,-5.2498,-14.2688,3,3,TRACK,4,sonar,12.0000,-2.0000,-5.2500,0.1919,-155.4391,-0.0002,-0.0146,-0.0086,-0.0001,0.0000
26.767,12.1869,-1.9663,-5.2498,-14.2932,3,3,TRACK,4,sonar,12.0000,-2.0000,-5.2500,0.1900,-155.4998,-0.0002,-0.0144,-0.0084,-0.0001,0.0000
26.800,12.1851,-1.9669,-5.2498,-14.3169,3,3,TRACK,4,sonar,12.0000,-2.0000,-5.2500,0.1880,-155.5592,-0.0002,-0.0141,-0.0082,-0.0001,0.0000
26.833,12.1833,-1.9675,-5.2497,-14.3401,3,3,TRACK,4,sonar,12.0000,-2.0000,-5.2500,0.1862,-155.6172,-0.0003,-0.0138,-0.0080,-0.0001,0.0000
26.867,12.1815,-1.9681,-5.2497,-14.3627,3,3,TRACK,4,sonar,12.0000,-2.0000,-5.2500,0.1843,-155.6738,-0.0003,-0.0135,-0.0079,-0.0001,0.0000
26.900,12.1797,-1.9687,-5.2497,-14.3847,3,3,TRACK,4,sonar,12.0000,-2.0000,-5.2500,0.1824,-155.7292,-0.0003,-0.0133,-0.0077,-0.0001,0.0000
26.933,12.1779,-1.9692,-5.2497,-14.4062,3,3,TRACK,4,sonar,12.0000,-2.0000,-5.2500,0.1806,-155.7832,-0.0003,-0.0130,-0.0075,-0.0001,0.0000
26.967,12.1762,-1.9698,-5.2497,-14.4271,3,3,TRACK,4,sonar,12.0000,-2.0000,-5.2500,0.1788,-155.8359,-0.0003,-0.0128,-0.0074,-0.0001,0.0000
27.000,12.1745,-1.9703,-5.2497,-14.4475,3,3,TRACK,4,sonar,12.0000,-2.0000,-5.2500,0.1770,-155.8874,-0.0003,-0.0125,-0.0072,-0.0001,0.0000
27.033,12.1727,-1.9708,-5.2497,-14.4674,3,3,TRACK,4,sonar,12.0000,-2.0000,-5.2500,0.1752,-155.9376,-0.0003,-0.0123,-0.0070,-0.0001,0.0000
27.067,12.1710,-1.9713,-5.2498,-14.4868,3,3,TRACK,4,sonar,12.0000,-2.0000,-5.2500,0.1734,-155.9865,-0.0002,-0.0120,-0.0069,-0.0001,0.0000
27.100,12.1693,-1.9718,-5.2498,-14.5057,3,3,TRACK,4,sonar,12.0000,-2.0000,-5.2500,0.1717,-156.0342,-0.0002,-0.0118,-0.0067,-0.0001,0.0000
27.133,12.1677,-1.9723,-5.2498,-14.5242,3,3,TRACK,4,sonar,12.0000,-2.0000,-5.2500,0.1699,-156.0807,-0.0002,-0.0115,-0.0066,-0.0001,0.0000
27.167,12.1660,-1.9727,-5.2498,-14.5422,3,3,TRACK,4,sonar,12.0000,-2.0000,-5.2500,0.1682,-156.1260,-0.0002,-0.0113,-0.0064,-0.0001,0.0000
27.200,12.1644,-1.9732,-5.2498,-14.5597,3,3,TRACK,4,sonar,12.0000,-2.0000,-5.2500,0.1665,-156.1701,-0.0002,-0.0111,-0.0063,-0.0001,0.0000
27.233,12.1627,-1.9736,-5.2498,-14.5768,3,3,TRACK,4,sonar,12.0000,-2.0000,-5.2500,0.1649,-156.2130,-0.0002,-0.0109,-0.0062,-0.0001,0.0000
27.267,12.1611,-1.9740,-5.2498,-14.5935,3,3,TRACK,4,sonar,12.0000,-2.0000,-5.2500,0.1632,-156.2548,-0.0002,-0.0107,-0.0060,-0.0001,0.0000
27.300,12.1596,-1.9745,-5.2498,-14.6098,3,3,TRACK,4,sonar,12.0000,-2.0000,-5.2500,0.1616,-156.2955,-0.0002,-0.0105,-0.0059,-0.0001,0.0000
27.333,12.1580,-1.9749,-5.2498,-14.6257,3,3,TRACK,4,sonar,12.0000,-2.0000,-5.2500,0.1600,-156.3349,-0.0002,-0.0103,-0.0058,-0.0001,0.0000
27.367,12.1564,-1.9753,-5.2498,-14.6411,3,3,TRACK,4,sonar,12.0000,-2.0000,-5.2500,0.1584,-156.3734,-0.0002,-0.0101,-0.0057,-0.0001,0.0000
27.400,12.1549,-1.9757,-5.2498,-14.6562,3,3,TRACK,4,sonar,12.0000,-2.0000,-5.2500,0.1568,-156.4108,-0.0002,-0.0099,-0.0055,-0.0001,0.0000
27.433,12.1534,-1.9760,-5.2498,-14.6709,3,3,TRACK,4,sonar,12.0000,-2.0000,-5.2500,0.1553,-156.4471,-0.0002,-0.0097,-0.0054,-0.0001,0.0000
27.467,12.1519,-1.9764,-5.2498,-14.6852,3,3,TRACK,4,sonar,12.0000,-2.0000,-5.2500,0.1537,-156.4824,-0.0002,-0.0095,-0.0053,-0.0001,0.0000
27.500,12.1504,-1.9768,-5.2498,-14.6992,3,3,TRACK,4,sonar,12.0000,-2.0000,-5.2500,0.1522,-156.5167,-0.0002,-0.0093,-0.0052,-0.0001,0.0000
27.533,12.1490,-1.9771,-5.2498,-14.7128,3,3,TRACK,4,sonar,12.0000,-2.0000,-5.2500,0.1507,-156.5500,-0.0002,-0.0091,-0.0051,-0.0001,0.0000
27.567,12.1475,-1.9774,-5.2498,-14.7261,3,3,TRACK,4,sonar,12.0000,-2.0000,-5.2500,0.1493,-156.5823,-0.0002,-0.0089,-0.0050,-0.0001,0.0000
27.600,12.1461,-1.9778,-5.2498,-14.7390,3,3,TRACK,4,sonar,12.0000,-2.0000,-5.2500,0.1478,-156.6136,-0.0002,-0.0088,-0.0049,-0.0001,0.0000
27.633,12.1447,-1.9781,-5.2498,-14.7517,3,3,TRACK,4,sonar,12.0000,-2.0000,-5.2500,0.1464,-156.6441,-0.0002,-0.0086,-0.0048,-0.0001,0.0000
27.667,12.1433,-1.9784,-5.2498,-14.7640,3,3,TRACK,4,sonar,12.0000,-2.0000,-5.2500,0.1450,-156.6736,-0.0002,-0.0084,-0.0047,-0.0001,0.0000
27.700,12.1420,-1.9787,-5.2498,-14.7760,3,3,TRACK,4,sonar,12.0000,-2.0000,-5.2500,0.1436,-156.7022,-0.0002,-0.0083,-0.0046,-0.0001,0.0000
27.733,12.1406,-1.9790,-5.2498,-14.7877,3,3,TRACK,4,sonar,12.0000,-2.0000,-5.2500,0.1422,-156.7299,-0.0002,-0.0081,-0.0045,-0.0001,0.0000
27.767,12.1393,-1.9793,-5.2498,-14.7991,3,3,TRACK,4,sonar,12.0000,-2.0000,-5.2500,0.1408,-156.7568,-0.0002,-0.0080,-0.0044,-0.0001,0.0000
27.800,12.1380,-1.9796,-5.2498,-14.8102,3,3,TRACK,4,sonar,12.0000,-2.0000,-5.2500,0.1395,-156.7828,-0.0002,-0.0078,-0.0043,-0.0001,0.0000
27.833,12.1367,-1.9799,-5.2498,-14.8211,3,3,TRACK,4,sonar,12.0000,-2.0000,-5.2500,0.1382,-156.8080,-0.0002,-0.0077,-0.0042,-0.0001,0.0000
27.867,12.1354,-1.9802,-5.2498,-14.8317,3,3,TRACK,4,sonar,12.0000,-2.0000,-5.2500,0.1369,-156.8325,-0.0002,-0.0075,-0.0041,-0.0001,0.0000
27.900,12.1342,-1.9804,-5.2498,-14.8420,3,3,TRACK,4,sonar,12.0000,-2.0000,-5.2500,0.1356,-156.8560,-0.0002,-0.0074,-0.0041,-0.0001,0.0000
27.933,12.1329,-1.9807,-5.2498,-14.8520,3,3,TRACK,4,sonar,12.0000,-2.0000,-5.2500,0.1343,-156.8789,-0.0002,-0.0073,-0.0040,-0.0001,0.0000
27.967,12.1317,-1.9809,-5.2498,-14.8618,3,3,TRACK,4,sonar,12.0000,-2.0000,-5.2500,0.1331,-156.9009,-0.0002,-0.0071,-0.0039,-0.0001,0.0000
28.000,12.1305,-1.9812,-5.2498,-14.8714,3,3,TRACK,4,sonar,12.0000,-2.0000,-5.2500,0.1318,-156.9222,-0.0002,-0.0070,-0.0038,-0.0001,0.0000
28.033,12.1293,-1.9814,-5.2498,-14.8807,3,3,TRACK,4,sonar,12.0000,-2.0000,-5.2500,0.1306,-156.9427,-0.0002,-0.0069,-0.0038,-0.0001,0.0000
28.067,12.1281,-1.9817,-5.2498,-14.8898,3,3,TRACK,4,sonar,12.0000,-2.0000,-5.2500,0.1294,-156.9625,-0.0002,-0.0067,-0.0037,-0.0001,0.0000
28.100,12.1270,-1.9819,-5.2499,-14.8987,3,3,TRACK,4,sonar,12.0000,-2.0000,-5.2500,0.1282,-156.9817,-0.0001,-0.0066,-0.0036,-0.0001,0.0000
28.133,12.1258,-1.9821,-5.2499,-14.9073,3,3,TRACK,4,sonar,12.0000,-2.0000,-5.2500,0.1271,-157.0001,-0.0001,-0.0065,-0.0035,-0.0001,0.0000
28.167,12.1247,-1.9823,-5.2499,-14.9157,3,3,TRACK,4,sonar,12.0000,-2.0000,-5.2500,0.1259,-157.0178,-0.0001,-0.0064,-0.0035,-0.0001,0.0000
28.200,12.1236,-1.9825,-5.2499,-14.9239,3,3,TRACK,4,sonar,12.0000,-2.0000,-5.2500,0.1248,-157.0348,-0.0001,-0.0063,-0.0034,-0.0001,0.0000
28.233,12.1225,-1.9827,-5.2499,-14.9319,3,3,TRACK,4,sonar,12.0000,-2.0000,-5.2500,0.1237,-157.0511,-0.0001,-0.0062,-0.0034,-0.0001,0.0000
28.267,12.1214,-1.9829,-5.2499,-14.9397,3,3,TRACK,4,sonar,12.0000,-2.0000,-5.2500,0.1226,-157.0668,-0.0001,-0.0061,-0.0033,-0.0001,0.0000
28.300,12.1204,-1.9831,-5.2499,-14.9473,3,3,TRACK,4,sonar,12.0000,-2.0000,-5.2500,0.1215,-157.0817,-0.0001,-0.0060,-0.0032,-0.0001,0.0000
28.333,12.1193,-1.9833,-5.2499,-14.9547,3,3,TRACK,4,sonar,12.0000,-2.0000,-5.2500,0.1205,-157.0961,-0.0001,-0.0058,-0.0032,-0.0000,0.0000
28.367,12.1183,-1.9835,-5.2499,-14.9619,3,3,TRACK,4,sonar,12.0000,-2.0000,-5.2500,0.1194,-157.1097,-0.0001,-0.0057,-0.0031,-0.0000,0.0000
28.400,12.1173,-1.9837,-5.2499,-14.9690,3,3,TRACK,4,sonar,12.0000,-2.0000,-5.2500,0.1184,-157.1227,-0.0001,-0.0056,-0.0031,-0.0000,0.0000
28.433,12.1163,-1.9839,-5.2499,-14.9758,3,3,TRACK,4,sonar,12.0000,-2.0000,-5.2500,0.1174,-157.1351,-0.0001,-0.0056,-0.0030,-0.0000,0.0000
28.467,12.1153,-1.9841,-5.2499,-14.9825,3,3,TRACK,4,sonar,12.0000,-2.0000,-5.2500,0.1164,-157.1469,-0.0001,-0.0055,-0.0030,-0.0000,0.0000
28.500,12.1143,-1.9842,-5.2499,-14.9891,3,3,TRACK,4,sonar,12.0000,-2.0000,-5.2500,0.1154,-157.1580,-0.0001,-0.0054,-0.0029,-0.0000,0.0000
28.533,12.1133,-1.9844,-5.2499,-14.9954,3,3,TRACK,4,sonar,12.0000,-2.0000,-5.2500,0.1144,-157.1685,-0.0001,-0.0053,-0.0029,-0.0000,0.0000
28.567,12.1124,-1.9846,-5.2499,-15.0016,3,3,TRACK,4,sonar,12.0000,-2.0000,-5.2500,0.1135,-157.1785,-0.0001,-0.0052,-0.0028,-0.0000,0.0000
28.600,12.1115,-1.9847,-5.2499,-15.0077,3,3,TRACK,4,sonar,12.0000,-2.0000,-5.2500,0.1125,-157.1878,-0.0001,-0.0051,-0.0028,-0.0000,0.0000
28.633,12.1106,-1.9849,-5.2499,-15.0136,3,3,TRACK,4,sonar,12.0000,-2.0000,-5.2500,0.1116,-157.1965,-0.0001,-0.0050,-0.0027,-0.0000,0.0000
28.667,12.1097,-1.9850,-5.2500,-15.0194,3,3,TRACK,4,sonar,12.0000,-2.0000,-5.2500,0.1107,-157.2046,-0.0000,-0.0049,-0.0027,-0.0000,0.0000
28.700,12.1088,-1.9852,-5.2500,-15.0250,3,3,TRACK,4,sonar,12.0000,-2.0000,-5.2500,0.1098,-157.2122,-0.0000,-0.0049,-0.0026,-0.0000,0.0000
28.733,12.1079,-1.9853,-5.2500,-15.0305,3,3,TRACK,4,sonar,12.0000,-2.0000,-5.2500,0.1089,-157.2192,-0.0000,-0.0048,-0.0026,-0.0000,0.0000
28.767,12.1070,-1.9855,-5.2500,-15.0358,3,3,TRACK,4,sonar,12.0000,-2.0000,-5.2500,0.1080,-157.2257,-0.0000,-0.0047,-0.0025,-0.0000,0.0000
28.800,12.1062,-1.9856,-5.2500,-15.0410,3,3,TRACK,4,sonar,12.0000,-2.0000,-5.2500,0.1072,-157.2316,-0.0000,-0.0046,-0.0025,-0.0000,0.0000
28.833,12.1054,-1.9857,-5.2500,-15.0461,3,3,TRACK,4,sonar,12.0000,-2.0000,-5.2500,0.1063,-157.2369,-0.0000,-0.0046,-0.0025,-0.0000,0.0000
28.867,12.1045,-1.9859,-5.2500,-15.0510,3,3,TRACK,4,sonar,12.0000,-2.0000,-5.2500,0.1055,-157.2418,-0.0000,-0.0045,-0.0024,-0.0000,0.0000
28.900,12.1037,-1.9860,-5.2500,-15.0558,3,3,TRACK,4,sonar,12.0000,-2.0000,-5.2500,0.1047,-157.2461,-0.0000,-0.0044,-0.0024,-0.0000,0.0000
28.933,12.1029,-1.9861,-5.2500,-15.0605,3,3,TRACK,4,sonar,12.0000,-2.0000,-5.2500,0.1039,-157.2500,-0.0000,-0.0044,-0.0023,-0.0000,0.0000
28.967,12.1022,-1.9862,-5.2500,-15.0651,3,3,TRACK,4,sonar,12.0000,-2.0000,-5.2500,0.1031,-157.2533,-0.0000,-0.0043,-0.0023,-0.0000,0.0000
29.000,12.1014,-1.9863,-5.2500,-15.0696,3,3,TRACK,4,sonar,12.0000,-2.0000,-5.2500,0.1023,-157.2562,-0.0000,-0.0042,-0.0023,-0.0000,0.0000
29.033,12.1006,-1.9865,-5.2500,-15.0739,3,3,TRACK,4,sonar,12.0000,-2.0000,-5.2500,0.1015,-157.2585,-0.0000,-0.0042,-0.0022,-0.0000,0.0000
29.067,12.0999,-1.9866,-5.2500,-15.0782,3,3,TRACK,4,sonar,12.0000,-2.0000,-5.2500,0.1008,-157.2605,-0.0000,-0.0041,-0.0022,-0.0000,0.0000
29.100,12.0991,-1.9867,-5.2500,-15.0823,3,3,TRACK,4,sonar,12.0000,-2.0000,-5.2500,0.1000,-157.2620,-0.0000,-0.0040,-0.0022,-0.0000,0.0000
29.133,12.0984,-1.9868,-5.2500,-15.0864,3,3,TRACK,4,sonar,12.0000,-2.0000,-5.2500,0.0993,-157.2631,-0.0000,-0.0040,-0.0021,-0.0000,0.0000
29.167,12.0977,-1.9869,-5.2500,-15.0903,3,3,TRACK,4,sonar,12.0000,-2.0000,-5.2500,0.0986,-157.2637,0.0000,-0.0039,-0.0021,0.0000,0.0000
29.200,12.0970,-1.9870,-5.2500,-15.0942,3,3,TRACK,4,sonar,12.0000,-2.0000,-5.2500,0.0979,-157.2639,0.0000,-0.0039,-0.0021,0.0000,0.0000
29.233,12.0963,-1.9871,-5.2500,-15.0979,3,3,TRACK,4,sonar,12.0000,-2.0000,-5.2500,0.0972,-157.2639,0.0000,-0.0038,-0.0021,0.0000,0.0000
29.267,12.0956,-1.9872,-5.2500,-15.1016,3,3,TRACK,4,sonar,12.0000,-2.0000,-5.2500,0.0965,-157.2634,0.0000,-0.0038,-0.0020,0.0000,0.0000
29.300,12.0949,-1.9873,-5.2500,-15.1051,3,3,TRACK,4,sonar,12.0000,-2.0000,-5.2500,0.0958,-157.2625,0.0000,-0.0037,-0.0020,0.0000,0.0000
29.333,12.0943,-1.9874,-5.2500,-15.1086,3,3,TRACK,4,sonar,12.0000,-2.0000,-5.2500,0.0951,-157.2613,0.0000,-0.0037,-0.0020,0.0000,0.0000
29.367,12.0936,-1.9875,-5.2500,-15.1120,3,3,TRACK,4,sonar,12.0000,-2.0000,-5.2500,0.0945,-157.2598,0.0000,-0.0036,-0.0019,0.0000,0.0000
29.400,12.0930,-1.9876,-5.2500,-15.1153,3,3,TRACK,4,sonar,12.0000,-2.0000,-5.2500,0.0938,-157.2580,0.0000,-0.0036,-0.0019,0.0000,0.0000
29.433,12.0923,-1.9876,-5.2500,-15.1185,3,3,TRACK,4,sonar,12.0000,-2.0000,-5.2500,0.0932,-157.2558,0.0000,-0.0035,-0.0019,0.0000,0.0000
29.467,12.0917,-1.9877,-5.2500,-15.1216,3,3,TRACK,4,sonar,12.0000,-2.0000,-5.2500,0.0925,-157.2533,0.0000,-0.0035,-0.0019,0.0000,0.0000
29.500,12.0911,-1.9878,-5.2500,-15.1247,3,3,TRACK,4,sonar,12.0000,-2.0000,-5.2500,0.0919,-157.2506,0.0000,-0.0034,-0.0018,0.0000,0.0000
29.533,12.0905,-1.9879,-5.2500,-15.1277,3,3,TRACK,4,sonar,12.0000,-2.0000,-5.2500,0.0913,-157.2476,0.0000,-0.0034,-0.0018,0.0000,0.0000
29.567,12.0899,-1.9880,-5.2500,-15.1306,3,3,TRACK,4,sonar,12.0000,-2.0000,-5.2500,0.0907,-157.2443,0.0000,-0.0033,-0.0018,0.0000,0.0000
29.600,12.0893,-1.9880,-5.2500,-15.1334,3,3,TRACK,4,sonar,12.0000,-2.0000,-5.2500,0.0901,-157.2408,0.0000,-0.0033,-0.0018,0.0000,0.0000
29.633,12.0887,-1.9881,-5.2500,-15.1362,3,3,TRACK,4,sonar,12.0000,-2.0000,-5.2500,0.0895,-157.2369,0.0000,-0.0032,-0.0017,0.0000,0.0000
29.667,12.0882,-1.9882,-5.2500,-15.1389,3,3,TRACK,4,sonar,12.0000,-2.0000,-5.2500,0.0889,-157.2329,0.0000,-0.0032,-0.0017,0.0000,0.0000
29.700,12.0876,-1.9883,-5.2500,-15.1415,3,3,TRACK,4,sonar,12.0000,-2.0000,-5.2500,0.0884,-157.2286,0.0000,-0.0032,-0.0017,0.0000,0.0000
29.733,12.0870,-1.9883,-5.2500,-15.1440,3,3,TRACK,4,sonar,12.0000,-2.0000,-5.2500,0.0878,-157.2241,0.0000,-0.0031,-0.0017,0.0000,0.0000
29.767,12.0865,-1.9884,-5.2500,-15.1465,3,3,TRACK,4,sonar,12.0000,-2.0000,-5.2500,0.0873,-157.2195,0.0000,-0.0031,-0.0017,0.0000,0.0000
29.800,12.0859,-1.9885,-5.2500,-15.1490,3,3,TRACK,4,sonar,12.0000,-2.0000,-5.2500,0.0867,-157.2145,0.0000,-0.0030,-0.0016,0.0000,0.0000
29.833,12.0854,-1.9885,-5.2500,-15.1513,3,3,TRACK,4,sonar,12.0000,-2.0000,-5.2500,0.0862,-157.2094,0.0000,-0.0030,-0.0016,0.0000,0.0000
29.867,12.0849,-1.9886,-5.2500,-15.1536,3,3,TRACK,4,sonar,12.0000,-2.0000,-5.2500,0.0856,-157.2041,0.0000,-0.0030,-0.0016,0.0000,0.0000
29.900,12.0844,-1.9887,-5.2500,-15.1559,3,3,TRACK,4,sonar,12.0000,-2.0000,-5.2500,0.0851,-157.1986,0.0000,-0.0029,-0.0016,0.0000,0.0000
29.933,12.0839,-1.9887,-5.2500,-15.1581,3,3,TRACK,4,sonar,12.0000,-2.0000,-5.2500,0.0846,-157.1928,0.0000,-0.0029,-0.0016,0.0000,0.0000
29.967,12.0834,-1.9888,-5.2500,-15.1602,3,3,TRACK,4,sonar,12.0000,-2.0000,-5.2500,0.0841,-157.1869,0.0000,-0.0029,-0.0015,0.0000,0.0000
30.000,12.0829,-1.9889,-5.2500,-15.1623,3,3,TRACK,4,sonar,12.0000,-2.0000,-5.2500,0.0836,-157.1807,0.0000,-0.0028,-0.0015,0.0000,0.0000
30.033,12.0824,-1.9889,-5.2501,-15.1644,3,3,TRACK,4,sonar,12.0000,-2.0000,-5.2500,0.0831,-157.1743,0.0001,-0.0028,-0.0015,0.0000,0.0000
30.067,12.0819,-1.9890,-5.2501,-15.1664,3,3,TRACK,4,sonar,12.0000,-2.0000,-5.2500,0.0826,-157.1679,0.0001,-0.0028,-0.0015,0.0000,0.0000
30.100,12.0814,-1.9890,-5.2501,-15.1683,3,3,TRACK,4,sonar,12.0000,-2.0000,-5.2500,0.0822,-157.1611,0.0001,-0.0027,-0.0015,0.0000,0.0000
30.133,12.0810,-1.9891,-5.2501,-15.1702,3,3,TRACK,4,sonar,12.0000,-2.0000,-5.2500,0.0817,-157.1542,0.0001,-0.0027,-0.0015,0.0000,0.0000
30.167,12.0805,-1.9891,-5.2501,-15.1720,3,3,TRACK,4,sonar,12.0000,-2.0000,-5.2500,0.0812,-157.1471,0.0001,-0.0027,-0.0014,0.0000,0.0000
30.200,12.0800,-1.9892,-5.2501,-15.1738,3,3,TRACK,4,sonar,12.0000,-2.0000,-5.2500,0.0808,-157.1398,0.0001,-0.0026,-0.0014,0.0000,0.0000
30.233,12.0796,-1.9892,-5.2501,-15.1756,3,3,TRACK,4,sonar,12.0000,-2.0000,-5.2500,0.0803,-157.1324,0.0001,-0.0026,-0.0014,0.0000,0.0000
30.267,12.0792,-1.9893,-5.2500,-15.1773,3,3,TRACK,4,sonar,12.0000,-2.0000,-5.2500,0.0799,-157.1247,0.0000,-0.0026,-0.0014,0.0000,0.0000
30.300,12.0787,-1.9894,-5.2500,-15.1789,3,3,TRACK,4,sonar,12.0000,-2.0000,-5.2500,0.0794,-157.1168,0.0000,-0.0025,-0.0014,0.0000,0.0000
30.333,12.0783,-1.9894,-5.2500,-15.1806,3,3,TRACK,4,sonar,12.0000,-2.0000,-5.2500,0.0790,-157.1089,0.0000,-0.0025,-0.0014,0.0000,0.0000
30.367,12.0779,-1.9894,-5.2500,-15.1821,3,3,TRACK,4,sonar,12.0000,-2.0000,-5.2500,0.0786,-157.1006,0.0000,-0.0025,-0.0014,0.0000,0.0000
30.400,12.0775,-1.9895,-5.2500,-15.1837,3,3,TRACK,4,sonar,12.0000,-2.0000,-5.2500,0.0782,-157.0922,0.0000,-0.0025,-0.0013,0.0000,0.0000
30.433,12.0770,-1.9895,-5.2500,-15.1852,3,3,TRACK,4,sonar,12.0000,-2.0000,-5.2500,0.0778,-157.0837,0.0000,-0.0024,-0.0013,0.0000,0.0000
30.467,12.0766,-1.9896,-5.2500,-15.1867,3,3,TRACK,4,sonar,12.0000,-2.0000,-5.2500,0.0773,-157.0751,0.0000,-0.0024,-0.0013,0.0000,0.0000
30.500,12.0762,-1.9896,-5.2500,-15.1881,3,3,TRACK,4,sonar,12.0000,-2.0000,-5.2500,0.0769,-157.0662,0.0000,-0.0024,-0.0013,0.0000,0.0000
30.533,12.0758,-1.9897,-5.2500,-15.1895,3,3,TRACK,4,sonar,12.0000,-2.0000,-5.2500,0.0765,-157.0573,0.0000,-0.0024,-0.0013,0.0000,0.0000
30.567,12.0755,-1.9897,-5.2500,-15.1908,3,3,TRACK,4,sonar,12.0000,-2.0000,-5.2500,0.0762,-157.0481,0.0000,-0.0023,-0.0013,0.0000,0.0000
30.600,12.0751,-1.9898,-5.2500,-15.1922,3,3,TRACK,4,sonar,12.0000,-2.0000,-5.2500,0.0758,-157.0389,0.0000,-0.0023,-0.0013,0.0000,0.0000
30.633,12.0747,-1.9898,-5.2500,-15.1935,3,3,TRACK,4,sonar,12.0000,-2.0000,-5.2500,0.0754,-157.0296,0.0000,-0.0023,-0.0012,0.0000,0.0000
30.667,12.0743,-1.9898,-5.2500,-15.1947,3,3,TRACK,4,sonar,12.0000,-2.0000,-5.2500,0.0750,-157.0202,0.0000,-0.0023,-0.0012,0.0000,0.0000
30.700,12.0739,-1.9899,-5.2500,-15.1960,3,3,TRACK,4,sonar,12.0000,-2.0000,-5.2500,0.0746,-157.0107,0.0000,-0.0022,-0.0012,0.0000,0.0000
30.733,12.0736,-1.9899,-5.2500,-15.1972,3,3,TRACK,4,sonar,12.0000,-2.0000,-5.2500,0.0743,-157.0010,0.0000,-0.0022,-0.0012,0.0000,0.0000
30.767,12.0732,-1.9900,-5.2500,-15.1983,3,3,TRACK,4,sonar,12.0000,-2.0000,-5.2500,0.0739,-156.9914,0.0000,-0.0022,-0.0012,0.0000,0.0000
30.800,12.0729,-1.9900,-5.2500,-15.1995,3,3,TRACK,4,sonar,12.0000,-2.0000,-5.2500,0.0735,-156.9816,0.0000,-0.0022,-0.0012,0.0000,0.0000
30.833,12.0725,-1.9900,-5.2500,-15.2006,3,3,TRACK,4,sonar,12.0000,-2.0000,-5.2500,0.0732,-156.9718,0.0000,-0.0022,-0.0012,0.0000,0.0000
30.867,12.0722,-1.9901,-5.2500,-15.2017,3,3,TRACK,4,sonar,12.0000,-2.0000,-5.2500,0.0728,-156.9619,0.0000,-0.0021,-0.0012,0.0000,0.0000
30.900,12.0718,-1.9901,-5.2500,-15.2027,3,3,TRACK,4,sonar,12.0000,-2.0000,-5.2500,0.0725,-156.9520,0.0000,-0.0021,-0.0012,0.0000,0.0000
30.933,12.0715,-1.9901,-5.2500,-15.2038,3,3,TRACK,4,sonar,12.0000,-2.0000,-5.2500,0.0722,-156.9420,0.0000,-0.0021,-0.0011,0.0000,0.0000
30.967,12.0712,-1.9902,-5.2500,-15.2048,3,3,TRACK,4,sonar,12.0000,-2.0000,-5.2500,0.0718,-156.9321,0.0000,-0.0021,-0.0011,0.0000,0.0000
31.000,12.0708,-1.9902,-5.2500,-15.2057,3,3,TRACK,4,sonar,12.0000,-2.0000,-5.2500,0.0715,-156.9221,0.0000,-0.0021,-0.0011,0.0000,0.0000
31.033,12.0705,-1.9902,-5.2500,-15.2067,3,3,TRACK,4,sonar,12.0000,-2.0000,-5.2500,0.0712,-156.9121,0.0000,-0.0020,-0.0011,0.0000,0.0000
31.067,12.0702,-1.9903,-5.2500,-15.2076,3,3,TRACK,4,sonar,12.0000,-2.0000,-5.2500,0.0708,-156.9021,0.0000,-0.0020,-0.0011,0.0000,0.0000
31.100,12.0699,-1.9903,-5.2500,-15.2085,3,3,TRACK,4,sonar,12.0000,-2.0000,-5.2500,0.0705,-156.8922,0.0000,-0.0020,-0.0011,0.0000,0.0000
31.133,12.0695,-1.9903,-5.2500,-15.2094,3,3,TRACK,4,sonar,12.0000,-2.0000,-5.2500,0.0702,-156.8821,0.0000,-0.0020,-0.0011,0.0000,0.0000
31.167,12.0692,-1.9904,-5.2500,-15.2103,3,3,TRACK,4,sonar,12.0000,-2.0000,-5.2500,0.0699,-156.8721,0.0000,-0.0020,-0.0011,0.0000,0.0000
31.200,12.0689,-1.9904,-5.2500,-15.2111,3,3,TRACK,4,sonar,12.0000,-2.0000,-5.2500,0.0696,-156.8621,0.0000,-0.0019,-0.0011,0.0000,0.0000
31.233,12.0686,-1.9904,-5.2500,-15.2119,3,3,TRACK,4,sonar,12.0000,-2.0000,-5.2500,0.0693,-156.8520,0.0000,-0.0019,-0.0011,0.0000,0.0000
31.267,12.0683,-1.9905,-5.2500,-15.2127,3,3,TRACK,4,sonar,12.0000,-2.0000,-5.2500,0.0690,-156.8420,0.0000,-0.0019,-0.0011,0.0000,0.0000
31.300,12.0680,-1.9905,-5.2500,-15.2135,3,3,TRACK,4,sonar,12.0000,-2.0000,-5.2500,0.0687,-156.8320,0.0000,-0.0019,-0.0010,0.0000,0.0000
31.333,12.0677,-1.9905,-5.2500,-15.2143,3,3,TRACK,4,sonar,12.0000,-2.0000,-5.2500,0.0684,-156.8220,0.0000,-0.0019,-0.0010,0.0000,0.0000
31.367,12.0674,-1.9906,-5.2500,-15.2150,3,3,TRACK,4,sonar,12.0000,-2.0000,-5.2500,0.0681,-156.8120,0.0000,-0.0019,-0.0010,0.0000,0.0000
31.400,12.0672,-1.9906,-5.2500,-15.2157,3,3,TRACK,4,sonar,12.0000,-2.0000,-5.2500,0.0678,-156.8019,0.0000,-0.0018,-0.0010,0.0000,0.0000
31.433,12.0669,-1.9906,-5.2500,-15.2164,3,3,TRACK,4,sonar,12.0000,-2.0000,-5.2500,0.0675,-156.7918,0.0000,-0.0018,-0.0010,0.0000,0.0000
31.467,12.0666,-1.9906,-5.2500,-15.2171,3,3,TRACK,4,sonar,12.0000,-2.0000,-5.2500,0.0673,-156.7817,0.0000,-0.0018,-0.0010,0.0000,0.0000
31.500,12.0663,-1.9907,-5.2500,-15.2178,3,3,TRACK,4,sonar,12.0000,-2.0000,-5.2500,0.0670,-156.7716,0.0000,-0.0018,-0.0010,0.0000,0.0000
31.533,12.0661,-1.9907,-5.2500,-15.2184,3,3,TRACK,4,sonar,12.0000,-2.0000,-5.2500,0.0667,-156.7615,0.0000,-0.0018,-0.0010,0.0000,0.0000
31.567,12.0658,-1.9907,-5.2500,-15.2191,3,3,TRACK,4,sonar,12.0000,-2.0000,-5.2500,0.0664,-156.7513,0.0000,-0.0018,-0.0010,0.0000,0.0000
31.600,12.0655,-1.9907,-5.2500,-15.2197,3,3,TRACK,4,sonar,12.0000,-2.0000,-5.2500,0.0662,-156.7411,0.0000,-0.0018,-0.0010,0.0000,0.0000
31.633,12.0653,-1.9908,-5.2500,-15.2203,3,3,TRACK,4,sonar,12.0000,-2.0000,-5.2500,0.0659,-156.7309,0.0000,-0.0017,-0.0010,0.0000,0.0000
31.667,12.0650,-1.9908,-5.2500,-15.2209,3,3,TRACK,4,sonar,12.0000,-2.0000,-5.2500,0.0656,-156.7207,0.0000,-0.0017,-0.0010,0.0000,0.0000
31.700,12.0647,-1.9908,-5.2500,-15.2214,3,3,TRACK,4,sonar,12.0000,-2.0000,-5.2500,0.0654,-156.7103,0.0000,-0.0017,-0.0010,0.0000,0.0000
31.733,12.0645,-1.9908,-5.2500,-15.2220,3,3,TRACK,4,sonar,12.0000,-2.0000,-5.2500,0.0651,-156.7000,0.0000,-0.0017,-0.0009,0.0000,0.0000
31.767,12.0642,-1.9909,-5.2500,-15.2225,3,3,TRACK,4,sonar,12.0000,-2.0000,-5.2500,0.0649,-156.6896,0.0000,-0.0017,-0.0009,0.0000,0.0000
31.800,12.0640,-1.9909,-5.2500,-15.2231,3,3,TRACK,4,sonar,12.0000,-2.0000,-5.2500,0.0646,-156.6792,0.0000,-0.0017,-0.0009,0.0000,0.0000
31.833,12.0637,-1.9909,-5.2500,-15.2236,3,3,TRACK,4,sonar,12.0000,-2.0000,-5.2500,0.0644,-156.6688,0.0000,-0.0017,-0.0009,0.0000,0.0000
31.867,12.0635,-1.9909,-5.2500,-15.2241,3,3,TRACK,4,sonar,12.0000,-2.0000,-5.2500,0.0641,-156.6583,0.0000,-0.0017,-0.0009,0.0000,0.0000
31.900,12.0633,-1.9910,-5.2500,-15.2246,3,3,TRACK,4,sonar,12.0000,-2.0000,-5.2500,0.0639,-156.6478,0.0000,-0.0016,-0.0009,0.0000,0.0000
31.933,12.0630,-1.9910,-5.2500,-15.2251,3,3,TRACK,4,sonar,12.0000,-2.0000,-5.2500,0.0637,-156.6372,0.0000,-0.0016,-0.0009,0.0000,0.0000
31.967,12.0628,-1.9910,-5.2500,-15.2256,3,3,TRACK,4,sonar,12.0000,-2.0000,-5.2500,0.0634,-156.6267,0.0000,-0.0016,-0.0009,0.0000,0.0000
32.000,12.0625,-1.9910,-5.2500,-15.2260,3,3,TRACK,4,sonar,12.0000,-2.0000,-5.2500,0.0632,-156.6161,0.0000,-0.0016,-0.0009,0.0000,0.0000
32.033,12.0623,-1.9911,-5.2500,-15.2265,3,3,TRACK,4,sonar,12.0000,-2.0000,-5.2500,0.0629,-156.6055,0.0000,-0.0016,-0.0009,0.0000,0.0000
32.067,12.0621,-1.9911,-5.2500,-15.2269,3,3,TRACK,4,sonar,12.0000,-2.0000,-5.2500,0.0627,-156.5950,0.0000,-0.0016,-0.0009,0.0000,0.0000
32.100,12.0619,-1.9911,-5.2500,-15.2273,3,3,TRACK,4,sonar,12.0000,-2.0000,-5.2500,0.0625,-156.5843,0.0000,-0.0016,-0.0009,0.0000,0.0000
32.133,12.0616,-1.9911,-5.2500,-15.2277,3,3,TRACK,4,sonar,12.0000,-2.0000,-5.2500,0.0623,-156.5736,0.0000,-0.0016,-0.0009,0.0000,0.0000
32.167,12.0614,-1.9911,-5.2500,-15.2281,3,3,TRACK,4,sonar,12.0000,-2.0000,-5.2500,0.0620,-156.5631,0.0000,-0.0015,-0.0009,0.0000,0.0000
32.200,12.0612,-1.9912,-5.2500,-15.2285,3,3,TRACK,4,sonar,12.0000,-2.0000,-5.2500,0.0618,-156.5525,0.0000,-0.0015,-0.0009,0.0000,0.0000
32.233,12.0610,-1.9912,-5.2500,-15.2289,3,3,TRACK,4,sonar,12.0000,-2.0000,-5.2500,0.0616,-156.5421,0.0000,-0.0015,-0.0008,0.0000,0.0000
32.267,12.0608,-1.9912,-5.2500,-15.2293,3,3,TRACK,4,sonar,12.0000,-2.0000,-5.2500,0.0614,-156.5315,0.0000,-0.0015,-0.0008,0.0000,0.0000
32.300,12.0605,-1.9912,-5.2500,-15.2297,3,3,TRACK,4,sonar,12.0000,-2.0000,-5.2500,0.0612,-156.5211,0.0000,-0.0015,-0.0008,0.0000,0.0000
32.333,12.0603,-1.9912,-5.2500,-15.2300,3,3,TRACK,4,sonar,12.0000,-2.0000,-5.2500,0.0610,-156.5107,0.0000,-0.0015,-0.0008,0.0000,0.0000
32.367,12.0601,-1.9913,-5.2500,-15.2304,3,3,TRACK,4,sonar,12.0000,-2.0000,-5.2500,0.0608,-156.5004,-0.0000,-0.0015,-0.0008,-0.0000,0.0000
32.400,12.0599,-1.9913,-5.2500,-15.2307,3,3,TRACK,4,sonar,12.0000,-2.0000,-5.2500,0.0605,-156.4899,-0.0000,-0.0015,-0.0008,-0.0000,0.0000
32.433,12.0597,-1.9913,-5.2500,-15.2310,3,3,TRACK,4,sonar,12.0000,-2.0000,-5.2500,0.0603,-156.4798,-0.0000,-0.0015,-0.0008,-0.0000,0.0000
32.467,12.0595,-1.9913,-5.2500,-15.2313,3,3,TRACK,4,sonar,12.0000,-2.0000,-5.2500,0.0601,-156.4696,-0.0000,-0.0015,-0.0008,-0.0000,0.0000
32.500,12.0593,-1.9913,-5.2500,-15.2317,3,3,TRACK,4,sonar,12.0000,-2.0000,-5.2500,0.0599,-156.4594,-0.0000,-0.0014,-0.0008,-0.0000,0.0000
32.533,12.0591,-1.9914,-5.2500,-15.2320,3,3,TRACK,4,sonar,12.0000,-2.0000,-5.2500,0.0597,-156.4493,-0.0000,-0.0014,-0.0008,-0.0000,0.0000
32.567,12.0589,-1.9914,-5.2500,-15.2323,3,3,TRACK,4,sonar,12.0000,-2.0000,-5.2500,0.0595,-156.4392,-0.0000,-0.0014,-0.0008,-0.0000,0.0000
32.600,12.0587,-1.9914,-5.2500,-15.2326,3,3,TRACK,4,sonar,12.0000,-2.0000,-5.2500,0.0593,-156.4292,-0.0000,-0.0014,-0.0008,-0.0000,0.0000
32.633,12.0585,-1.9914,-5.2500,-15.2328,3,3,TRACK,4,sonar,12.0000,-2.0000,-5.2500,0.0591,-156.4193,-0.0000,-0.0014,-0.0008,-0.0000,0.0000
32.667,12.0583,-1.9914,-5.2500,-15.2331,3,3,TRACK,4,sonar,12.0000,-2.0000,-5.2500,0.0589,-156.4094,-0.0000,-0.0014,-0.0008,-0.0000,0.0000
32.700,12.0581,-1.9915,-5.2500,-15.2334,3,3,TRACK,4,sonar,12.0000,-2.0000,-5.2500,0.0588,-156.3997,-0.0000,-0.0014,-0.0008,-0.0000,0.0000
32.733,12.0579,-1.9915,-5.2500,-15.2336,3,3,TRACK,4,sonar,12.0000,-2.0000,-5.2500,0.0586,-156.3899,-0.0000,-0.0014,-0.0008,-0.0000,0.0000
32.767,12.0578,-1.9915,-5.2500,-15.2339,3,3,TRACK,4,sonar,12.0000,-2.0000,-5.2500,0.0584,-156.3801,-0.0000,-0.0014,-0.0008,-0.0000,0.0000
32.800,12.0576,-1.9915,-5.2500,-15.2341,3,3,TRACK,4,sonar,12.0000,-2.0000,-5.2500,0.0582,-156.3703,-0.0000,-0.0014,-0.0008,-0.0000,0.0000
32.833,12.0574,-1.9915,-5.2500,-15.2344,3,3,TRACK,4,sonar,12.0000,-2.0000,-5.2500,0.0580,-156.3607,-0.0000,-0.0013,-0.0008,-0.0000,0.0000
32.867,12.0572,-1.9915,-5.2500,-15.2346,3,3,TRACK,4,sonar,12.0000,-2.0000,-5.2500,0.0578,-156.3511,-0.0000,-0.0013,-0.0008,-0.0000,0.0000
32.900,12.0570,-1.9916,-5.2500,-15.2349,3,3,TRACK,4,sonar,12.0000,-2.0000,-5.2500,0.0576,-156.3414,-0.0000,-0.0013,-0.0007,-0.0000,0.0000
32.933,12.0568,-1.9916,-5.2500,-15.2351,3,3,TRACK,4,sonar,12.0000,-2.0000,-5.2500,0.0575,-156.3318,-0.0000,-0.0013,-0.0007,-0.0000,0.0000
32.967,12.0567,-1.9916,-5.2500,-15.2353,3,3,TRACK,4,sonar,12.0000,-2.0000,-5.2500,0.0573,-156.3223,-0.0000,-0.0013,-0.0007,-0.0000,0.0000
33.000,12.0565,-1.9916,-5.2500,-15.2355,3,3,TRACK,4,sonar,12.0000,-2.0000,-5.2500,0.0571,-156.3127,-0.0000,-0.0013,-0.0007,-0.0000,0.0000
33.033,12.0563,-1.9916,-5.2500,-15.2357,3,3,TRACK,4,sonar,12.0000,-2.0000,-5.2500,0.0569,-156.3032,-0.0000,-0.0013,-0.0007,-0.0000,0.0000
33.067,12.0561,-1.9916,-5.2500,-15.2359,3,3,TRACK,4,sonar,12.0000,-2.0000,-5.2500,0.0568,-156.2936,-0.0000,-0.0013,-0.0007,-0.0000,0.0000
33.100,12.0560,-1.9917,-5.2500,-15.2361,3,3,TRACK,4,sonar,12.0000,-2.0000,-5.2500,0.0566,-156.2839,-0.0000,-0.0013,-0.0007,-0.0000,0.0000
33.133,12.0558,-1.9917,-5.2500,-15.2363,3,3,TRACK,4,sonar,12.0000,-2.0000,-5.2500,0.0564,-156.2744,-0.0000,-0.0013,-0.0007,-0.0000,0.0000
33.167,12.0556,-1.9917,-5.2500,-15.2365,3,3,TRACK,4,sonar,12.0000,-2.0000,-5.2500,0.0562,-156.2648,-0.0000,-0.0013,-0.0007,-0.0000,0.0000
33.200,12.0555,-1.9917,-5.2500,-15.2367,3,3,TRACK,4,sonar,12.0000,-2.0000,-5.2500,0.0561,-156.2552,-0.0000,-0.0013,-0.0007,-0.0000,0.0000
33.233,12.0553,-1.9917,-5.2500,-15.2369,3,3,TRACK,4,sonar,12.0000,-2.0000,-5.2500,0.0559,-156.2457,-0.0000,-0.0013,-0.0007,-0.0000,0.0000
33.267,12.0551,-1.9917,-5.2500,-15.2370,3,3,TRACK,4,sonar,12.0000,-2.0000,-5.2500,0.0557,-156.2360,-0.0000,-0.0012,-0.0007,-0.0000,0.0000
33.300,12.0550,-1.9918,-5.2500,-15.2372,3,3,TRACK,4,sonar,12.0000,-2.0000,-5.2500,0.0556,-156.2265,-0.0000,-0.0012,-0.0007,-0.0000,0.0000
33.333,12.0548,-1.9918,-5.2500,-15.2374,3,3,TRACK,4,sonar,12.0000,-2.0000,-5.2500,0.0554,-156.2169,-0.0000,-0.0012,-0.0007,-0.0000,0.0000
33.367,12.0546,-1.9918,-5.2500,-15.2375,3,3,TRACK,4,sonar,12.0000,-2.0000,-5.2500,0.0553,-156.2073,-0.0000,-0.0012,-0.0007,-0.0000,0.0000
33.400,12.0545,-1.9918,-5.2500,-15.2377,3,3,TRACK,4,sonar,12.0000,-2.0000,-5.2500,0.0551,-156.1976,-0.0000,-0.0012,-0.0007,-0.0000,0.0000
33.433,12.0543,-1.9918,-5.2500,-15.2379,3,3,TRACK,4,sonar,12.0000,-2.0000,-5.2500,0.0549,-156.1881,-0.0000,-0.0012,-0.0007,-0.0000,0.0000
33.467,12.0542,-1.9918,-5.2500,-15.2380,3,3,TRACK,4,sonar,12.0000,-2.0000,-5.2500,0.0548,-156.1786,-0.0000,-0.0012,-0.0007,-0.0000,0.0000
33.500,12.0540,-1.9918,-5.2500,-15.2382,3,3,TRACK,4,sonar,12.0000,-2.0000,-5.2500,0.0546,-156.1690,-0.0000,-0.0012,-0.0007,-0.0000,0.0000
33.533,12.0538,-1.9919,-5.2500,-15.2383,3,3,TRACK,4,sonar,12.0000,-2.0000,-5.2500,0.0545,-156.1596,-0.0000,-0.0012,-0.0007,-0.0000,0.0000
33.567,12.0537,-1.9919,-5.2500,-15.2384,3,3,TRACK,4,sonar,12.0000,-2.0000,-5.2500,0.0543,-156.1502,-0.0000,-0.0012,-0.0007,-0.0000,0.0000
33.600,12.0535,-1.9919,-5.2500,-15.2386,3,3,TRACK,4,sonar,12.0000,-2.0000,-5.2500,0.0542,-156.1407,-0.0000,-0.0012,-0.0007,-0.0000,0.0000
33.633,12.0534,-1.9919,-5.2500,-15.2387,3,3,TRACK,4,sonar,12.0000,-2.0000,-5.2500,0.0540,-156.1313,-0.0000,-0.0012,-0.0007,-0.0000,0.0000
33.667,12.0532,-1.9919,-5.2500,-15.2388,3,3,TRACK,4,sonar,12.0000,-2.0000,-5.2500,0.0538,-156.1219,-0.0000,-0.0012,-0.0007,-0.0000,0.0000
33.700,12.0531,-1.9919,-5.2500,-15.2390,3,3,TRACK,4,sonar,12.0000,-2.0000,-5.2500,0.0537,-156.1126,-0.0000,-0.0012,-0.0007,-0.0000,0.0000
33.733,12.0529,-1.9919,-5.2500,-15.2391,3,3,TRACK,4,sonar,12.0000,-2.0000,-5.2500,0.0536,-156.1033,-0.0000,-0.0011,-0.0007,-0.0000,0.0000
33.767,12.0528,-1.9920,-5.2500,-15.2392,3,3,TRACK,4,sonar,12.0000,-2.0000,-5.2500,0.0534,-156.0941,-0.0000,-0.0011,-0.0007,-0.0000,0.0000
33.800,12.0526,-1.9920,-5.2500,-15.2393,3,3,TRACK,4,sonar,12.0000,-2.0000,-5.2500,0.0533,-156.0849,-0.0000,-0.0011,-0.0006,-0.0000,0.0000
33.833,12.0525,-1.9920,-5.2500,-15.2394,3,3,TRACK,4,sonar,12.0000,-2.0000,-5.2500,0.0531,-156.0760,-0.0000,-0.0011,-0.0006,-0.0000,0.0000
33.867,12.0524,-1.9920,-5.2500,-15.2395,3,3,TRACK,4,sonar,12.0000,-2.0000,-5.2500,0.0530,-156.0669,-0.0000,-0.0011,-0.0006,-0.0000,0.0000
33.900,12.0522,-1.9920,-5.2500,-15.2397,3,3,TRACK,4,sonar,12.0000,-2.0000,-5.2500,0.0528,-156.0579,-0.0000,-0.0011,-0.0006,-0.0000,0.0000
33.933,12.0521,-1.9920,-5.2500,-15.2398,3,3,TRACK,4,sonar,12.0000,-2.0000,-5.2500,0.0527,-156.0488,-0.0000,-0.0011,-0.0006,-0.0000,0.0000
33.967,12.0519,-1.9920,-5.2500,-15.2399,3,3,TRACK,4,sonar,12.0000,-2.0000,-5.2500,0.0525,-156.0399,-0.0000,-0.0011,-0.0006,-0.0000,0.0000
34.000,12.0518,-1.9920,-5.2500,-15.2400,3,3,TRACK,4,sonar,12.0000,-2.0000,-5.2500,0.0524,-156.0312,-0.0000,-0.0011,-0.0006,-0.0000,0.0000
34.033,12.0517,-1.9921,-5.2500,-15.2401,3,3,TRACK,4,sonar,12.0000,-2.0000,-5.2500,0.0523,-156.0225,-0.0000,-0.0011,-0.0006,-0.0000,0.0000
34.067,12.0515,-1.9921,-5.2500,-15.2402,3,3,TRACK,4,sonar,12.0000,-2.0000,-5.2500,0.0521,-156.0137,-0.0000,-0.0011,-0.0006,-0.0000,0.0000
34.100,12.0514,-1.9921,-5.2500,-15.2402,3,3,TRACK,4,sonar,12.0000,-2.0000,-5.2500,0.0520,-156.0051,-0.0000,-0.0011,-0.0006,-0.0000,0.0000
34.133,12.0512,-1.9921,-5.2500,-15.2403,3,3,TRACK,4,sonar,12.0000,-2.0000,-5.2500,0.0518,-155.9964,-0.0000,-0.0011,-0.0006,-0.0000,0.0000
34.167,12.0511,-1.9921,-5.2500,-15.2404,3,3,TRACK,4,sonar,12.0000,-2.0000,-5.2500,0.0517,-155.9879,-0.0000,-0.0011,-0.0006,-0.0000,0.0000
34.200,12.0510,-1.9921,-5.2500,-15.2405,3,3,TRACK,4,sonar,12.0000,-2.0000,-5.2500,0.0516,-155.9793,-0.0000,-0.0011,-0.0006,-0.0000,0.0000
34.233,12.0508,-1.9921,-5.2500,-15.2406,3,3,TRACK,4,sonar,12.0000,-2.0000,-5.2500,0.0514,-155.9708,-0.0000,-0.0011,-0.0006,-0.0000,0.0000
34.267,12.0507,-1.9922,-5.2500,-15.2407,3,3,TRACK,4,sonar,12.0000,-2.0000,-5.2500,0.0513,-155.9623,-0.0000,-0.0011,-0.0006,-0.0000,0.0000
34.300,12.0506,-1.9922,-5.2500,-15.2408,3,3,TRACK,4,sonar,12.0000,-2.0000,-5.2500,0.0512,-155.9538,-0.0000,-0.0010,-0.0006,-0.0000,0.0000
34.333,12.0504,-1.9922,-5.2500,-15.2408,3,3,TRACK,4,sonar,12.0000,-2.0000,-5.2500,0.0510,-155.9452,-0.0000,-0.0010,-0.0006,-0.0000,0.0000
34.367,12.0503,-1.9922,-5.2500,-15.2409,3,3,TRACK,4,sonar,12.0000,-2.0000,-5.2500,0.0509,-155.9369,-0.0000,-0.0010,-0.0006,-0.0000,0.0000
34.400,12.0502,-1.9922,-5.2500,-15.2410,3,3,TRACK,4,sonar,12.0000,-2.0000,-5.2500,0.0508,-155.9284,-0.0000,-0.0010,-0.0006,-0.0000,0.0000
34.433,12.0501,-1.9922,-5.2500,-15.2411,3,3,TRACK,4,sonar,12.0000,-2.0000,-5.2500,0.0507,-155.9200,-0.0000,-0.0010,-0.0006,-0.0000,0.0000
34.467,12.0499,-1.9922,-5.2500,-15.2411,3,3,TRACK,4,sonar,12.0000,-2.0000,-5.2500,0.0505,-155.9116,-0.0000,-0.0010,-0.0006,-0.0000,0.0000
34.500,12.0498,-1.9922,-5.2500,-15.2412,3,3,TRACK,4,sonar,12.0000,-2.0000,-5.2500,0.0504,-155.9033,-0.0000,-0.0010,-0.0006,-0.0000,0.0000
34.533,12.0497,-1.9923,-5.2500,-15.2413,3,3,TRACK,4,sonar,12.0000,-2.0000,-5.2500,0.0503,-155.8949,-0.0000,-0.0010,-0.0006,-0.0000,0.0000
34.567,12.0495,-1.9923,-5.2500,-15.2413,3,3,TRACK,4,sonar,12.0000,-2.0000,-5.2500,0.0501,-155.8864,-0.0000,-0.0010,-0.0006,-0.0000,0.0000
34.600,12.0494,-1.9923,-5.2500,-15.2413,3,3,TRACK,4,sonar,12.0000,-2.0000,-5.2500,0.0500,-155.8782,-0.0000,-0.0010,-0.0006,-0.0000,0.0000
34.633,12.0493,-1.9923,-5.2500,-15.2414,3,3,TRACK,4,sonar,12.0000,-2.0000,-5.2500,0.0499,-155.8697,-0.0000,-0.0010,-0.0006,-0.0000,0.0000
34.667,12.0492,-1.9923,-5.2500,-15.2415,3,3,TRACK,4,sonar,12.0000,-2.0000,-5.2500,0.0498,-155.8613,-0.0000,-0.0010,-0.0006,-0.0000,0.0000
34.700,12.0491,-1.9923,-5.2500,-15.2416,3,3,TRACK,4,sonar,12.0000,-2.0000,-5.2500,0.0497,-155.8529,-0.0000,-0.0010,-0.0006,-0.0000,0.0000
34.733,12.0489,-1.9923,-5.2500,-15.2416,3,3,TRACK,4,sonar,12.0000,-2.0000,-5.2500,0.0495,-155.8447,-0.0000,-0.0010,-0.0006,-0.0000,0.0000
34.767,12.0488,-1.9923,-5.2500,-15.2417,3,3,TRACK,4,sonar,12.0000,-2.0000,-5.2500,0.0494,-155.8362,-0.0000,-0.0010,-0.0006,-0.0000,0.0000
34.800,12.0487,-1.9923,-5.2500,-15.2417,3,3,TRACK,4,sonar,12.0000,-2.0000,-5.2500,0.0493,-155.8278,-0.0000,-0.0010,-0.0006,-0.0000,0.0000
34.833,12.0486,-1.9924,-5.2500,-15.2418,3,3,TRACK,4,sonar,12.0000,-2.0000,-5.2500,0.0492,-155.8195,-0.0000,-0.0010,-0.0006,-0.0000,0.0000
34.867,12.0485,-1.9924,-5.2500,-15.2418,3,3,TRACK,4,sonar,12.0000,-2.0000,-5.2500,0.0491,-155.8113,-0.0000,-0.0010,-0.0006,-0.0000,0.0000
34.900,12.0483,-1.9924,-5.2500,-15.2419,3,3,TRACK,4,sonar,12.0000,-2.0000,-5.2500,0.0489,-155.8030,-0.0000,-0.0010,-0.0006,-0.0000,0.0000
34.933,12.0482,-1.9924,-5.2500,-15.2419,3,3,TRACK,4,sonar,12.0000,-2.0000,-5.2500,0.0488,-155.7948,-0.0000,-0.0010,-0.0005,-0.0000,0.0000
34.967,12.0481,-1.9924,-5.2500,-15.2420,3,3,TRACK,4,sonar,12.0000,-2.0000,-5.2500,0.0487,-155.7864,-0.0000,-0.0009,-0.0005,-0.0000,0.0000
35.000,12.0480,-1.9924,-5.2500,-15.2420,3,3,TRACK,4,sonar,12.0000,-2.0000,-5.2500,0.0486,-155.7783,-0.0000,-0.0009,-0.0005,-0.0000,0.0000
35.033,12.0479,-1.9924,-5.2500,-15.2421,3,3,TRACK,4,sonar,12.0000,-2.0000,-5.2500,0.0485,-155.7701,-0.0000,-0.0009,-0.0005,-0.0000,0.0000
35.067,12.0478,-1.9924,-5.2500,-15.2421,3,3,TRACK,4,sonar,12.0000,-2.0000,-5.2500,0.0484,-155.7620,-0.0000,-0.0009,-0.0005,-0.0000,0.0000
35.100,12.0476,-1.9925,-5.2500,-15.2422,3,3,TRACK,4,sonar,12.0000,-2.0000,-5.2500,0.0482,-155.7538,-0.0000,-0.0009,-0.0005,-0.0000,0.0000
35.133,12.0475,-1.9925,-5.2500,-15.2422,3,3,TRACK,4,sonar,12.0000,-2.0000,-5.2500,0.0481,-155.7457,-0.0000,-0.0009,-0.0005,-0.0000,0.0000
35.167,12.0474,-1.9925,-5.2500,-15.2423,3,3,TRACK,4,sonar,12.0000,-2.0000,-5.2500,0.0480,-155.7379,-0.0000,-0.0009,-0.0005,-0.0000,0.0000
35.200,12.0473,-1.9925,-5.2500,-15.2423,3,3,TRACK,4,sonar,12.0000,-2.0000,-5.2500,0.0479,-155.7298,-0.0000,-0.0009,-0.0005,-0.0000,0.0000
35.233,12.0472,-1.9925,-5.2500,-15.2423,3,3,TRACK,4,sonar,12.0000,-2.0000,-5.2500,0.0478,-155.7220,-0.0000,-0.0009,-0.0005,-0.0000,0.0000
35.267,12.0471,-1.9925,-5.2500,-15.2424,3,3,TRACK,4,sonar,12.0000,-2.0000,-5.2500,0.0477,-155.7141,-0.0000,-0.0009,-0.0005,-0.0000,0.0000
35.300,12.0470,-1.9925,-5.2500,-15.2424,3,3,TRACK,4,sonar,12.0000,-2.0000,-5.2500,0.0476,-155.7062,-0.0000,-0.0009,-0.0005,-0.0000,0.0000
35.333,12.0469,-1.9925,-5.2500,-15.2424,3,3,TRACK,4,sonar,12.0000,-2.0000,-5.2500,0.0475,-155.6982,-0.0000,-0.0009,-0.0005,-0.0000,0.0000
35.367,12.0468,-1.9925,-5.2500,-15.2425,3,3,TRACK,4,sonar,12.0000,-2.0000,-5.2500,0.0473,-155.6904,0.0000,-0.0009,-0.0005,0.0000,0.0000
35.400,12.0466,-1.9925,-5.2500,-15.2425,3,3,TRACK,4,sonar,12.0000,-2.0000,-5.2500,0.0472,-155.6828,0.0000,-0.0009,-0.0005,0.0000,0.0000
35.433,12.0465,-1.9926,-5.2500,-15.2426,3,3,TRACK,4,sonar,12.0000,-2.0000,-5.2500,0.0471,-155.6750,0.0000,-0.0009,-0.0005,0.0000,0.0000
35.467,12.0464,-1.9926,-5.2500,-15.2426,3,3,TRACK,4,sonar,12.0000,-2.0000,-5.2500,0.0470,-155.6673,0.0000,-0.0009,-0.0005,0.0000,0.0000
35.500,12.0463,-1.9926,-5.2500,-15.2426,3,3,TRACK,4,sonar,12.0000,-2.0000,-5.2500,0.0469,-155.6598,0.0000,-0.0009,-0.0005,0.0000,0.0000
35.533,12.0462,-1.9926,-5.2500,-15.2426,3,3,TRACK,4,sonar,12.0000,-2.0000,-5.2500,0.0468,-155.6521,0.0000,-0.0009,-0.0005,0.0000,0.0000
35.567,12.0461,-1.9926,-5.2500,-15.2427,3,3,TRACK,4,sonar,12.0000,-2.0000,-5.2500,0.0467,-155.6446,0.0000,-0.0009,-0.0005,0.0000,0.0000
35.600,12.0460,-1.9926,-5.2500,-15.2427,3,3,TRACK,4,sonar,12.0000,-2.0000,-5.2500,0.0466,-155.6370,0.0000,-0.0009,-0.0005,0.0000,0.0000
35.633,12.0459,-1.9926,-5.2500,-15.2427,3,3,TRACK,4,sonar,12.0000,-2.0000,-5.2500,0.0465,-155.6294,0.0000,-0.0009,-0.0005,0.0000,0.0000
35.667,12.0458,-1.9926,-5.2500,-15.2428,3,3,TRACK,4,sonar,12.0000,-2.0000,-5.2500,0.0464,-155.6220,0.0000,-0.0009,-0.0005,0.0000,0.0000
35.700,12.0457,-1.9926,-5.2500,-15.2428,3,3,TRACK,4,sonar,12.0000,-2.0000,-5.2500,0.0463,-155.6145,0.0000,-0.0009,-0.0005,0.0000,0.0000
35.733,12.0456,-1.9927,-5.2500,-15.2428,3,3,TRACK,4,sonar,12.0000,-2.0000,-5.2500,0.0462,-155.6071,0.0000,-0.0009,-0.0005,0.0000,0.0000
35.767,12.0455,-1.9927,-5.2500,-15.2428,3,3,TRACK,4,sonar,12.0000,-2.0000,-5.2500,0.0461,-155.5996,0.0000,-0.0008,-0.0005,0.0000,0.0000
35.800,12.0454,-1.9927,-5.2500,-15.2429,3,3,TRACK,4,sonar,12.0000,-2.0000,-5.2500,0.0460,-155.5922,0.0000,-0.0008,-0.0005,0.0000,0.0000
35.833,12.0453,-1.9927,-5.2500,-15.2429,3,3,TRACK,4,sonar,12.0000,-2.0000,-5.2500,0.0459,-155.5847,0.0000,-0.0008,-0.0005,0.0000,0.0000
35.867,12.0452,-1.9927,-5.2500,-15.2429,3,3,TRACK,4,sonar,12.0000,-2.0000,-5.2500,0.0458,-155.5774,0.0000,-0.0008,-0.0005,0.0000,0.0000
35.900,12.0451,-1.9927,-5.2500,-15.2429,3,3,TRACK,4,sonar,12.0000,-2.0000,-5.2500,0.0457,-155.5698,0.0000,-0.0008,-0.0005,0.0000,0.0000
35.933,12.0450,-1.9927,-5.2500,-15.2430,3,3,TRACK,4,sonar,12.0000,-2.0000,-5.2500,0.0456,-155.5625,0.0000,-0.0008,-0.0005,0.0000,0.0000
35.967,12.0449,-1.9927,-5.2500,-15.2430,3,3,TRACK,4,sonar,12.0000,-2.0000,-5.2500,0.0455,-155.5551,0.0000,-0.0008,-0.0005,0.0000,0.0000
36.000,12.0448,-1.9927,-5.2500,-15.2430,3,3,TRACK,4,sonar,12.0000,-2.0000,-5.2500,0.0454,-155.5478,0.0000,-0.0008,-0.0005,0.0000,0.0000
36.033,12.0447,-1.9927,-5.2500,-15.2430,3,3,TRACK,4,sonar,12.0000,-2.0000,-5.2500,0.0453,-155.5404,0.0000,-0.0008,-0.0005,0.0000,0.0000
36.067,12.0446,-1.9928,-5.2500,-15.2431,3,3,TRACK,4,sonar,12.0000,-2.0000,-5.2500,0.0452,-155.5330,0.0000,-0.0008,-0.0005,0.0000,0.0000
36.100,12.0445,-1.9928,-5.2500,-15.2431,3,3,TRACK,4,sonar,12.0000,-2.0000,-5.2500,0.0451,-155.5257,0.0000,-0.0008,-0.0005,0.0000,0.0000
36.133,12.0444,-1.9928,-5.2500,-15.2431,3,3,TRACK,4,sonar,12.0000,-2.0000,-5.2500,0.0450,-155.5183,0.0000,-0.0008,-0.0005,0.0000,0.0000
36.167,12.0443,-1.9928,-5.2500,-15.2431,3,3,TRACK,4,sonar,12.0000,-2.0000,-5.2500,0.0449,-155.5111,0.0000,-0.0008,-0.0005,0.0000,0.0000
36.200,12.0442,-1.9928,-5.2500,-15.2431,3,3,TRACK,4,sonar,12.0000,-2.0000,-5.2500,0.0448,-155.5038,0.0000,-0.0008,-0.0005,0.0000,0.0000
36.233,12.0441,-1.9928,-5.2500,-15.2431,3,3,TRACK,4,sonar,12.0000,-2.0000,-5.2500,0.0447,-155.4964,0.0000,-0.0008,-0.0005,0.0000,0.0000
36.267,12.0440,-1.9928,-5.2500,-15.2432,3,3,TRACK,4,sonar,12.0000,-2.0000,-5.2500,0.0446,-155.4891,0.0000,-0.0008,-0.0005,0.0000,0.0000
36.300,12.0439,-1.9928,-5.2500,-15.2432,3,3,TRACK,4,sonar,12.0000,-2.0000,-5.2500,0.0445,-155.4818,0.0000,-0.0008,-0.0005,0.0000,0.0000
36.333,12.0438,-1.9928,-5.2500,-15.2432,3,3,TRACK,4,sonar,12.0000,-2.0000,-5.2500,0.0444,-155.4746,0.0000,-0.0008,-0.0005,0.0000,0.0000
36.367,12.0438,-1.9928,-5.2500,-15.2432,3,3,TRACK,4,sonar,12.0000,-2.0000,-5.2500,0.0443,-155.4673,0.0000,-0.0008,-0.0005,0.0000,0.0000
36.400,12.0437,-1.9929,-5.2500,-15.2432,3,3,TRACK,4,sonar,12.0000,-2.0000,-5.2500,0.0442,-155.4600,0.0000,-0.0008,-0.0005,0.0000,0.0000
36.433,12.0436,-1.9929,-5.2500,-15.2433,3,3,TRACK,4,sonar,12.0000,-2.0000,-5.2500,0.0441,-155.4530,0.0000,-0.0008,-0.0005,0.0000,0.0000
36.467,12.0435,-1.9929,-5.2500,-15.2433,3,3,TRACK,4,sonar,12.0000,-2.0000,-5.2500,0.0441,-155.4458,0.0000,-0.0008,-0.0005,0.0000,0.0000
36.500,12.0434,-1.9929,-5.2500,-15.2433,3,3,TRACK,4,sonar,12.0000,-2.0000,-5.2500,0.0440,-155.4386,0.0000,-0.0008,-0.0005,0.0000,0.0000
36.533,12.0433,-1.9929,-5.2500,-15.2433,3,3,TRACK,4,sonar,12.0000,-2.0000,-5.2500,0.0439,-155.4314,0.0000,-0.0008,-0.0005,0.0000,0.0000
36.567,12.0432,-1.9929,-5.2500,-15.2433,3,3,TRACK,4,sonar,12.0000,-2.0000,-5.2500,0.0438,-155.4243,0.0000,-0.0008,-0.0004,0.0000,0.0000
36.600,12.0431,-1.9929,-5.2500,-15.2433,3,3,TRACK,4,sonar,12.0000,-2.0000,-5.2500,0.0437,-155.4173,0.0000,-0.0008,-0.0004,0.0000,0.0000
36.633,12.0430,-1.9929,-5.2500,-15.2433,3,3,TRACK,4,sonar,12.0000,-2.0000,-5.2500,0.0436,-155.4102,0.0000,-0.0008,-0.0004,0.0000,0.0000
36.667,12.0429,-1.9929,-5.2500,-15.2434,3,3,TRACK,4,sonar,12.0000,-2.0000,-5.2500,0.0435,-155.4032,0.0000,-0.0008,-0.0004,0.0000,0.0000
36.700,12.0428,-1.9929,-5.2500,-15.2434,3,3,TRACK,4,sonar,12.0000,-2.0000,-5.2500,0.0434,-155.3962,0.0000,-0.0008,-0.0004,0.0000,0.0000
36.733,12.0428,-1.9929,-5.2500,-15.2434,3,3,TRACK,4,sonar,12.0000,-2.0000,-5.2500,0.0433,-155.3893,0.0000,-0.0007,-0.0004,0.0000,0.0000
36.767,12.0427,-1.9930,-5.2500,-15.2434,3,3,TRACK,4,sonar,12.0000,-2.0000,-5.2500,0.0432,-155.3824,0.0000,-0.0007,-0.0004,0.0000,0.0000
36.800,12.0426,-1.9930,-5.2500,-15.2434,3,3,TRACK,4,sonar,12.0000,-2.0000,-5.2500,0.0432,-155.3754,0.0000,-0.0007,-0.0004,0.0000,0.0000
36.833,12.0425,-1.9930,-5.2500,-15.2434,3,3,TRACK,4,sonar,12.0000,-2.0000,-5.2500,0.0431,-155.3685,0.0000,-0.0007,-0.0004,0.0000,0.0000
36.867,12.0424,-1.9930,-5.2500,-15.2434,3,3,TRACK,4,sonar,12.0000,-2.0000,-5.2500,0.0430,-155.3617,0.0000,-0.0007,-0.0004,0.0000,0.0000
36.900,12.0423,-1.9930,-5.2500,-15.2434,3,3,TRACK,4,sonar,12.0000,-2.0000,-5.2500,0.0429,-155.3549,0.0000,-0.0007,-0.0004,0.0000,0.0000
36.933,12.0422,-1.9930,-5.2500,-15.2434,3,3,TRACK,4,sonar,12.0000,-2.0000,-5.2500,0.0428,-155.3481,0.0000,-0.0007,-0.0004,0.0000,0.0000
36.967,12.0422,-1.9930,-5.2500,-15.2435,3,3,TRACK,4,sonar,12.0000,-2.0000,-5.2500,0.0427,-155.3411,0.0000,-0.0007,-0.0004,0.0000,0.0000
37.000,12.0421,-1.9930,-5.2500,-15.2435,3,3,TRACK,4,sonar,12.0000,-2.0000,-5.2500,0.0426,-155.3344,0.0000,-0.0007,-0.0004,0.0000,0.0000
37.033,12.0420,-1.9930,-5.2500,-15.2435,3,3,TRACK,4,sonar,12.0000,-2.0000,-5.2500,0.0426,-155.3278,0.0000,-0.0007,-0.0004,0.0000,0.0000
37.067,12.0419,-1.9930,-5.2500,-15.2435,3,3,TRACK,4,sonar,12.0000,-2.0000,-5.2500,0.0425,-155.3209,0.0000,-0.0007,-0.0004,0.0000,0.0000
37.100,12.0418,-1.9930,-5.2500,-15.2435,3,3,TRACK,4,sonar,12.0000,-2.0000,-5.2500,0.0424,-155.3143,0.0000,-0.0007,-0.0004,0.0000,0.0000
37.133,12.0417,-1.9931,-5.2500,-15.2435,3,3,TRACK,4,sonar,12.0000,-2.0000,-5.2500,0.0423,-155.3076,0.0000,-0.0007,-0.0004,0.0000,0.0000
37.167,12.0416,-1.9931,-5.2500,-15.2435,3,3,TRACK,4,sonar,12.0000,-2.0000,-5.2500,0.0422,-155.3009,0.0000,-0.0007,-0.0004,0.0000,0.0000
37.200,12.0416,-1.9931,-5.2500,-15.2435,3,3,TRACK,4,sonar,12.0000,-2.0000,-5.2500,0.0421,-155.2942,0.0000,-0.0007,-0.0004,0.0000,0.0000
37.233,12.0415,-1.9931,-5.2500,-15.2435,3,3,TRACK,4,sonar,12.0000,-2.0000,-5.2500,0.0421,-155.2877,0.0000,-0.0007,-0.0004,0.0000,0.0000
37.267,12.0414,-1.9931,-5.2500,-15.2435,3,3,TRACK,4,sonar,12.0000,-2.0000,-5.2500,0.0420,-155.2810,0.0000,-0.0007,-0.0004,0.0000,0.0000
37.300,12.0413,-1.9931,-5.2500,-15.2435,3,3,TRACK,4,sonar,12.0000,-2.0000,-5.2500,0.0419,-155.2742,0.0000,-0.0007,-0.0004,0.0000,0.0000
37.333,12.0412,-1.9931,-5.2500,-15.2436,3,3,TRACK,4,sonar,12.0000,-2.0000,-5.2500,0.0418,-155.2677,0.0000,-0.0007,-0.0004,0.0000,0.0000
37.367,12.0412,-1.9931,-5.2500,-15.2436,3,3,TRACK,4,sonar,12.0000,-2.0000,-5.2500,0.0417,-155.2610,0.0000,-0.0007,-0.0004,0.0000,0.0000
37.400,12.0411,-1.9931,-5.2500,-15.2436,3,3,TRACK,4,sonar,12.0000,-2.0000,-5.2500,0.0416,-155.2546,0.0000,-0.0007,-0.0004,0.0000,0.0000
37.433,12.0410,-1.9931,-5.2500,-15.2436,3,3,TRACK,4,sonar,12.0000,-2.0000,-5.2500,0.0416,-155.2476,0.0000,-0.0007,-0.0004,0.0000,0.0000
37.467,12.0409,-1.9931,-5.2500,-15.2436,3,3,TRACK,4,sonar,12.0000,-2.0000,-5.2500,0.0415,-155.2413,0.0000,-0.0007,-0.0004,0.0000,0.0000
37.500,12.0408,-1.9932,-5.2500,-15.2436,3,3,TRACK,4,sonar,12.0000,-2.0000,-5.2500,0.0414,-155.2345,0.0000,-0.0007,-0.0004,0.0000,0.0000
37.533,12.0408,-1.9932,-5.2500,-15.2436,3,3,TRACK,4,sonar,12.0000,-2.0000,-5.2500,0.0413,-155.2281,0.0000,-0.0007,-0.0004,0.0000,0.0000
37.567,12.0407,-1.9932,-5.2500,-15.2436,3,3,TRACK,4,sonar,12.0000,-2.0000,-5.2500,0.0412,-155.2213,0.0000,-0.0007,-0.0004,0.0000,0.0000
37.600,12.0406,-1.9932,-5.2500,-15.2436,3,3,TRACK,4,sonar,12.0000,-2.0000,-5.2500,0.0412,-155.2149,0.0000,-0.0007,-0.0004,0.0000,0.0000
37.633,12.0405,-1.9932,-5.2500,-15.2436,3,3,TRACK,4,sonar,12.0000,-2.0000,-5.2500,0.0411,-155.2083,0.0000,-0.0007,-0.0004,0.0000,0.0000
37.667,12.0404,-1.9932,-5.2500,-15.2436,3,3,TRACK,4,sonar,12.0000,-2.0000,-5.2500,0.0410,-155.2018,0.0000,-0.0007,-0.0004,0.0000,0.0000
37.700,12.0404,-1.9932,-5.2500,-15.2436,3,3,TRACK,4,sonar,12.0000,-2.0000,-5.2500,0.0409,-155.1952,0.0000,-0.0007,-0.0004,0.0000,0.0000
37.733,12.0403,-1.9932,-5.2500,-15.2436,3,3,TRACK,4,sonar,12.0000,-2.0000,-5.2500,0.0409,-155.1887,0.0000,-0.0007,-0.0004,0.0000,0.0000
37.767,12.0402,-1.9932,-5.2500,-15.2436,3,3,TRACK,4,sonar,12.0000,-2.0000,-5.2500,0.0408,-155.1823,0.0000,-0.0007,-0.0004,0.0000,0.0000
37.800,12.0401,-1.9932,-5.2500,-15.2437,3,3,TRACK,4,sonar,12.0000,-2.0000,-5.2500,0.0407,-155.1759,0.0000,-0.0007,-0.0004,0.0000,0.0000
37.833,12.0401,-1.9932,-5.2500,-15.2437,3,3,TRACK,4,sonar,12.0000,-2.0000,-5.2500,0.0406,-155.1694,0.0000,-0.0007,-0.0004,0.0000,0.0000
37.867,12.0400,-1.9932,-5.2500,-15.2437,3,3,TRACK,4,sonar,12.0000,-2.0000,-5.2500,0.0406,-155.1629,0.0000,-0.0007,-0.0004,0.0000,0.0000
37.900,12.0399,-1.9933,-5.2500,-15.2437,3,3,TRACK,4,sonar,12.0000,-2.0000,-5.2500,0.0405,-155.1566,0.0000,-0.0007,-0.0004,0.0000,0.0000
37.933,12.0398,-1.9933,-5.2500,-15.2437,3,3,TRACK,4,sonar,12.0000,-2.0000,-5.2500,0.0404,-155.1501,0.0000,-0.0006,-0.0004,0.0000,0.0000
37.967,12.0398,-1.9933,-5.2500,-15.2437,3,3,TRACK,4,sonar,12.0000,-2.0000,-5.2500,0.0403,-155.1438,0.0000,-0.0006,-0.0004,0.0000,0.0000
38.000,12.0397,-1.9933,-5.2500,-15.2437,3,3,TRACK,4,sonar,12.0000,-2.0000,-5.2500,0.0403,-155.1373,0.0000,-0.0006,-0.0004,0.0000,0.0000
38.033,12.0396,-1.9933,-5.2500,-15.2437,3,3,TRACK,4,sonar,12.0000,-2.0000,-5.2500,0.0402,-155.1309,0.0000,-0.0006,-0.0004,0.0000,0.0000
38.067,12.0395,-1.9933,-5.2500,-15.2437,3,3,TRACK,4,sonar,12.0000,-2.0000,-5.2500,0.0401,-155.1246,0.0000,-0.0006,-0.0004,0.0000,0.0000
38.100,12.0395,-1.9933,-5.2500,-15.2437,3,3,TRACK,4,sonar,12.0000,-2.0000,-5.2500,0.0400,-155.1185,0.0000,-0.0006,-0.0004,0.0000,0.0000
38.133,12.0394,-1.9933,-5.2500,-15.2437,3,3,TRACK,4,sonar,12.0000,-2.0000,-5.2500,0.0400,-155.1121,0.0000,-0.0006,-0.0004,0.0000,0.0000
38.167,12.0393,-1.9933,-5.2500,-15.2437,3,3,TRACK,4,sonar,12.0000,-2.0000,-5.2500,0.0399,-155.1058,0.0000,-0.0006,-0.0004,0.0000,0.0000
38.200,12.0392,-1.9933,-5.2500,-15.2437,3,3,TRACK,4,sonar,12.0000,-2.0000,-5.2500,0.0398,-155.0996,0.0000,-0.0006,-0.0004,0.0000,0.0000
38.233,12.0392,-1.9933,-5.2500,-15.2437,3,3,TRACK,4,sonar,12.0000,-2.0000,-5.2500,0.0397,-155.0933,0.0000,-0.0006,-0.0004,0.0000,0.0000
38.267,12.0391,-1.9933,-5.2500,-15.2437,3,3,TRACK,4,sonar,12.0000,-2.0000,-5.2500,0.0397,-155.0871,0.0000,-0.0006,-0.0004,0.0000,0.0000
38.300,12.0390,-1.9933,-5.2500,-15.2437,3,3,TRACK,4,sonar,12.0000,-2.0000,-5.2500,0.0396,-155.0809,0.0000,-0.0006,-0.0004,0.0000,0.0000
38.333,12.0390,-1.9934,-5.2500,-15.2437,3,3,TRACK,4,sonar,12.0000,-2.0000,-5.2500,0.0395,-155.0747,0.0000,-0.0006,-0.0004,0.0000,0.0000
38.367,12.0389,-1.9934,-5.2500,-15.2437,3,3,TRACK,4,sonar,12.0000,-2.0000,-5.2500,0.0394,-155.0685,0.0000,-0.0006,-0.0004,0.0000,0.0000
38.400,12.0388,-1.9934,-5.2500,-15.2437,3,3,TRACK,4,sonar,12.0000,-2.0000,-5.2500,0.0394,-155.0623,0.0000,-0.0006,-0.0004,0.0000,0.0000
38.433,12.0387,-1.9934,-5.2500,-15.2437,3,3,TRACK,4,sonar,12.0000,-2.0000,-5.2500,0.0393,-155.0561,0.0000,-0.0006,-0.0004,0.0000,0.0000
38.467,12.0387,-1.9934,-5.2500,-15.2437,3,3,TRACK,4,sonar,12.0000,-2.0000,-5.2500,0.0392,-155.0500,0.0000,-0.0006,-0.0004,0.0000,0.0000
38.500,12.0386,-1.9934,-5.2500,-15.2437,3,3,TRACK,4,sonar,12.0000,-2.0000,-5.2500,0.0392,-155.0440,0.0000,-0.0006,-0.0004,0.0000,0.0000
38.533,12.0385,-1.9934,-5.2500,-15.2437,3,3,TRACK,4,sonar,12.0000,-2.0000,-5.2500,0.0391,-155.0378,0.0000,-0.0006,-0.0004,0.0000,0.0000
38.567,12.0385,-1.9934,-5.2500,-15.2437,3,3,TRACK,4,sonar,12.0000,-2.0000,-5.2500,0.0390,-155.0317,0.0000,-0.0006,-0.0004,0.0000,0.0000
38.600,12.0384,-1.9934,-5.2500,-15.2437,3,3,TRACK,4,sonar,12.0000,-2.0000,-5.2500,0.0390,-155.0255,0.0000,-0.0006,-0.0004,0.0000,0.0000
38.633,12.0383,-1.9934,-5.2500,-15.2438,3,3,TRACK,4,sonar,12.0000,-2.0000,-5.2500,0.0389,-155.0196,0.0000,-0.0006,-0.0004,0.0000,0.0000
38.667,12.0383,-1.9934,-5.2500,-15.2438,3,3,TRACK,4,sonar,12.0000,-2.0000,-5.2500,0.0388,-155.0136,0.0000,-0.0006,-0.0004,0.0000,0.0000
38.700,12.0382,-1.9934,-5.2500,-15.2438,3,3,TRACK,4,sonar,12.0000,-2.0000,-5.2500,0.0387,-155.0075,0.0000,-0.0006,-0.0004,0.0000,0.0000
38.733,12.0381,-1.9934,-5.2500,-15.2438,3,3,TRACK,4,sonar,12.0000,-2.0000,-5.2500,0.0387,-155.0013,0.0000,-0.0006,-0.0004,0.0000,0.0000
38.767,12.0380,-1.9935,-5.2500,-15.2438,3,3,TRACK,4,sonar,12.0000,-2.0000,-5.2500,0.0386,-154.9954,0.0000,-0.0006,-0.0004,0.0000,0.0000
38.800,12.0380,-1.9935,-5.2500,-15.2438,3,3,TRACK,4,sonar,12.0000,-2.0000,-5.2500,0.0385,-154.9893,0.0000,-0.0006,-0.0004,0.0000,0.0000
38.833,12.0379,-1.9935,-5.2500,-15.2438,3,3,TRACK,4,sonar,12.0000,-2.0000,-5.2500,0.0385,-154.9832,0.0000,-0.0006,-0.0004,0.0000,0.0000
38.867,12.0378,-1.9935,-5.2500,-15.2438,3,3,TRACK,4,sonar,12.0000,-2.0000,-5.2500,0.0384,-154.9771,0.0000,-0.0006,-0.0004,0.0000,0.0000
38.900,12.0378,-1.9935,-5.2500,-15.2438,3,3,TRACK,4,sonar,12.0000,-2.0000,-5.2500,0.0383,-154.9713,0.0000,-0.0006,-0.0003,0.0000,0.0000
38.933,12.0377,-1.9935,-5.2500,-15.2438,3,3,TRACK,4,sonar,12.0000,-2.0000,-5.2500,0.0383,-154.9653,0.0000,-0.0006,-0.0003,0.0000,0.0000
38.967,12.0376,-1.9935,-5.2500,-15.2438,3,3,TRACK,4,sonar,12.0000,-2.0000,-5.2500,0.0382,-154.9592,0.0000,-0.0006,-0.0003,0.0000,0.0000
39.000,12.0376,-1.9935,-5.2500,-15.2438,3,3,TRACK,4,sonar,12.0000,-2.0000,-5.2500,0.0381,-154.9534,0.0000,-0.0006,-0.0003,0.0000,0.0000
39.033,12.0375,-1.9935,-5.2500,-15.2438,3,3,TRACK,4,sonar,12.0000,-2.0000,-5.2500,0.0381,-154.9475,0.0000,-0.0006,-0.0003,0.0000,0.0000
39.067,12.0374,-1.9935,-5.2500,-15.2438,3,3,TRACK,4,sonar,12.0000,-2.0000,-5.2500,0.0380,-154.9415,0.0000,-0.0006,-0.0003,0.0000,0.0000
39.100,12.0374,-1.9935,-5.2500,-15.2438,3,3,TRACK,4,sonar,12.0000,-2.0000,-5.2500,0.0379,-154.9354,0.0000,-0.0006,-0.0003,0.0000,0.0000
39.133,12.0373,-1.9935,-5.2500,-15.2438,3,3,TRACK,4,sonar,12.0000,-2.0000,-5.2500,0.0379,-154.9297,0.0000,-0.0006,-0.0003,0.0000,0.0000
39.167,12.0373,-1.9935,-5.2500,-15.2438,3,3,TRACK,4,sonar,12.0000,-2.0000,-5.2500,0.0378,-154.9238,0.0000,-0.0006,-0.0003,0.0000,0.0000
39.200,12.0372,-1.9936,-5.2500,-15.2438,3,3,TRACK,4,sonar,12.0000,-2.0000,-5.2500,0.0377,-154.9178,0.0000,-0.0006,-0.0003,0.0000,0.0000
39.233,12.0371,-1.9936,-5.2500,-15.2438,3,3,TRACK,4,sonar,12.0000,-2.0000,-5.2500,0.0377,-154.9119,0.0000,-0.0006,-0.0003,0.0000,0.0000
39.267,12.0371,-1.9936,-5.2500,-15.2438,3,3,TRACK,4,sonar,12.0000,-2.0000,-5.2500,0.0376,-154.9062,0.0000,-0.0006,-0.0003,0.0000,0.0000
39.300,12.0370,-1.9936,-5.2500,-15.2438,3,3,TRACK,4,sonar,12.0000,-2.0000,-5.2500,0.0376,-154.9002,-0.0000,-0.0006,-0.0003,-0.0000,0.0000
39.333,12.0369,-1.9936,-5.2500,-15.2438,3,3,TRACK,4,sonar,12.0000,-2.0000,-5.2500,0.0375,-154.8943,-0.0000,-0.0006,-0.0003,-0.0000,0.0000
39.367,12.0369,-1.9936,-5.2500,-15.2438,3,3,TRACK,4,sonar,12.0000,-2.0000,-5.2500,0.0374,-154.8885,-0.0000,-0.0006,-0.0003,-0.0000,0.0000
39.400,12.0368,-1.9936,-5.2500,-15.2438,3,3,TRACK,4,sonar,12.0000,-2.0000,-5.2500,0.0374,-154.8828,-0.0000,-0.0006,-0.0003,-0.0000,0.0000
39.433,12.0367,-1.9936,-5.2500,-15.2438,3,3,TRACK,4,sonar,12.0000,-2.0000,-5.2500,0.0373,-154.8768,-0.0000,-0.0006,-0.0003,-0.0000,0.0000
39.467,12.0367,-1.9936,-5.2500,-15.2438,3,3,TRACK,4,sonar,12.0000,-2.0000,-5.2500,0.0372,-154.8710,-0.0000,-0.0005,-0.0003,-0.0000,0.0000
39.500,12.0366,-1.9936,-5.2500,-15.2438,3,3,TRACK,4,sonar,12.0000,-2.0000,-5.2500,0.0372,-154.8652,-0.0000,-0.0005,-0.0003,-0.0000,0.0000
39.533,12.0366,-1.9936,-5.2500,-15.2438,3,3,TRACK,4,sonar,12.0000,-2.0000,-5.2500,0.0371,-154.8595,-0.0000,-0.0005,-0.0003,-0.0000,0.0000
39.567,12.0365,-1.9936,-5.2500,-15.2438,3,3,TRACK,4,sonar,12.0000,-2.0000,-5.2500,0.0370,-154.8537,-0.0000,-0.0005,-0.0003,-0.0000,0.0000
39.600,12.0364,-1.9936,-5.2500,-15.2438,3,3,TRACK,4,sonar,12.0000,-2.0000,-5.2500,0.0370,-154.8480,-0.0000,-0.0005,-0.0003,-0.0000,0.0000
39.633,12.0364,-1.9936,-5.2500,-15.2438,3,3,TRACK,4,sonar,12.0000,-2.0000,-5.2500,0.0369,-154.8421,-0.0000,-0.0005,-0.0003,-0.0000,0.0000
39.667,12.0363,-1.9937,-5.2500,-15.2438,3,3,TRACK,4,sonar,12.0000,-2.0000,-5.2500,0.0369,-154.8366,-0.0000,-0.0005,-0.0003,-0.0000,0.0000
39.700,12.0362,-1.9937,-5.2500,-15.2438,3,3,TRACK,4,sonar,12.0000,-2.0000,-5.2500,0.0368,-154.8310,-0.0000,-0.0005,-0.0003,-0.0000,0.0000
39.733,12.0362,-1.9937,-5.2500,-15.2438,3,3,TRACK,4,sonar,12.0000,-2.0000,-5.2500,0.0367,-154.8252,-0.0000,-0.0005,-0.0003,-0.0000,0.0000
39.767,12.0361,-1.9937,-5.2500,-15.2438,3,3,TRACK,4,sonar,12.0000,-2.0000,-5.2500,0.0367,-154.8194,-0.0000,-0.0005,-0.0003,-0.0000,0.0000
39.800,12.0361,-1.9937,-5.2500,-15.2438,3,3,TRACK,4,sonar,12.0000,-2.0000,-5.2500,0.0366,-154.8140,-0.0000,-0.0005,-0.0003,-0.0000,0.0000
39.833,12.0360,-1.9937,-5.2500,-15.2438,3,3,TRACK,4,sonar,12.0000,-2.0000,-5.2500,0.0366,-154.8082,-0.0000,-0.0005,-0.0003,-0.0000,0.0000
39.867,12.0359,-1.9937,-5.2500,-15.2438,3,3,TRACK,4,sonar,12.0000,-2.0000,-5.2500,0.0365,-154.8024,-0.0000,-0.0005,-0.0003,-0.0000,0.0000
39.900,12.0359,-1.9937,-5.2500,-15.2438,3,3,TRACK,4,sonar,12.0000,-2.0000,-5.2500,0.0364,-154.7968,-0.0000,-0.0005,-0.0003,-0.0000,0.0000
39.933,12.0358,-1.9937,-5.2500,-15.2438,3,3,TRACK,4,sonar,12.0000,-2.0000,-5.2500,0.0364,-154.7914,-0.0000,-0.0005,-0.0003,-0.0000,0.0000
39.967,12.0358,-1.9937,-5.2500,-15.2438,3,3,TRACK,4,sonar,12.0000,-2.0000,-5.2500,0.0363,-154.7855,-0.0000,-0.0005,-0.0003,-0.0000,0.0000
40.000,12.0357,-1.9937,-5.2500,-15.2438,3,3,TRACK,4,sonar,12.0000,-2.0000,-5.2500,0.0363,-154.7799,-0.0000,-0.0005,-0.0003,-0.0000,0.0000
40.033,12.0356,-1.9937,-5.2500,-15.2438,3,3,TRACK,4,sonar,12.0000,-2.0000,-5.2500,0.0362,-154.7743,-0.0000,-0.0005,-0.0003,-0.0000,0.0000
40.067,12.0356,-1.9937,-5.2500,-15.2438,3,3,TRACK,4,sonar,12.0000,-2.0000,-5.2500,0.0361,-154.7687,-0.0000,-0.0005,-0.0003,-0.0000,0.0000
40.100,12.0355,-1.9937,-5.2500,-15.2438,3,3,TRACK,4,sonar,12.0000,-2.0000,-5.2500,0.0361,-154.7633,-0.0000,-0.0005,-0.0003,-0.0000,0.0000
40.133,12.0355,-1.9937,-5.2500,-15.2438,3,3,TRACK,4,sonar,12.0000,-2.0000,-5.2500,0.0360,-154.7579,-0.0000,-0.0005,-0.0003,-0.0000,0.0000
40.167,12.0354,-1.9938,-5.2500,-15.2438,3,3,TRACK,4,sonar,12.0000,-2.0000,-5.2500,0.0360,-154.7522,-0.0000,-0.0005,-0.0003,-0.0000,0.0000
40.200,12.0354,-1.9938,-5.2500,-15.2438,3,3,TRACK,4,sonar,12.0000,-2.0000,-5.2500,0.0359,-154.7466,-0.0000,-0.0005,-0.0003,-0.0000,0.0000
40.233,12.0353,-1.9938,-5.2500,-15.2438,3,3,TRACK,4,sonar,12.0000,-2.0000,-5.2500,0.0358,-154.7411,-0.0000,-0.0005,-0.0003,-0.0000,0.0000
40.267,12.0352,-1.9938,-5.2500,-15.2438,3,3,TRACK,4,sonar,12.0000,-2.0000,-5.2500,0.0358,-154.7357,-0.0000,-0.0005,-0.0003,-0.0000,0.0000
40.300,12.0352,-1.9938,-5.2500,-15.2438,3,3,TRACK,4,sonar,12.0000,-2.0000,-5.2500,0.0357,-154.7298,-0.0000,-0.0005,-0.0003,-0.0000,0.0000
40.333,12.0351,-1.9938,-5.2500,-15.2438,3,3,TRACK,4,sonar,12.0000,-2.0000,-5.2500,0.0357,-154.7244,-0.0000,-0.0005,-0.0003,-0.0000,0.0000
40.367,12.0351,-1.9938,-5.2500,-15.2438,3,3,TRACK,4,sonar,12.0000,-2.0000,-5.2500,0.0356,-154.7192,-0.0000,-0.0005,-0.0003,-0.0000,0.0000
40.400,12.0350,-1.9938,-5.2500,-15.2438,3,3,TRACK,4,sonar,12.0000,-2.0000,-5.2500,0.0356,-154.7135,-0.0000,-0.0005,-0.0003,-0.0000,0.0000
40.433,12.0350,-1.9938,-5.2500,-15.2438,3,3,TRACK,4,sonar,12.0000,-2.0000,-5.2500,0.0355,-154.7081,-0.0000,-0.0005,-0.0003,-0.0000,0.0000
40.467,12.0349,-1.9938,-5.2500,-15.2438,3,3,TRACK,4,sonar,12.0000,-2.0000,-5.2500,0.0354,-154.7024,0.0000,-0.0005,-0.0003,0.0000,0.0000
40.500,12.0348,-1.9938,-5.2500,-15.2438,3,3,TRACK,4,sonar,12.0000,-2.0000,-5.2500,0.0354,-154.6970,0.0000,-0.0005,-0.0003,0.0000,0.0000
40.533,12.0348,-1.9938,-5.2500,-15.2438,3,3,TRACK,4,sonar,12.0000,-2.0000,-5.2500,0.0353,-154.6918,0.0000,-0.0005,-0.0003,0.0000,0.0000
40.567,12.0347,-1.9938,-5.2500,-15.2438,3,3,TRACK,4,sonar,12.0000,-2.0000,-5.2500,0.0353,-154.6861,0.0000,-0.0005,-0.0003,0.0000,0.0000
40.600,12.0347,-1.9938,-5.2500,-15.2438,3,3,TRACK,4,sonar,12.0000,-2.0000,-5.2500,0.0352,-154.6809,0.0000,-0.0005,-0.0003,0.0000,0.0000
40.633,12.0346,-1.9938,-5.2500,-15.2438,3,3,TRACK,4,sonar,12.0000,-2.0000,-5.2500,0.0352,-154.6751,0.0000,-0.0005,-0.0003,0.0000,0.0000
40.667,12.0346,-1.9939,-5.2500,-15.2438,3,3,TRACK,4,sonar,12.0000,-2.0000,-5.2500,0.0351,-154.6700,0.0000,-0.0005,-0.0003,0.0000,0.0000
40.700,12.0345,-1.9939,-5.2500,-15.2438,3,3,TRACK,4,sonar,12.0000,-2.0000,-5.2500,0.0350,-154.6645,0.0000,-0.0005,-0.0003,0.0000,0.0000
40.733,12.0345,-1.9939,-5.2500,-15.2438,3,3,TRACK,4,sonar,12.0000,-2.0000,-5.2500,0.0350,-154.6590,0.0000,-0.0005,-0.0003,0.0000,0.0000
40.767,12.0344,-1.9939,-5.2500,-15.2438,3,3,TRACK,4,sonar,12.0000,-2.0000,-5.2500,0.0349,-154.6538,0.0000,-0.0005,-0.0003,0.0000,0.0000
40.800,12.0343,-1.9939,-5.2500,-15.2438,3,3,TRACK,4,sonar,12.0000,-2.0000,-5.2500,0.0349,-154.6483,0.0000,-0.0005,-0.0003,0.0000,0.0000
40.833,12.0343,-1.9939,-5.2500,-15.2438,3,3,TRACK,4,sonar,12.0000,-2.0000,-5.2500,0.0348,-154.6430,0.0000,-0.0005,-0.0003,0.0000,0.0000
40.867,12.0342,-1.9939,-5.2500,-15.2438,3,3,TRACK,4,sonar,12.0000,-2.0000,-5.2500,0.0348,-154.6376,-0.0000,-0.0005,-0.0003,-0.0000,0.0000
40.900,12.0342,-1.9939,-5.2500,-15.2438,3,3,TRACK,4,sonar,12.0000,-2.0000,-5.2500,0.0347,-154.6321,-0.0000,-0.0005,-0.0003,-0.0000,0.0000
40.933,12.0341,-1.9939,-5.2500,-15.2438,3,3,TRACK,4,sonar,12.0000,-2.0000,-5.2500,0.0347,-154.6268,-0.0000,-0.0005,-0.0003,-0.0000,0.0000
40.967,12.0341,-1.9939,-5.2500,-15.2438,3,3,TRACK,4,sonar,12.0000,-2.0000,-5.2500,0.0346,-154.6216,-0.0000,-0.0005,-0.0003,-0.0000,0.0000
41.000,12.0340,-1.9939,-5.2500,-15.2438,3,3,TRACK,4,sonar,12.0000,-2.0000,-5.2500,0.0346,-154.6163,-0.0000,-0.0005,-0.0003,-0.0000,0.0000
41.033,12.0340,-1.9939,-5.2500,-15.2438,3,3,TRACK,4,sonar,12.0000,-2.0000,-5.2500,0.0345,-154.6110,0.0000,-0.0005,-0.0003,0.0000,0.0000
41.067,12.0339,-1.9939,-5.2500,-15.2438,3,3,TRACK,4,sonar,12.0000,-2.0000,-5.2500,0.0345,-154.6055,0.0000,-0.0005,-0.0003,0.0000,0.0000
41.100,12.0339,-1.9939,-5.2500,-15.2438,3,3,TRACK,4,sonar,12.0000,-2.0000,-5.2500,0.0344,-154.6005,0.0000,-0.0005,-0.0003,0.0000,0.0000
41.133,12.0338,-1.9939,-5.2500,-15.2438,3,3,TRACK,4,sonar,12.0000,-2.0000,-5.2500,0.0343,-154.5950,0.0000,-0.0005,-0.0003,0.0000,0.0000
41.167,12.0338,-1.9939,-5.2500,-15.2438,3,3,TRACK,4,sonar,12.0000,-2.0000,-5.2500,0.0343,-154.5897,0.0000,-0.0005,-0.0003,0.0000,0.0000
41.200,12.0337,-1.9940,-5.2500,-15.2438,3,3,TRACK,4,sonar,12.0000,-2.0000,-5.2500,0.0342,-154.5844,0.0000,-0.0005,-0.0003,0.0000,0.0000
41.233,12.0336,-1.9940,-5.2500,-15.2438,3,3,TRACK,4,sonar,12.0000,-2.0000,-5.2500,0.0342,-154.5791,0.0000,-0.0005,-0.0003,0.0000,0.0000
41.267,12.0336,-1.9940,-5.2500,-15.2438,3,3,TRACK,4,sonar,12.0000,-2.0000,-5.2500,0.0341,-154.5741,0.0000,-0.0005,-0.0003,0.0000,0.0000
41.300,12.0335,-1.9940,-5.2500,-15.2439,3,3,TRACK,4,sonar,12.0000,-2.0000,-5.2500,0.0341,-154.5685,0.0000,-0.0005,-0.0003,0.0000,0.0000
41.333,12.0335,-1.9940,-5.2500,-15.2439,3,3,TRACK,4,sonar,12.0000,-2.0000,-5.2500,0.0340,-154.5635,0.0000,-0.0005,-0.0003,0.0000,0.0000
41.367,12.0334,-1.9940,-5.2500,-15.2439,3,3,TRACK,4,sonar,12.0000,-2.0000,-5.2500,0.0340,-154.5582,0.0000,-0.0005,-0.0003,0.0000,0.0000
41.400,12.0334,-1.9940,-5.2500,-15.2439,3,3,TRACK,4,sonar,12.0000,-2.0000,-5.2500,0.0339,-154.5529,0.0000,-0.0005,-0.0003,0.0000,0.0000
41.433,12.0333,-1.9940,-5.2500,-15.2439,3,3,TRACK,4,sonar,12.0000,-2.0000,-5.2500,0.0339,-154.5479,0.0000,-0.0005,-0.0003,0.0000,0.0000
41.467,12.0333,-1.9940,-5.2500,-15.2439,3,3,TRACK,4,sonar,12.0000,-2.0000,-5.2500,0.0338,-154.5428,0.0000,-0.0005,-0.0003,0.0000,0.0000
41.500,12.0332,-1.9940,-5.2500,-15.2439,3,3,TRACK,4,sonar,12.0000,-2.0000,-5.2500,0.0338,-154.5375,0.0000,-0.0005,-0.0003,0.0000,0.0000
41.533,12.0332,-1.9940,-5.2500,-15.2439,3,3,TRACK,4,sonar,12.0000,-2.0000,-5.2500,0.0337,-154.5322,0.0000,-0.0004,-0.0003,0.0000,0.0000
41.567,12.0331,-1.9940,-5.2500,-15.2439,3,3,TRACK,4,sonar,12.0000,-2.0000,-5.2500,0.0337,-154.5271,0.0000,-0.0004,-0.0003,0.0000,0.0000
41.600,12.0331,-1.9940,-5.2500,-15.2439,3,3,TRACK,4,sonar,12.0000,-2.0000,-5.2500,0.0336,-154.5221,0.0000,-0.0004,-0.0003,0.0000,0.0000
41.633,12.0330,-1.9940,-5.2500,-15.2439,3,3,TRACK,4,sonar,12.0000,-2.0000,-5.2500,0.0336,-154.5169,0.0000,-0.0004,-0.0003,0.0000,0.0000
41.667,12.0330,-1.9940,-5.2500,-15.2439,3,3,TRACK,4,sonar,12.0000,-2.0000,-5.2500,0.0335,-154.5116,0.0000,-0.0004,-0.0003,0.0000,0.0000
41.700,12.0329,-1.9940,-5.2500,-15.2439,3,3,TRACK,4,sonar,12.0000,-2.0000,-5.2500,0.0335,-154.5065,0.0000,-0.0004,-0.0003,0.0000,0.0000
41.733,12.0329,-1.9941,-5.2500,-15.2439,3,3,TRACK,4,sonar,12.0000,-2.0000,-5.2500,0.0334,-154.5015,0.0000,-0.0004,-0.0003,0.0000,0.0000
41.767,12.0328,-1.9941,-5.2500,-15.2439,3,3,TRACK,4,sonar,12.0000,-2.0000,-5.2500,0.0334,-154.4964,0.0000,-0.0004,-0.0003,0.0000,0.0000
41.800,12.0328,-1.9941,-5.2500,-15.2439,3,3,TRACK,4,sonar,12.0000,-2.0000,-5.2500,0.0333,-154.4913,0.0000,-0.0004,-0.0003,0.0000,0.0000
41.833,12.0327,-1.9941,-5.2500,-15.2439,3,3,TRACK,4,sonar,12.0000,-2.0000,-5.2500,0.0333,-154.4863,0.0000,-0.0004,-0.0003,0.0000,0.0000
41.867,12.0327,-1.9941,-5.2500,-15.2439,3,3,TRACK,4,sonar,12.0000,-2.0000,-5.2500,0.0332,-154.4811,0.0000,-0.0004,-0.0003,0.0000,0.0000
41.900,12.0326,-1.9941,-5.2500,-15.2439,3,3,TRACK,4,sonar,12.0000,-2.0000,-5.2500,0.0332,-154.4761,0.0000,-0.0004,-0.0003,0.0000,0.0000
41.933,12.0326,-1.9941,-5.2500,-15.2439,3,3,TRACK,4,sonar,12.0000,-2.0000,-5.2500,0.0331,-154.4710,0.0000,-0.0004,-0.0003,0.0000,0.0000
41.967,12.0325,-1.9941,-5.2500,-15.2439,3,3,TRACK,4,sonar,12.0000,-2.0000,-5.2500,0.0331,-154.4661,0.0000,-0.0004,-0.0003,0.0000,0.0000
42.000,12.0325,-1.9941,-5.2500,-15.2439,3,3,TRACK,4,sonar,12.0000,-2.0000,-5.2500,0.0330,-154.4610,0.0000,-0.0004,-0.0003,0.0000,0.0000
42.033,12.0324,-1.9941,-5.2500,-15.2439,3,3,TRACK,4,sonar,12.0000,-2.0000,-5.2500,0.0330,-154.4557,0.0000,-0.0004,-0.0003,0.0000,0.0000
42.067,12.0324,-1.9941,-5.2500,-15.2439,3,3,TRACK,4,sonar,12.0000,-2.0000,-5.2500,0.0329,-154.4508,0.0000,-0.0004,-0.0003,0.0000,0.0000
42.100,12.0323,-1.9941,-5.2500,-15.2439,3,3,TRACK,4,sonar,12.0000,-2.0000,-5.2500,0.0329,-154.4457,0.0000,-0.0004,-0.0003,0.0000,0.0000
42.133,12.0323,-1.9941,-5.2500,-15.2439,3,3,TRACK,4,sonar,12.0000,-2.0000,-5.2500,0.0328,-154.4406,0.0000,-0.0004,-0.0003,0.0000,0.0000
42.167,12.0323,-1.9941,-5.2500,-15.2439,3,3,TRACK,4,sonar,12.0000,-2.0000,-5.2500,0.0328,-154.4358,0.0000,-0.0004,-0.0003,0.0000,0.0000
42.200,12.0322,-1.9941,-5.2500,-15.2439,3,3,TRACK,4,sonar,12.0000,-2.0000,-5.2500,0.0327,-154.4307,0.0000,-0.0004,-0.0003,0.0000,0.0000
42.233,12.0322,-1.9941,-5.2500,-15.2439,3,3,TRACK,4,sonar,12.0000,-2.0000,-5.2500,0.0327,-154.4255,0.0000,-0.0004,-0.0003,0.0000,0.0000
42.267,12.0321,-1.9941,-5.2500,-15.2439,3,3,TRACK,4,sonar,12.0000,-2.0000,-5.2500,0.0326,-154.4207,0.0000,-0.0004,-0.0003,0.0000,0.0000
42.300,12.0321,-1.9941,-5.2500,-15.2439,3,3,TRACK,4,sonar,12.0000,-2.0000,-5.2500,0.0326,-154.4156,0.0000,-0.0004,-0.0003,0.0000,0.0000
42.333,12.0320,-1.9942,-5.2500,-15.2439,3,3,TRACK,4,sonar,12.0000,-2.0000,-5.2500,0.0325,-154.4107,0.0000,-0.0004,-0.0003,0.0000,0.0000
42.367,12.0320,-1.9942,-5.2500,-15.2439,3,3,TRACK,4,sonar,12.0000,-2.0000,-5.2500,0.0325,-154.4056,0.0000,-0.0004,-0.0003,0.0000,0.0000
42.400,12.0319,-1.9942,-5.2500,-15.2439,3,3,TRACK,4,sonar,12.0000,-2.0000,-5.2500,0.0325,-154.4007,0.0000,-0.0004,-0.0003,0.0000,0.0000
42.433,12.0319,-1.9942,-5.2500,-15.2439,3,3,TRACK,4,sonar,12.0000,-2.0000,-5.2500,0.0324,-154.3956,0.0000,-0.0004,-0.0003,0.0000,0.0000
42.467,12.0318,-1.9942,-5.2500,-15.2439,3,3,TRACK,4,sonar,12.0000,-2.0000,-5.2500,0.0324,-154.3908,0.0000,-0.0004,-0.0003,0.0000,0.0000
42.500,12.0318,-1.9942,-5.2500,-15.2439,3,3,TRACK,4,sonar,12.0000,-2.0000,-5.2500,0.0323,-154.3859,0.0000,-0.0004,-0.0003,0.0000,0.0000
42.533,12.0317,-1.9942,-5.2500,-15.2439,3,3,TRACK,4,sonar,12.0000,-2.0000,-5.2500,0.0323,-154.3810,0.0000,-0.0004,-0.0003,0.0000,0.0000
42.567,12.0317,-1.9942,-5.2500,-15.2439,3,3,TRACK,4,sonar,12.0000,-2.0000,-5.2500,0.0322,-154.3759,0.0000,-0.0004,-0.0003,0.0000,0.0000
42.600,12.0316,-1.9942,-5.2500,-15.2439,3,3,TRACK,4,sonar,12.0000,-2.0000,-5.2500,0.0322,-154.3710,0.0000,-0.0004,-0.0003,0.0000,0.0000
42.633,12.0316,-1.9942,-5.2500,-15.2439,3,3,TRACK,4,sonar,12.0000,-2.0000,-5.2500,0.0321,-154.3659,0.0000,-0.0004,-0.0003,0.0000,0.0000
42.667,12.0316,-1.9942,-5.2500,-15.2439,3,3,TRACK,4,sonar,12.0000,-2.0000,-5.2500,0.0321,-154.3613,0.0000,-0.0004,-0.0003,0.0000,0.0000
42.700,12.0315,-1.9942,-5.2500,-15.2439,3,3,TRACK,4,sonar,12.0000,-2.0000,-5.2500,0.0320,-154.3564,0.0000,-0.0004,-0.0002,0.0000,0.0000
42.733,12.0315,-1.9942,-5.2500,-15.2439,3,3,TRACK,4,sonar,12.0000,-2.0000,-5.2500,0.0320,-154.3513,0.0000,-0.0004,-0.0002,0.0000,0.0000
42.767,12.0314,-1.9942,-5.2500,-15.2439,3,3,TRACK,4,sonar,12.0000,-2.0000,-5.2500,0.0319,-154.3464,0.0000,-0.0004,-0.0002,0.0000,0.0000
42.800,12.0314,-1.9942,-5.2500,-15.2439,3,3,TRACK,4,sonar,12.0000,-2.0000,-5.2500,0.0319,-154.3418,0.0000,-0.0004,-0.0002,0.0000,0.0000
42.833,12.0313,-1.9942,-5.2500,-15.2439,3,3,TRACK,4,sonar,12.0000,-2.0000,-5.2500,0.0319,-154.3369,0.0000,-0.0004,-0.0002,0.0000,0.0000
42.867,12.0313,-1.9942,-5.2500,-15.2439,3,3,TRACK,4,sonar,12.0000,-2.0000,-5.2500,0.0318,-154.3320,0.0000,-0.0004,-0.0002,0.0000,0.0000
42.900,12.0312,-1.9942,-5.2500,-15.2439,3,3,TRACK,4,sonar,12.0000,-2.0000,-5.2500,0.0318,-154.3271,0.0000,-0.0004,-0.0002,0.0000,0.0000
42.933,12.0312,-1.9943,-5.2500,-15.2439,3,3,TRACK,4,sonar,12.0000,-2.0000,-5.2500,0.0317,-154.3222,0.0000,-0.0004,-0.0002,0.0000,0.0000
42.967,12.0312,-1.9943,-5.2500,-15.2439,3,3,TRACK,4,sonar,12.0000,-2.0000,-5.2500,0.0317,-154.3174,0.0000,-0.0004,-0.0002,0.0000,0.0000
43.000,12.0311,-1.9943,-5.2500,-15.2439,3,3,TRACK,4,sonar,12.0000,-2.0000,-5.2500,0.0316,-154.3127,0.0000,-0.0004,-0.0002,0.0000,0.0000
43.033,12.0311,-1.9943,-5.2500,-15.2439,3,3,TRACK,4,sonar,12.0000,-2.0000,-5.2500,0.0316,-154.3078,0.0000,-0.0004,-0.0002,0.0000,0.0000
43.067,12.0310,-1.9943,-5.2500,-15.2439,3,3,TRACK,4,sonar,12.0000,-2.0000,-5.2500,0.0315,-154.3029,0.0000,-0.0004,-0.0002,0.0000,0.0000
43.100,12.0310,-1.9943,-5.2500,-15.2439,3,3,TRACK,4,sonar,12.0000,-2.0000,-5.2500,0.0315,-154.2980,0.0000,-0.0004,-0.0002,0.0000,0.0000
43.133,12.0309,-1.9943,-5.2500,-15.2439,3,3,TRACK,4,sonar,12.0000,-2.0000,-5.2500,0.0315,-154.2933,0.0000,-0.0004,-0.0002,0.0000,0.0000
43.167,12.0309,-1.9943,-5.2500,-15.2439,3,3,TRACK,4,sonar,12.0000,-2.0000,-5.2500,0.0314,-154.2888,0.0000,-0.0004,-0.0002,0.0000,0.0000
43.200,12.0308,-1.9943,-5.2500,-15.2439,3,3,TRACK,4,sonar,12.0000,-2.0000,-5.2500,0.0314,-154.2838,0.0000,-0.0004,-0.0002,0.0000,0.0000
43.233,12.0308,-1.9943,-5.2500,-15.2439,3,3,TRACK,4,sonar,12.0000,-2.0000,-5.2500,0.0313,-154.2792,0.0000,-0.0004,-0.0002,0.0000,0.0000
43.267,12.0308,-1.9943,-5.2500,-15.2439,3,3,TRACK,4,sonar,12.0000,-2.0000,-5.2500,0.0313,-154.2746,0.0000,-0.0004,-0.0002,0.0000,0.0000
43.300,12.0307,-1.9943,-5.2500,-15.2439,3,3,TRACK,4,sonar,12.0000,-2.0000,-5.2500,0.0312,-154.2694,0.0000,-0.0004,-0.0002,0.0000,0.0000
43.333,12.0307,-1.9943,-5.2500,-15.2439,3,3,TRACK,4,sonar,12.0000,-2.0000,-5.2500,0.0312,-154.2647,0.0000,-0.0004,-0.0002,0.0000,0.0000
43.367,12.0306,-1.9943,-5.2500,-15.2439,3,3,TRACK,4,sonar,12.0000,-2.0000,-5.2500,0.0312,-154.2602,0.0000,-0.0004,-0.0002,0.0000,0.0000
43.400,12.0306,-1.9943,-5.2500,-15.2439,3,3,TRACK,4,sonar,12.0000,-2.0000,-5.2500,0.0311,-154.2555,0.0000,-0.0004,-0.0002,0.0000,0.0000
43.433,12.0305,-1.9943,-5.2500,-15.2439,3,3,TRACK,4,sonar,12.0000,-2.0000,-5.2500,0.0311,-154.2506,0.0000,-0.0004,-0.0002,0.0000,0.0000
43.467,12.0305,-1.9943,-5.2500,-15.2439,3,3,TRACK,4,sonar,12.0000,-2.0000,-5.2500,0.0310,-154.2460,0.0000,-0.0004,-0.0002,0.0000,0.0000
43.500,12.0305,-1.9943,-5.2500,-15.2439,3,3,TRACK,4,sonar,12.0000,-2.0000,-5.2500,0.0310,-154.2410,0.0000,-0.0004,-0.0002,0.0000,0.0000
43.533,12.0304,-1.9944,-5.2500,-15.2439,3,3,TRACK,4,sonar,12.0000,-2.0000,-5.2500,0.0309,-154.2364,0.0000,-0.0004,-0.0002,0.0000,0.0000
43.567,12.0304,-1.9944,-5.2500,-15.2439,3,3,TRACK,4,sonar,12.0000,-2.0000,-5.2500,0.0309,-154.2318,0.0000,-0.0004,-0.0002,0.0000,0.0000
43.600,12.0303,-1.9944,-5.2500,-15.2439,3,3,TRACK,4,sonar,12.0000,-2.0000,-5.2500,0.0309,-154.2271,0.0000,-0.0004,-0.0002,0.0000,0.0000
43.633,12.0303,-1.9944,-5.2500,-15.2439,3,3,TRACK,4,sonar,12.0000,-2.0000,-5.2500,0.0308,-154.2222,0.0000,-0.0004,-0.0002,0.0000,0.0000
43.667,12.0303,-1.9944,-5.2500,-15.2439,3,3,TRACK,4,sonar,12.0000,-2.0000,-5.2500,0.0308,-154.2179,0.0000,-0.0004,-0.0002,0.0000,0.0000
43.700,12.0302,-1.9944,-5.2500,-15.2439,3,3,TRACK,4,sonar,12.0000,-2.0000,-5.2500,0.0307,-154.2129,0.0000,-0.0004,-0.0002,0.0000,0.0000
43.733,12.0302,-1.9944,-5.2500,-15.2439,3,3,TRACK,4,sonar,12.0000,-2.0000,-5.2500,0.0307,-154.2086,0.0000,-0.0004,-0.0002,0.0000,0.0000
43.767,12.0301,-1.9944,-5.2500,-15.2439,3,3,TRACK,4,sonar,12.0000,-2.0000,-5.2500,0.0306,-154.2036,0.0000,-0.0004,-0.0002,0.0000,0.0000
43.800,12.0301,-1.9944,-5.2500,-15.2439,3,3,TRACK,4,sonar,12.0000,-2.0000,-5.2500,0.0306,-154.1990,0.0000,-0.0004,-0.0002,0.0000,0.0000
43.833,12.0300,-1.9944,-5.2500,-15.2439,3,3,TRACK,4,sonar,12.0000,-2.0000,-5.2500,0.0306,-154.1944,0.0000,-0.0004,-0.0002,0.0000,0.0000
43.867,12.0300,-1.9944,-5.2500,-15.2439,3,3,TRACK,4,sonar,12.0000,-2.0000,-5.2500,0.0305,-154.1897,0.0000,-0.0004,-0.0002,0.0000,0.0000
43.900,12.0300,-1.9944,-5.2500,-15.2439,3,3,TRACK,4,sonar,12.0000,-2.0000,-5.2500,0.0305,-154.1850,0.0000,-0.0004,-0.0002,0.0000,0.0000
43.933,12.0299,-1.9944,-5.2500,-15.2439,3,3,TRACK,4,sonar,12.0000,-2.0000,-5.2500,0.0304,-154.1801,0.0000,-0.0004,-0.0002,0.0000,0.0000
43.967,12.0299,-1.9944,-5.2500,-15.2439,3,3,TRACK,4,sonar,12.0000,-2.0000,-5.2500,0.0304,-154.1758,0.0000,-0.0004,-0.0002,0.0000,0.0000
44.000,12.0298,-1.9944,-5.2500,-15.2439,3,3,TRACK,4,sonar,12.0000,-2.0000,-5.2500,0.0304,-154.1711,0.0000,-0.0004,-0.0002,0.0000,0.0000
44.033,12.0298,-1.9944,-5.2500,-15.2439,3,3,TRACK,4,sonar,12.0000,-2.0000,-5.2500,0.0303,-154.1665,0.0000,-0.0004,-0.0002,0.0000,0.0000
44.067,12.0298,-1.9944,-5.2500,-15.2439,3,3,TRACK,4,sonar,12.0000,-2.0000,-5.2500,0.0303,-154.1619,0.0000,-0.0004,-0.0002,0.0000,0.0000
44.100,12.0297,-1.9944,-5.2500,-15.2439,3,3,TRACK,4,sonar,12.0000,-2.0000,-5.2500,0.0302,-154.1575,0.0000,-0.0004,-0.0002,0.0000,0.0000
44.133,12.0297,-1.9944,-5.2500,-15.2439,3,3,TRACK,4,sonar,12.0000,-2.0000,-5.2500,0.0302,-154.1528,0.0000,-0.0004,-0.0002,0.0000,0.0000
44.167,12.0296,-1.9944,-5.2500,-15.2439,3,3,TRACK,4,sonar,12.0000,-2.0000,-5.2500,0.0302,-154.1482,0.0000,-0.0004,-0.0002,0.0000,0.0000
44.200,12.0296,-1.9945,-5.2500,-15.2439,3,3,TRACK,4,sonar,12.0000,-2.0000,-5.2500,0.0301,-154.1435,0.0000,-0.0004,-0.0002,0.0000,0.0000
44.233,12.0296,-1.9945,-5.2500,-15.2439,3,3,TRACK,4,sonar,12.0000,-2.0000,-5.2500,0.0301,-154.1388,0.0000,-0.0004,-0.0002,0.0000,0.0000
44.267,12.0295,-1.9945,-5.2500,-15.2439,3,3,TRACK,4,sonar,12.0000,-2.0000,-5.2500,0.0300,-154.1345,0.0000,-0.0004,-0.0002,0.0000,0.0000
44.300,12.0295,-1.9945,-5.2500,-15.2439,3,3,TRACK,4,sonar,12.0000,-2.0000,-5.2500,0.0300,-154.1298,0.0000,-0.0004,-0.0002,0.0000,0.0000
44.333,12.0294,-1.9945,-5.2500,-15.2439,3,3,TRACK,4,sonar,12.0000,-2.0000,-5.2500,0.0300,-154.1252,0.0000,-0.0004,-0.0002,0.0000,0.0000
44.367,12.0294,-1.9945,-5.2500,-15.2439,3,3,TRACK,4,sonar,12.0000,-2.0000,-5.2500,0.0299,-154.1208,0.0000,-0.0004,-0.0002,0.0000,0.0000
44.400,12.0294,-1.9945,-5.2500,-15.2439,3,3,TRACK,4,sonar,12.0000,-2.0000,-5.2500,0.0299,-154.1164,0.0000,-0.0004,-0.0002,0.0000,0.0000
44.433,12.0293,-1.9945,-5.2500,-15.2439,3,3,TRACK,4,sonar,12.0000,-2.0000,-5.2500,0.0298,-154.1117,0.0000,-0.0004,-0.0002,0.0000,0.0000
44.467,12.0293,-1.9945,-5.2500,-15.2439,3,3,TRACK,4,sonar,12.0000,-2.0000,-5.2500,0.0298,-154.1071,0.0000,-0.0003,-0.0002,0.0000,0.0000
44.500,12.0292,-1.9945,-5.2500,-15.2439,3,3,TRACK,4,sonar,12.0000,-2.0000,-5.2500,0.0298,-154.1026,0.0000,-0.0003,-0.0002,0.0000,0.0000
44.533,12.0292,-1.9945,-5.2500,-15.2439,3,3,TRACK,4,sonar,12.0000,-2.0000,-5.2500,0.0297,-154.0983,0.0000,-0.0003,-0.0002,0.0000,0.0000
44.567,12.0292,-1.9945,-5.2500,-15.2439,3,3,TRACK,4,sonar,12.0000,-2.0000,-5.2500,0.0297,-154.0936,0.0000,-0.0003,-0.0002,0.0000,0.0000
44.600,12.0291,-1.9945,-5.2500,-15.2439,3,3,TRACK,4,sonar,12.0000,-2.0000,-5.2500,0.0296,-154.0893,0.0000,-0.0003,-0.0002,0.0000,0.0000
44.633,12.0291,-1.9945,-5.2500,-15.2439,3,3,TRACK,4,sonar,12.0000,-2.0000,-5.2500,0.0296,-154.0849,0.0000,-0.0003,-0.0002,0.0000,0.0000
44.667,12.0291,-1.9945,-5.2500,-15.2439,3,3,TRACK,4,sonar,12.0000,-2.0000,-5.2500,0.0296,-154.0802,0.0000,-0.0003,-0.0002,0.0000,0.0000
44.700,12.0290,-1.9945,-5.2500,-15.2439,3,3,TRACK,4,sonar,12.0000,-2.0000,-5.2500,0.0295,-154.0755,0.0000,-0.0003,-0.0002,0.0000,0.0000
44.733,12.0290,-1.9945,-5.2500,-15.2439,3,3,TRACK,4,sonar,12.0000,-2.0000,-5.2500,0.0295,-154.0711,0.0000,-0.0003,-0.0002,0.0000,0.0000
44.767,12.0289,-1.9945,-5.2500,-15.2439,3,3,TRACK,4,sonar,12.0000,-2.0000,-5.2500,0.0295,-154.0671,0.0000,-0.0003,-0.0002,0.0000,0.0000
44.800,12.0289,-1.9945,-5.2500,-15.2439,3,3,TRACK,4,sonar,12.0000,-2.0000,-5.2500,0.0294,-154.0624,0.0000,-0.0003,-0.0002,0.0000,0.0000
44.833,12.0289,-1.9945,-5.2500,-15.2439,3,3,TRACK,4,sonar,12.0000,-2.0000,-5.2500,0.0294,-154.0577,0.0000,-0.0003,-0.0002,0.0000,0.0000
44.867,12.0288,-1.9946,-5.2500,-15.2439,3,3,TRACK,4,sonar,12.0000,-2.0000,-5.2500,0.0293,-154.0536,0.0000,-0.0003,-0.0002,0.0000,0.0000
44.900,12.0288,-1.9946,-5.2500,-15.2439,3,3,TRACK,4,sonar,12.0000,-2.0000,-5.2500,0.0293,-154.0489,0.0000,-0.0003,-0.0002,0.0000,0.0000
44.933,12.0288,-1.9946,-5.2500,-15.2439,3,3,TRACK,4,sonar,12.0000,-2.0000,-5.2500,0.0293,-154.0446,0.0000,-0.0003,-0.0002,0.0000,0.0000
44.967,12.0287,-1.9946,-5.2500,-15.2439,3,3,TRACK,4,sonar,12.0000,-2.0000,-5.2500,0.0292,-154.0402,0.0000,-0.0003,-0.0002,0.0000,0.0000
45.000,12.0287,-1.9946,-5.2500,-15.2439,3,3,TRACK,4,sonar,12.0000,-2.0000,-5.2500,0.0292,-154.0358,0.0000,-0.0003,-0.0002,0.0000,0.0000
45.033,12.0286,-1.9946,-5.2500,-15.2439,3,3,TRACK,4,sonar,12.0000,-2.0000,-5.2500,0.0291,-154.0312,0.0000,-0.0003,-0.0002,0.0000,0.0000
45.067,12.0286,-1.9946,-5.2500,-15.2439,3,3,TRACK,4,sonar,12.0000,-2.0000,-5.2500,0.0291,-154.0268,0.0000,-0.0003,-0.0002,0.0000,0.0000
45.100,12.0286,-1.9946,-5.2500,-15.2439,3,3,TRACK,4,sonar,12.0000,-2.0000,-5.2500,0.0291,-154.0224,0.0000,-0.0003,-0.0002,0.0000,0.0000
45.133,12.0285,-1.9946,-5.2500,-15.2439,3,3,TRACK,4,sonar,12.0000,-2.0000,-5.2500,0.0290,-154.0181,0.0000,-0.0003,-0.0002,0.0000,0.0000
45.167,12.0285,-1.9946,-5.2500,-15.2439,3,3,TRACK,4,sonar,12.0000,-2.0000,-5.2500,0.0290,-154.0137,0.0000,-0.0003,-0.0002,0.0000,0.0000
45.200,12.0285,-1.9946,-5.2500,-15.2439,3,3,TRACK,4,sonar,12.0000,-2.0000,-5.2500,0.0290,-154.0093,0.0000,-0.0003,-0.0002,0.0000,0.0000
45.233,12.0284,-1.9946,-5.2500,-15.2439,3,3,TRACK,4,sonar,12.0000,-2.0000,-5.2500,0.0289,-154.0047,0.0000,-0.0003,-0.0002,0.0000,0.0000
45.267,12.0284,-1.9946,-5.2500,-15.2439,3,3,TRACK,4,sonar,12.0000,-2.0000,-5.2500,0.0289,-154.0003,0.0000,-0.0003,-0.0002,0.0000,0.0000
45.300,12.0283,-1.9946,-5.2500,-15.2439,3,3,TRACK,4,sonar,12.0000,-2.0000,-5.2500,0.0289,-153.9962,0.0000,-0.0003,-0.0002,0.0000,0.0000
45.333,12.0283,-1.9946,-5.2500,-15.2439,3,3,TRACK,4,sonar,12.0000,-2.0000,-5.2500,0.0288,-153.9918,0.0000,-0.0003,-0.0002,0.0000,0.0000
45.367,12.0283,-1.9946,-5.2500,-15.2439,3,3,TRACK,4,sonar,12.0000,-2.0000,-5.2500,0.0288,-153.9874,0.0000,-0.0003,-0.0002,0.0000,0.0000
45.400,12.0282,-1.9946,-5.2500,-15.2439,3,3,TRACK,4,sonar,12.0000,-2.0000,-5.2500,0.0287,-153.9828,0.0000,-0.0003,-0.0002,0.0000,0.0000
45.433,12.0282,-1.9946,-5.2500,-15.2439,3,3,TRACK,4,sonar,12.0000,-2.0000,-5.2500,0.0287,-153.9784,0.0000,-0.0003,-0.0002,0.0000,0.0000
45.467,12.0282,-1.9946,-5.2500,-15.2439,3,3,TRACK,4,sonar,12.0000,-2.0000,-5.2500,0.0287,-153.9743,0.0000,-0.0003,-0.0002,0.0000,0.0000
45.500,12.0281,-1.9946,-5.2500,-15.2439,3,3,TRACK,4,sonar,12.0000,-2.0000,-5.2500,0.0286,-153.9697,0.0000,-0.0003,-0.0002,0.0000,0.0000
45.533,12.0281,-1.9946,-5.2500,-15.2439,3,3,TRACK,4,sonar,12.0000,-2.0000,-5.2500,0.0286,-153.9656,0.0000,-0.0003,-0.0002,0.0000,0.0000
45.567,12.0281,-1.9947,-5.2500,-15.2439,3,3,TRACK,4,sonar,12.0000,-2.0000,-5.2500,0.0286,-153.9611,0.0000,-0.0003,-0.0002,0.0000,0.0000
45.600,12.0280,-1.9947,-5.2500,-15.2439,3,3,TRACK,4,sonar,12.0000,-2.0000,-5.2500,0.0285,-153.9568,0.0000,-0.0003,-0.0002,0.0000,0.0000
45.633,12.0280,-1.9947,-5.2500,-15.2439,3,3,TRACK,4,sonar,12.0000,-2.0000,-5.2500,0.0285,-153.9525,0.0000,-0.0003,-0.0002,0.0000,0.0000
45.667,12.0280,-1.9947,-5.2500,-15.2439,3,3,TRACK,4,sonar,12.0000,-2.0000,-5.2500,0.0285,-153.9483,0.0000,-0.0003,-0.0002,0.0000,0.0000
45.700,12.0279,-1.9947,-5.2500,-15.2439,3,3,TRACK,4,sonar,12.0000,-2.0000,-5.2500,0.0284,-153.9440,0.0000,-0.0003,-0.0002,0.0000,0.0000
45.733,12.0279,-1.9947,-5.2500,-15.2439,3,3,TRACK,4,sonar,12.0000,-2.0000,-5.2500,0.0284,-153.9396,0.0000,-0.0003,-0.0002,0.0000,0.0000
45.767,12.0278,-1.9947,-5.2500,-15.2439,3,3,TRACK,4,sonar,12.0000,-2.0000,-5.2500,0.0283,-153.9352,0.0000,-0.0003,-0.0002,0.0000,0.0000
45.800,12.0278,-1.9947,-5.2500,-15.2439,3,3,TRACK,4,sonar,12.0000,-2.0000,-5.2500,0.0283,-153.9312,0.0000,-0.0003,-0.0002,0.0000,0.0000
45.833,12.0278,-1.9947,-5.2500,-15.2439,3,3,TRACK,4,sonar,12.0000,-2.0000,-5.2500,0.0283,-153.9267,0.0000,-0.0003,-0.0002,0.0000,0.0000
45.867,12.0277,-1.9947,-5.2500,-15.2439,3,3,TRACK,4,sonar,12.0000,-2.0000,-5.2500,0.0282,-153.9227,0.0000,-0.0003,-0.0002,0.0000,0.0000
45.900,12.0277,-1.9947,-5.2500,-15.2439,3,3,TRACK,4,sonar,12.0000,-2.0000,-5.2500,0.0282,-153.9183,0.0000,-0.0003,-0.0002,0.0000,0.0000
45.933,12.0277,-1.9947,-5.2500,-15.2439,3,3,TRACK,4,sonar,12.0000,-2.0000,-5.2500,0.0282,-153.9139,0.0000,-0.0003,-0.0002,0.0000,0.0000
45.967,12.0276,-1.9947,-5.2500,-15.2439,3,3,TRACK,4,sonar,12.0000,-2.0000,-5.2500,0.0281,-153.9098,0.0000,-0.0003,-0.0002,0.0000,0.0000
46.000,12.0276,-1.9947,-5.2500,-15.2439,3,3,TRACK,4,sonar,12.0000,-2.0000,-5.2500,0.0281,-153.9055,0.0000,-0.0003,-0.0002,0.0000,0.0000
46.033,12.0276,-1.9947,-5.2500,-15.2439,3,3,TRACK,4,sonar,12.0000,-2.0000,-5.2500,0.0281,-153.9014,0.0000,-0.0003,-0.0002,0.0000,0.0000
46.067,12.0275,-1.9947,-5.2500,-15.2439,3,3,TRACK,4,sonar,12.0000,-2.0000,-5.2500,0.0280,-153.8970,0.0000,-0.0003,-0.0002,0.0000,0.0000
46.100,12.0275,-1.9947,-5.2500,-15.2439,3,3,TRACK,4,sonar,12.0000,-2.0000,-5.2500,0.0280,-153.8927,0.0000,-0.0003,-0.0002,0.0000,0.0000
46.133,12.0275,-1.9947,-5.2500,-15.2439,3,3,TRACK,4,sonar,12.0000,-2.0000,-5.2500,0.0280,-153.8889,0.0000,-0.0003,-0.0002,0.0000,0.0000
46.167,12.0274,-1.9947,-5.2500,-15.2439,3,3,TRACK,4,sonar,12.0000,-2.0000,-5.2500,0.0279,-153.8845,0.0000,-0.0003,-0.0002,0.0000,0.0000
46.200,12.0274,-1.9947,-5.2500,-15.2439,3,3,TRACK,4,sonar,12.0000,-2.0000,-5.2500,0.0279,-153.8801,0.0000,-0.0003,-0.0002,0.0000,0.0000
46.233,12.0274,-1.9947,-5.2500,-15.2439,3,3,TRACK,4,sonar,12.0000,-2.0000,-5.2500,0.0279,-153.8760,0.0000,-0.0003,-0.0002,0.0000,0.0000
46.267,12.0273,-1.9947,-5.2500,-15.2439,3,3,TRACK,4,sonar,12.0000,-2.0000,-5.2500,0.0278,-153.8720,0.0000,-0.0003,-0.0002,0.0000,0.0000
46.300,12.0273,-1.9947,-5.2500,-15.2439,3,3,TRACK,4,sonar,12.0000,-2.0000,-5.2500,0.0278,-153.8676,0.0000,-0.0003,-0.0002,0.0000,0.0000
46.333,12.0273,-1.9948,-5.2500,-15.2439,3,3,TRACK,4,sonar,12.0000,-2.0000,-5.2500,0.0278,-153.8632,0.0000,-0.0003,-0.0002,0.0000,0.0000
46.367,12.0272,-1.9948,-5.2500,-15.2439,3,3,TRACK,4,sonar,12.0000,-2.0000,-5.2500,0.0277,-153.8592,0.0000,-0.0003,-0.0002,0.0000,0.0000
46.400,12.0272,-1.9948,-5.2500,-15.2439,3,3,TRACK,4,sonar,12.0000,-2.0000,-5.2500,0.0277,-153.8548,0.0000,-0.0003,-0.0002,0.0000,0.0000
46.433,12.0272,-1.9948,-5.2500,-15.2439,3,3,TRACK,4,sonar,12.0000,-2.0000,-5.2500,0.0277,-153.8507,0.0000,-0.0003,-0.0002,0.0000,0.0000
46.467,12.0271,-1.9948,-5.2500,-15.2439,3,3,TRACK,4,sonar,12.0000,-2.0000,-5.2500,0.0276,-153.8467,0.0000,-0.0003,-0.0002,0.0000,0.0000
46.500,12.0271,-1.9948,-5.2500,-15.2439,3,3,TRACK,4,sonar,12.0000,-2.0000,-5.2500,0.0276,-153.8426,0.0000,-0.0003,-0.0002,0.0000,0.0000
46.533,12.0271,-1.9948,-5.2500,-15.2439,3,3,TRACK,4,sonar,12.0000,-2.0000,-5.2500,0.0276,-153.8382,0.0000,-0.0003,-0.0002,0.0000,0.0000
46.567,12.0270,-1.9948,-5.2500,-15.2439,3,3,TRACK,4,sonar,12.0000,-2.0000,-5.2500,0.0275,-153.8342,0.0000,-0.0003,-0.0002,0.0000,0.0000
46.600,12.0270,-1.9948,-5.2500,-15.2439,3,3,TRACK,4,sonar,12.0000,-2.0000,-5.2500,0.0275,-153.8298,0.0000,-0.0003,-0.0002,0.0000,0.0000
46.633,12.0270,-1.9948,-5.2500,-15.2439,3,3,TRACK,4,sonar,12.0000,-2.0000,-5.2500,0.0275,-153.8258,0.0000,-0.0003,-0.0002,0.0000,0.0000
46.667,12.0269,-1.9948,-5.2500,-15.2439,3,3,TRACK,4,sonar,12.0000,-2.0000,-5.2500,0.0274,-153.8218,0.0000,-0.0003,-0.0002,0.0000,0.0000
46.700,12.0269,-1.9948,-5.2500,-15.2439,3,3,TRACK,4,sonar,12.0000,-2.0000,-5.2500,0.0274,-153.8173,0.0000,-0.0003,-0.0002,0.0000,0.0000
46.733,12.0269,-1.9948,-5.2500,-15.2439,3,3,TRACK,4,sonar,12.0000,-2.0000,-5.2500,0.0274,-153.8133,0.0000,-0.0003,-0.0002,0.0000,0.0000
46.767,12.0268,-1.9948,-5.2500,-15.2439,3,3,TRACK,4,sonar,12.0000,-2.0000,-5.2500,0.0273,-153.8090,0.0000,-0.0003,-0.0002,0.0000,0.0000
46.800,12.0268,-1.9948,-5.2500,-15.2439,3,3,TRACK,4,sonar,12.0000,-2.0000,-5.2500,0.0273,-153.8049,0.0000,-0.0003,-0.0002,0.0000,0.0000
46.833,12.0268,-1.9948,-5.2500,-15.2439,3,3,TRACK,4,sonar,12.0000,-2.0000,-5.2500,0.0273,-153.8008,0.0000,-0.0003,-0.0002,0.0000,0.0000
46.867,12.0267,-1.9948,-5.2500,-15.2439,3,3,TRACK,4,sonar,12.0000,-2.0000,-5.2500,0.0272,-153.7968,0.0000,-0.0003,-0.0002,0.0000,0.0000
46.900,12.0267,-1.9948,-5.2500,-15.2439,3,3,TRACK,4,sonar,12.0000,-2.0000,-5.2500,0.0272,-153.7927,0.0000,-0.0003,-0.0002,0.0000,0.0000
46.933,12.0267,-1.9948,-5.2500,-15.2439,3,3,TRACK,4,sonar,12.0000,-2.0000,-5.2500,0.0272,-153.7883,0.0000,-0.0003,-0.0002,0.0000,0.0000
46.967,12.0266,-1.9948,-5.2500,-15.2439,3,3,TRACK,4,sonar,12.0000,-2.0000,-5.2500,0.0271,-153.7844,0.0000,-0.0003,-0.0002,0.0000,0.0000
47.000,12.0266,-1.9948,-5.2500,-15.2439,3,3,TRACK,4,sonar,12.0000,-2.0000,-5.2500,0.0271,-153.7802,0.0000,-0.0003,-0.0002,0.0000,0.0000
47.033,12.0266,-1.9948,-5.2500,-15.2439,3,3,TRACK,4,sonar,12.0000,-2.0000,-5.2500,0.0271,-153.7762,0.0000,-0.0003,-0.0002,0.0000,0.0000
47.067,12.0265,-1.9948,-5.2500,-15.2439,3,3,TRACK,4,sonar,12.0000,-2.0000,-5.2500,0.0270,-153.7722,0.0000,-0.0003,-0.0002,0.0000,0.0000
47.100,12.0265,-1.9949,-5.2500,-15.2439,3,3,TRACK,4,sonar,12.0000,-2.0000,-5.2500,0.0270,-153.7681,0.0000,-0.0003,-0.0002,0.0000,0.0000
47.133,12.0265,-1.9949,-5.2500,-15.2439,3,3,TRACK,4,sonar,12.0000,-2.0000,-5.2500,0.0270,-153.7641,0.0000,-0.0003,-0.0002,0.0000,0.0000
47.167,12.0265,-1.9949,-5.2500,-15.2439,3,3,TRACK,4,sonar,12.0000,-2.0000,-5.2500,0.0269,-153.7601,0.0000,-0.0003,-0.0002,0.0000,0.0000
47.200,12.0264,-1.9949,-5.2500,-15.2439,3,3,TRACK,4,sonar,12.0000,-2.0000,-5.2500,0.0269,-153.7560,0.0000,-0.0003,-0.0002,0.0000,0.0000
47.233,12.0264,-1.9949,-5.2500,-15.2439,3,3,TRACK,4,sonar,12.0000,-2.0000,-5.2500,0.0269,-153.7519,0.0000,-0.0003,-0.0002,0.0000,0.0000
47.267,12.0264,-1.9949,-5.2500,-15.2439,3,3,TRACK,4,sonar,12.0000,-2.0000,-5.2500,0.0269,-153.7478,0.0000,-0.0003,-0.0002,0.0000,0.0000
47.300,12.0263,-1.9949,-5.2500,-15.2439,3,3,TRACK,4,sonar,12.0000,-2.0000,-5.2500,0.0268,-153.7435,0.0000,-0.0003,-0.0002,0.0000,0.0000
47.333,12.0263,-1.9949,-5.2500,-15.2439,3,3,TRACK,4,sonar,12.0000,-2.0000,-5.2500,0.0268,-153.7398,0.0000,-0.0003,-0.0002,0.0000,0.0000
47.367,12.0263,-1.9949,-5.2500,-15.2439,3,3,TRACK,4,sonar,12.0000,-2.0000,-5.2500,0.0268,-153.7357,0.0000,-0.0003,-0.0002,0.0000,0.0000
47.400,12.0262,-1.9949,-5.2500,-15.2439,3,3,TRACK,4,sonar,12.0000,-2.0000,-5.2500,0.0267,-153.7317,0.0000,-0.0003,-0.0002,0.0000,0.0000
47.433,12.0262,-1.9949,-5.2500,-15.2439,3,3,TRACK,4,sonar,12.0000,-2.0000,-5.2500,0.0267,-153.7276,0.0000,-0.0003,-0.0002,0.0000,0.0000
47.467,12.0262,-1.9949,-5.2500,-15.2439,3,3,TRACK,4,sonar,12.0000,-2.0000,-5.2500,0.0267,-153.7236,0.0000,-0.0003,-0.0002,0.0000,0.0000
47.500,12.0261,-1.9949,-5.2500,-15.2439,3,3,TRACK,4,sonar,12.0000,-2.0000,-5.2500,0.0266,-153.7196,0.0000,-0.0003,-0.0002,0.0000,0.0000
47.533,12.0261,-1.9949,-5.2500,-15.2439,3,3,TRACK,4,sonar,12.0000,-2.0000,-5.2500,0.0266,-153.7158,0.0000,-0.0003,-0.0002,0.0000,0.0000
47.567,12.0261,-1.9949,-5.2500,-15.2439,3,3,TRACK,4,sonar,12.0000,-2.0000,-5.2500,0.0266,-153.7118,0.0000,-0.0003,-0.0002,0.0000,0.0000
47.600,12.0261,-1.9949,-5.2500,-15.2439,3,3,TRACK,4,sonar,12.0000,-2.0000,-5.2500,0.0265,-153.7078,0.0000,-0.0003,-0.0002,0.0000,0.0000
47.633,12.0260,-1.9949,-5.2500,-15.2439,3,3,TRACK,4,sonar,12.0000,-2.0000,-5.2500,0.0265,-153.7037,0.0000,-0.0003,-0.0002,0.0000,0.0000
47.667,12.0260,-1.9949,-5.2500,-15.2439,3,3,TRACK,4,sonar,12.0000,-2.0000,-5.2500,0.0265,-153.6997,0.0000,-0.0003,-0.0002,0.0000,0.0000
47.700,12.0260,-1.9949,-5.2500,-15.2439,3,3,TRACK,4,sonar,12.0000,-2.0000,-5.2500,0.0265,-153.6956,0.0000,-0.0003,-0.0002,0.0000,0.0000
47.733,12.0259,-1.9949,-5.2500,-15.2439,3,3,TRACK,4,sonar,12.0000,-2.0000,-5.2500,0.0264,-153.6919,0.0000,-0.0003,-0.0002,0.0000,0.0000
47.767,12.0259,-1.9949,-5.2500,-15.2439,3,3,TRACK,4,sonar,12.0000,-2.0000,-5.2500,0.0264,-153.6876,0.0000,-0.0003,-0.0002,0.0000,0.0000
47.800,12.0259,-1.9949,-5.2500,-15.2439,3,3,TRACK,4,sonar,12.0000,-2.0000,-5.2500,0.0264,-153.6835,0.0000,-0.0003,-0.0002,0.0000,0.0000
47.833,12.0258,-1.9949,-5.2500,-15.2439,3,3,TRACK,4,sonar,12.0000,-2.0000,-5.2500,0.0263,-153.6798,0.0000,-0.0003,-0.0002,0.0000,0.0000
47.867,12.0258,-1.9949,-5.2500,-15.2439,3,3,TRACK,4,sonar,12.0000,-2.0000,-5.2500,0.0263,-153.6759,0.0000,-0.0003,-0.0002,0.0000,0.0000
47.900,12.0258,-1.9949,-5.2500,-15.2439,3,3,TRACK,4,sonar,12.0000,-2.0000,-5.2500,0.0263,-153.6717,0.0000,-0.0003,-0.0002,0.0000,0.0000
47.933,12.0257,-1.9950,-5.2500,-15.2439,3,3,TRACK,4,sonar,12.0000,-2.0000,-5.2500,0.0262,-153.6678,0.0000,-0.0003,-0.0002,0.0000,0.0000
47.967,12.0257,-1.9950,-5.2500,-15.2439,3,3,TRACK,4,sonar,12.0000,-2.0000,-5.2500,0.0262,-153.6638,0.0000,-0.0003,-0.0002,0.0000,0.0000
48.000,12.0257,-1.9950,-5.2500,-15.2439,3,3,TRACK,4,sonar,12.0000,-2.0000,-5.2500,0.0262,-153.6600,0.0000,-0.0003,-0.0002,0.0000,0.0000
48.033,12.0257,-1.9950,-5.2500,-15.2439,3,3,TRACK,4,sonar,12.0000,-2.0000,-5.2500,0.0261,-153.6560,0.0000,-0.0003,-0.0002,0.0000,0.0000
48.067,12.0256,-1.9950,-5.2500,-15.2439,3,3,TRACK,4,sonar,12.0000,-2.0000,-5.2500,0.0261,-153.6520,0.0000,-0.0003,-0.0002,0.0000,0.0000
48.100,12.0256,-1.9950,-5.2500,-15.2439,3,3,TRACK,4,sonar,12.0000,-2.0000,-5.2500,0.0261,-153.6480,0.0000,-0.0003,-0.0002,0.0000,0.0000
48.133,12.0256,-1.9950,-5.2500,-15.2439,3,3,TRACK,4,sonar,12.0000,-2.0000,-5.2500,0.0261,-153.6439,0.0000,-0.0003,-0.0002,0.0000,0.0000
48.167,12.0255,-1.9950,-5.2500,-15.2439,3,3,TRACK,4,sonar,12.0000,-2.0000,-5.2500,0.0260,-153.6403,0.0000,-0.0003,-0.0002,0.0000,0.0000
48.200,12.0255,-1.9950,-5.2500,-15.2439,3,3,TRACK,4,sonar,12.0000,-2.0000,-5.2500,0.0260,-153.6362,0.0000,-0.0003,-0.0002,0.0000,0.0000
48.233,12.0255,-1.9950,-5.2500,-15.2439,3,3,TRACK,4,sonar,12.0000,-2.0000,-5.2500,0.0260,-153.6323,0.0000,-0.0003,-0.0002,0.0000,0.0000
48.267,12.0255,-1.9950,-5.2500,-15.2439,3,3,TRACK,4,sonar,12.0000,-2.0000,-5.2500,0.0259,-153.6283,0.0000,-0.0003,-0.0002,0.0000,0.0000
48.300,12.0254,-1.9950,-5.2500,-15.2439,3,3,TRACK,4,sonar,12.0000,-2.0000,-5.2500,0.0259,-153.6246,0.0000,-0.0003,-0.0002,0.0000,0.0000
48.333,12.0254,-1.9950,-5.2500,-15.2439,3,3,TRACK,4,sonar,12.0000,-2.0000,-5.2500,0.0259,-153.6205,0.0000,-0.0003,-0.0002,0.0000,0.0000
48.367,12.0254,-1.9950,-5.2500,-15.2439,3,3,TRACK,4,sonar,12.0000,-2.0000,-5.2500,0.0259,-153.6165,0.0000,-0.0003,-0.0002,0.0000,0.0000
48.400,12.0253,-1.9950,-5.2500,-15.2439,3,3,TRACK,4,sonar,12.0000,-2.0000,-5.2500,0.0258,-153.6128,0.0000,-0.0003,-0.0002,0.0000,0.0000
48.433,12.0253,-1.9950,-5.2500,-15.2439,3,3,TRACK,4,sonar,12.0000,-2.0000,-5.2500,0.0258,-153.6089,0.0000,-0.0003,-0.0002,0.0000,0.0000
48.467,12.0253,-1.9950,-5.2500,-15.2439,3,3,TRACK,4,sonar,12.0000,-2.0000,-5.2500,0.0258,-153.6052,0.0000,-0.0003,-0.0002,0.0000,0.0000
48.500,12.0253,-1.9950,-5.2500,-15.2439,3,3,TRACK,4,sonar,12.0000,-2.0000,-5.2500,0.0257,-153.6012,0.0000,-0.0003,-0.0002,0.0000,0.0000
48.533,12.0252,-1.9950,-5.2500,-15.2439,3,3,TRACK,4,sonar,12.0000,-2.0000,-5.2500,0.0257,-153.5972,0.0000,-0.0003,-0.0002,0.0000,0.0000
48.567,12.0252,-1.9950,-5.2500,-15.2439,3,3,TRACK,4,sonar,12.0000,-2.0000,-5.2500,0.0257,-153.5934,0.0000,-0.0003,-0.0002,0.0000,0.0000
48.600,12.0252,-1.9950,-5.2500,-15.2439,3,3,TRACK,4,sonar,12.0000,-2.0000,-5.2500,0.0257,-153.5894,0.0000,-0.0003,-0.0002,0.0000,0.0000
48.633,12.0251,-1.9950,-5.2500,-15.2439,3,3,TRACK,4,sonar,12.0000,-2.0000,-5.2500,0.0256,-153.5854,0.0000,-0.0003,-0.0002,0.0000,0.0000
48.667,12.0251,-1.9950,-5.2500,-15.2439,3,3,TRACK,4,sonar,12.0000,-2.0000,-5.2500,0.0256,-153.5818,0.0000,-0.0003,-0.0002,0.0000,0.0000
48.700,12.0251,-1.9950,-5.2500,-15.2439,3,3,TRACK,4,sonar,12.0000,-2.0000,-5.2500,0.0256,-153.5777,0.0000,-0.0003,-0.0002,0.0000,0.0000
48.733,12.0251,-1.9950,-5.2500,-15.2439,3,3,TRACK,4,sonar,12.0000,-2.0000,-5.2500,0.0255,-153.5741,0.0000,-0.0003,-0.0002,0.0000,0.0000
48.767,12.0250,-1.9951,-5.2500,-15.2439,3,3,TRACK,4,sonar,12.0000,-2.0000,-5.2500,0.0255,-153.5701,0.0000,-0.0003,-0.0002,0.0000,0.0000
48.800,12.0250,-1.9951,-5.2500,-15.2439,3,3,TRACK,4,sonar,12.0000,-2.0000,-5.2500,0.0255,-153.5664,0.0000,-0.0003,-0.0002,0.0000,0.0000
48.833,12.0250,-1.9951,-5.2500,-15.2439,3,3,TRACK,4,sonar,12.0000,-2.0000,-5.2500,0.0255,-153.5628,0.0000,-0.0003,-0.0002,0.0000,0.0000
48.867,12.0249,-1.9951,-5.2500,-15.2439,3,3,TRACK,4,sonar,12.0000,-2.0000,-5.2500,0.0254,-153.5591,0.0000,-0.0003,-0.0002,0.0000,0.0000
48.900,12.0249,-1.9951,-5.2500,-15.2439,3,3,TRACK,4,sonar,12.0000,-2.0000,-5.2500,0.0254,-153.5547,0.0000,-0.0003,-0.0002,0.0000,0.0000
48.933,12.0249,-1.9951,-5.2500,-15.2439,3,3,TRACK,4,sonar,12.0000,-2.0000,-5.2500,0.0254,-153.5511,0.0000,-0.0003,-0.0002,0.0000,0.0000
48.967,12.0249,-1.9951,-5.2500,-15.2439,3,3,TRACK,4,sonar,12.0000,-2.0000,-5.2500,0.0253,-153.5474,0.0000,-0.0003,-0.0002,0.0000,0.0000
49.000,12.0248,-1.9951,-5.2500,-15.2439,3,3,TRACK,4,sonar,12.0000,-2.0000,-5.2500,0.0253,-153.5434,0.0000,-0.0003,-0.0002,0.0000,0.0000
49.033,12.0248,-1.9951,-5.2500,-15.2439,3,3,TRACK,4,sonar,12.0000,-2.0000,-5.2500,0.0253,-153.5397,0.0000,-0.0003,-0.0002,0.0000,0.0000
49.067,12.0248,-1.9951,-5.2500,-15.2439,3,3,TRACK,4,sonar,12.0000,-2.0000,-5.2500,0.0253,-153.5361,0.0000,-0.0002,-0.0002,0.0000,0.0000
49.100,12.0248,-1.9951,-5.2500,-15.2439,3,3,TRACK,4,sonar,12.0000,-2.0000,-5.2500,0.0252,-153.5321,0.0000,-0.0002,-0.0002,0.0000,0.0000
49.133,12.0247,-1.9951,-5.2500,-15.2439,3,3,TRACK,4,sonar,12.0000,-2.0000,-5.2500,0.0252,-153.5284,0.0000,-0.0002,-0.0002,0.0000,0.0000
49.167,12.0247,-1.9951,-5.2500,-15.2439,3,3,TRACK,4,sonar,12.0000,-2.0000,-5.2500,0.0252,-153.5248,0.0000,-0.0002,-0.0002,0.0000,0.0000
49.200,12.0247,-1.9951,-5.2500,-15.2439,3,3,TRACK,4,sonar,12.0000,-2.0000,-5.2500,0.0252,-153.5208,0.0000,-0.0002,-0.0002,0.0000,0.0000
49.233,12.0246,-1.9951,-5.2500,-15.2439,3,3,TRACK,4,sonar,12.0000,-2.0000,-5.2500,0.0251,-153.5168,0.0000,-0.0002,-0.0002,0.0000,0.0000
49.267,12.0246,-1.9951,-5.2500,-15.2439,3,3,TRACK,4,sonar,12.0000,-2.0000,-5.2500,0.0251,-153.5132,0.0000,-0.0002,-0.0002,0.0000,0.0000
49.300,12.0246,-1.9951,-5.2500,-15.2439,3,3,TRACK,4,sonar,12.0000,-2.0000,-5.2500,0.0251,-153.5096,0.0000,-0.0002,-0.0002,0.0000,0.0000
49.333,12.0246,-1.9951,-5.2500,-15.2439,3,3,TRACK,4,sonar,12.0000,-2.0000,-5.2500,0.0250,-153.5055,0.0000,-0.0002,-0.0002,0.0000,0.0000
49.367,12.0245,-1.9951,-5.2500,-15.2439,3,3,TRACK,4,sonar,12.0000,-2.0000,-5.2500,0.0250,-153.5019,0.0000,-0.0002,-0.0002,0.0000,0.0000
49.400,12.0245,-1.9951,-5.2500,-15.2439,3,3,TRACK,4,sonar,12.0000,-2.0000,-5.2500,0.0250,-153.4980,0.0000,-0.0002,-0.0002,0.0000,0.0000
49.433,12.0245,-1.9951,-5.2500,-15.2439,3,3,TRACK,4,sonar,12.0000,-2.0000,-5.2500,0.0250,-153.4943,0.0000,-0.0002,-0.0002,0.0000,0.0000
49.467,12.0245,-1.9951,-5.2500,-15.2439,3,3,TRACK,4,sonar,12.0000,-2.0000,-5.2500,0.0249,-153.4907,0.0000,-0.0002,-0.0002,0.0000,0.0000
49.500,12.0244,-1.9951,-5.2500,-15.2439,3,3,TRACK,4,sonar,12.0000,-2.0000,-5.2500,0.0249,-153.4868,0.0000,-0.0002,-0.0002,0.0000,0.0000
49.533,12.0244,-1.9951,-5.2500,-15.2439,3,3,TRACK,4,sonar,12.0000,-2.0000,-5.2500,0.0249,-153.4831,0.0000,-0.0002,-0.0002,0.0000,0.0000
49.567,12.0244,-1.9951,-5.2500,-15.2439,3,3,TRACK,4,sonar,12.0000,-2.0000,-5.2500,0.0249,-153.4791,0.0000,-0.0002,-0.0002,0.0000,0.0000
49.600,12.0243,-1.9951,-5.2500,-15.2439,3,3,TRACK,4,sonar,12.0000,-2.0000,-5.2500,0.0248,-153.4754,0.0000,-0.0002,-0.0002,0.0000,0.0000
49.633,12.0243,-1.9951,-5.2500,-15.2439,3,3,TRACK,4,sonar,12.0000,-2.0000,-5.2500,0.0248,-153.4719,0.0000,-0.0002,-0.0002,0.0000,0.0000
49.667,12.0243,-1.9952,-5.2500,-15.2439,3,3,TRACK,4,sonar,12.0000,-2.0000,-5.2500,0.0248,-153.4679,0.0000,-0.0002,-0.0002,0.0000,0.0000
49.700,12.0243,-1.9952,-5.2500,-15.2439,3,3,TRACK,4,sonar,12.0000,-2.0000,-5.2500,0.0247,-153.4642,0.0000,-0.0002,-0.0002,0.0000,0.0000
49.733,12.0242,-1.9952,-5.2500,-15.2439,3,3,TRACK,4,sonar,12.0000,-2.0000,-5.2500,0.0247,-153.4607,0.0000,-0.0002,-0.0002,0.0000,0.0000
49.767,12.0242,-1.9952,-5.2500,-15.2439,3,3,TRACK,4,sonar,12.0000,-2.0000,-5.2500,0.0247,-153.4567,0.0000,-0.0002,-0.0002,0.0000,0.0000
49.800,12.0242,-1.9952,-5.2500,-15.2439,3,3,TRACK,4,sonar,12.0000,-2.0000,-5.2500,0.0247,-153.4531,0.0000,-0.0002,-0.0002,0.0000,0.0000
49.833,12.0242,-1.9952,-5.2500,-15.2439,3,3,TRACK,4,sonar,12.0000,-2.0000,-5.2500,0.0246,-153.4491,0.0000,-0.0002,-0.0002,0.0000,0.0000
49.867,12.0241,-1.9952,-5.2500,-15.2439,3,3,TRACK,4,sonar,12.0000,-2.0000,-5.2500,0.0246,-153.4455,0.0000,-0.0002,-0.0002,0.0000,0.0000
49.900,12.0241,-1.9952,-5.2500,-15.2439,3,3,TRACK,4,sonar,12.0000,-2.0000,-5.2500,0.0246,-153.4419,0.0000,-0.0002,-0.0002,0.0000,0.0000
49.933,12.0241,-1.9952,-5.2500,-15.2439,3,3,TRACK,4,sonar,12.0000,-2.0000,-5.2500,0.0246,-153.4383,0.0000,-0.0002,-0.0002,0.0000,0.0000
49.967,12.0241,-1.9952,-5.2500,-15.2439,3,3,TRACK,4,sonar,12.0000,-2.0000,-5.2500,0.0245,-153.4347,0.0000,-0.0002,-0.0002,0.0000,0.0000
50.000,12.0240,-1.9952,-5.2500,-15.2439,3,3,TRACK,4,sonar,12.0000,-2.0000,-5.2500,0.0245,-153.4311,0.0000,-0.0002,-0.0002,0.0000,0.0000
50.033,12.0240,-1.9952,-5.2500,-15.2439,3,3,TRACK,4,sonar,12.0000,-2.0000,-5.2500,0.0245,-153.4274,0.0000,-0.0002,-0.0002,0.0000,0.0000
50.067,12.0240,-1.9952,-5.2500,-15.2439,3,3,TRACK,4,sonar,12.0000,-2.0000,-5.2500,0.0245,-153.4238,0.0000,-0.0002,-0.0002,0.0000,0.0000
50.100,12.0240,-1.9952,-5.2500,-15.2439,3,3,TRACK,4,sonar,12.0000,-2.0000,-5.2500,0.0244,-153.4199,0.0000,-0.0002,-0.0002,0.0000,0.0000
50.133,12.0239,-1.9952,-5.2500,-15.2439,3,3,TRACK,4,sonar,12.0000,-2.0000,-5.2500,0.0244,-153.4162,0.0000,-0.0002,-0.0001,0.0000,0.0000
50.167,12.0239,-1.9952,-5.2500,-15.2439,3,3,TRACK,4,sonar,12.0000,-2.0000,-5.2500,0.0244,-153.4126,0.0000,-0.0002,-0.0001,0.0000,0.0000
50.200,12.0239,-1.9952,-5.2500,-15.2439,3,3,TRACK,4,sonar,12.0000,-2.0000,-5.2500,0.0244,-153.4091,0.0000,-0.0002,-0.0001,0.0000,0.0000
50.233,12.0239,-1.9952,-5.2500,-15.2439,3,3,TRACK,4,sonar,12.0000,-2.0000,-5.2500,0.0243,-153.4054,0.0000,-0.0002,-0.0001,0.0000,0.0000
50.267,12.0238,-1.9952,-5.2500,-15.2439,3,3,TRACK,4,sonar,12.0000,-2.0000,-5.2500,0.0243,-153.4014,0.0000,-0.0002,-0.0001,0.0000,0.0000
50.300,12.0238,-1.9952,-5.2500,-15.2439,3,3,TRACK,4,sonar,12.0000,-2.0000,-5.2500,0.0243,-153.3982,0.0000,-0.0002,-0.0001,0.0000,0.0000
50.333,12.0238,-1.9952,-5.2500,-15.2439,3,3,TRACK,4,sonar,12.0000,-2.0000,-5.2500,0.0243,-153.3942,0.0000,-0.0002,-0.0001,0.0000,0.0000
50.367,12.0238,-1.9952,-5.2500,-15.2439,3,3,TRACK,4,sonar,12.0000,-2.0000,-5.2500,0.0242,-153.3907,0.0000,-0.0002,-0.0001,0.0000,0.0000
50.400,12.0237,-1.9952,-5.2500,-15.2439,3,3,TRACK,4,sonar,12.0000,-2.0000,-5.2500,0.0242,-153.3871,0.0000,-0.0002,-0.0001,0.0000,0.0000
50.433,12.0237,-1.9952,-5.2500,-15.2439,3,3,TRACK,4,sonar,12.0000,-2.0000,-5.2500,0.0242,-153.3834,0.0000,-0.0002,-0.0001,0.0000,0.0000
50.467,12.0237,-1.9952,-5.2500,-15.2439,3,3,TRACK,4,sonar,12.0000,-2.0000,-5.2500,0.0242,-153.3799,0.0000,-0.0002,-0.0001,0.0000,0.0000
50.500,12.0237,-1.9952,-5.2500,-15.2439,3,3,TRACK,4,sonar,12.0000,-2.0000,-5.2500,0.0241,-153.3763,0.0000,-0.0002,-0.0001,0.0000,0.0000
50.533,12.0236,-1.9952,-5.2500,-15.2439,3,3,TRACK,4,sonar,12.0000,-2.0000,-5.2500,0.0241,-153.3727,0.0000,-0.0002,-0.0001,0.0000,0.0000
50.567,12.0236,-1.9952,-5.2500,-15.2439,3,3,TRACK,4,sonar,12.0000,-2.0000,-5.2500,0.0241,-153.3691,0.0000,-0.0002,-0.0001,0.0000,0.0000
50.600,12.0236,-1.9952,-5.2500,-15.2439,3,3,TRACK,4,sonar,12.0000,-2.0000,-5.2500,0.0241,-153.3656,0.0000,-0.0002,-0.0001,0.0000,0.0000
50.633,12.0236,-1.9953,-5.2500,-15.2439,3,3,TRACK,4,sonar,12.0000,-2.0000,-5.2500,0.0240,-153.3617,0.0000,-0.0002,-0.0001,0.0000,0.0000
50.667,12.0235,-1.9953,-5.2500,-15.2439,3,3,TRACK,4,sonar,12.0000,-2.0000,-5.2500,0.0240,-153.3581,0.0000,-0.0002,-0.0001,0.0000,0.0000
50.700,12.0235,-1.9953,-5.2500,-15.2439,3,3,TRACK,4,sonar,12.0000,-2.0000,-5.2500,0.0240,-153.3545,0.0000,-0.0002,-0.0001,0.0000,0.0000
50.733,12.0235,-1.9953,-5.2500,-15.2439,3,3,TRACK,4,sonar,12.0000,-2.0000,-5.2500,0.0240,-153.3509,0.0000,-0.0002,-0.0001,0.0000,0.0000
50.767,12.0235,-1.9953,-5.2500,-15.2439,3,3,TRACK,4,sonar,12.0000,-2.0000,-5.2500,0.0239,-153.3469,0.0000,-0.0002,-0.0001,0.0000,0.0000
50.800,12.0234,-1.9953,-5.2500,-15.2439,3,3,TRACK,4,sonar,12.0000,-2.0000,-5.2500,0.0239,-153.3438,0.0000,-0.0002,-0.0001,0.0000,0.0000
50.833,12.0234,-1.9953,-5.2500,-15.2439,3,3,TRACK,4,sonar,12.0000,-2.0000,-5.2500,0.0239,-153.3398,0.0000,-0.0002,-0.0001,0.0000,0.0000
50.867,12.0234,-1.9953,-5.2500,-15.2439,3,3,TRACK,4,sonar,12.0000,-2.0000,-5.2500,0.0239,-153.3366,0.0000,-0.0002,-0.0001,0.0000,0.0000
50.900,12.0234,-1.9953,-5.2500,-15.2439,3,3,TRACK,4,sonar,12.0000,-2.0000,-5.2500,0.0238,-153.3327,0.0000,-0.0002,-0.0001,0.0000,0.0000
50.933,12.0233,-1.9953,-5.2500,-15.2439,3,3,TRACK,4,sonar,12.0000,-2.0000,-5.2500,0.0238,-153.3295,0.0000,-0.0002,-0.0001,0.0000,0.0000
50.967,12.0233,-1.9953,-5.2500,-15.2439,3,3,TRACK,4,sonar,12.0000,-2.0000,-5.2500,0.0238,-153.3255,0.0000,-0.0002,-0.0001,0.0000,0.0000
51.000,12.0233,-1.9953,-5.2500,-15.2439,3,3,TRACK,4,sonar,12.0000,-2.0000,-5.2500,0.0238,-153.3220,0.0000,-0.0002,-0.0001,0.0000,0.0000
51.033,12.0233,-1.9953,-5.2500,-15.2439,3,3,TRACK,4,sonar,12.0000,-2.0000,-5.2500,0.0237,-153.3188,0.0000,-0.0002,-0.0001,0.0000,0.0000
51.067,12.0232,-1.9953,-5.2500,-15.2439,3,3,TRACK,4,sonar,12.0000,-2.0000,-5.2500,0.0237,-153.3148,0.0000,-0.0002,-0.0001,0.0000,0.0000
51.100,12.0232,-1.9953,-5.2500,-15.2439,3,3,TRACK,4,sonar,12.0000,-2.0000,-5.2500,0.0237,-153.3113,0.0000,-0.0002,-0.0001,0.0000,0.0000
51.133,12.0232,-1.9953,-5.2500,-15.2439,3,3,TRACK,4,sonar,12.0000,-2.0000,-5.2500,0.0237,-153.3078,0.0000,-0.0002,-0.0001,0.0000,0.0000
51.167,12.0232,-1.9953,-5.2500,-15.2439,3,3,TRACK,4,sonar,12.0000,-2.0000,-5.2500,0.0236,-153.3042,0.0000,-0.0002,-0.0001,0.0000,0.0000
51.200,12.0231,-1.9953,-5.2500,-15.2439,3,3,TRACK,4,sonar,12.0000,-2.0000,-5.2500,0.0236,-153.3007,0.0000,-0.0002,-0.0001,0.0000,0.0000
51.233,12.0231,-1.9953,-5.2500,-15.2439,3,3,TRACK,4,sonar,12.0000,-2.0000,-5.2500,0.0236,-153.2971,0.0000,-0.0002,-0.0001,0.0000,0.0000
51.267,12.0231,-1.9953,-5.2500,-15.2439,3,3,TRACK,4,sonar,12.0000,-2.0000,-5.2500,0.0236,-153.2936,0.0000,-0.0002,-0.0001,0.0000,0.0000
51.300,12.0231,-1.9953,-5.2500,-15.2439,3,3,TRACK,4,sonar,12.0000,-2.0000,-5.2500,0.0235,-153.2900,0.0000,-0.0002,-0.0001,0.0000,0.0000
51.333,12.0230,-1.9953,-5.2500,-15.2439,3,3,TRACK,4,sonar,12.0000,-2.0000,-5.2500,0.0235,-153.2869,0.0000,-0.0002,-0.0001,0.0000,0.0000
51.367,12.0230,-1.9953,-5.2500,-15.2439,3,3,TRACK,4,sonar,12.0000,-2.0000,-5.2500,0.0235,-153.2830,0.0000,-0.0002,-0.0001,0.0000,0.0000
51.400,12.0230,-1.9953,-5.2500,-15.2439,3,3,TRACK,4,sonar,12.0000,-2.0000,-5.2500,0.0235,-153.2794,0.0000,-0.0002,-0.0001,0.0000,0.0000
51.433,12.0230,-1.9953,-5.2500,-15.2439,3,3,TRACK,4,sonar,12.0000,-2.0000,-5.2500,0.0234,-153.2758,0.0000,-0.0002,-0.0001,0.0000,0.0000
